OFF
9656 19308 0
-0.1063436271139607 0.7070959084420817 -0.17780156427532143
-0.10752132672703842 0.6959338631018108 -0.17856128183274037
-0.12200361088248975 0.714870215196077 -0.15136374990805956
-0.1256540266637059 0.6782118477485927 -0.13536960474843213
-0.12271243394165292 0.6762352440366581 -0.14231894634249584
-0.1213015121817612 0.6436069529415464 -0.13894623377479084
-0.10962035292094413 0.6195442767739842 -0.14374822464203177
-0.09090566629073991 0.6445044562067462 -0.17132410946532162
-0.09062804378945902 0.6536139875602903 -0.1726023663302187
-0.08664336251863981 0.6426382297618017 -0.18821903245534227
-0.08561369280752223 0.6377176590066106 -0.18942351042865277
-0.08535514663751918 0.6358270708949069 -0.18273431137084514
-0.08247530621339749 0.6418488820252642 -0.19976673362153846
-0.10311304159481882 0.6269649274154868 -0.16008638973594042
-0.09019563830919033 0.6141628889706344 -0.16972839565422201
-0.09318029089563369 0.57978604845382 -0.14116693992376653
-0.09845534261738285 0.5890819560730686 -0.14108995337080954
-0.0794061199747302 0.5715687500197301 -0.1635333113525526
-0.07672937620656428 0.6018292760711285 -0.17766605622631576
-0.0922919863280008 0.6059549833632075 -0.1637439146210873
-0.09076497746561978 0.6200590289406102 -0.17047129646824905
-0.083260342478058 0.5892954499065365 -0.16555414048537756
-0.0793745233777539 0.5659103705191898 -0.1505957572926398
-0.10398428752294073 0.6888623705851176 -0.1771274375445061
-0.111256134103465 0.6860110188581966 -0.16949029418566494
-0.11597298730577914 0.6762980664045147 -0.15230877764092396
-0.12033601134096358 0.6725957091224655 -0.146286107648149
-0.10290376527045392 0.6680970327054226 -0.16425110445015711
-0.1032178482256928 0.744309772023884 -0.17401433759032628
-0.11338996175318733 0.7410159743129051 -0.1644850485714581
-0.09377819241431402 0.5802280194755853 -0.1267171844950476
-0.09925624918546233 0.5873634759438096 -0.13047685508501963
-0.11393819937376083 0.6155632269107766 -0.0975993916552757
-0.10709350076130726 0.6072286220583593 -0.08666211948275146
-0.08877048923896703 0.5698988857846979 -0.08596381829415767
-0.09262508273522967 0.5600510999847468 -0.07736458814224202
-0.12432457903791558 0.6878646056517896 -0.14032753663058029
-0.12858270075126824 0.7527097776601339 -0.12305312692636819
-0.10470859178177257 0.7850807087812102 -0.1401727506967527
-0.11824878701498255 0.763593888856914 -0.14028503444820625
-0.13408541739266197 0.7451107435089219 -0.0986864842763001
-0.12990935928116074 0.7659468947474464 -0.08399370692808043
-0.13016231473988366 0.7616484144617354 -0.10335026499758725
-0.11888442971054539 0.7885445768329775 -0.07637294089952311
-0.11990800518388173 0.783200776156257 -0.10451810000869996
-0.1017831238136553 0.806101724723307 -0.0820047001202303
-0.10278758414956653 0.7997467296514189 -0.11376462680515013
-0.11588793013865832 0.7402561908241231 -0.033510679583900756
-0.12155065768374279 0.7576231428025256 -0.046937387262614844
-0.10513165610905167 0.7534153172544051 -0.023671470874811508
-0.10954252453755425 0.7679185012671625 -0.03396660306944399
-0.11553011543830832 0.688716283753445 -0.16631415153328913
-0.13487284675142447 0.7323325785371064 -0.09888480997484939
-0.13286789005951147 0.7370314026373019 -0.07308071722464693
-0.13383296297232364 0.7331116046570249 -0.08028469312442973
-0.12689582911963354 0.7131554080758179 -0.05517443541046625
-0.10495359308909365 0.6242190462046463 -0.05127817487058063
-0.09764596998840752 0.6386594108575376 -0.039639527833977624
-0.08181159078037625 0.6457612594616634 -0.026038931132597663
-0.09886093301634112 0.5899278158427202 -0.04414700675103707
-0.09724611842672441 0.5810343178305304 -0.03906564206358866
-0.09073081689984071 0.5837262532095979 -0.02304044333671324
-0.09068057394642653 0.6011615477016217 -0.033628388385966164
-0.0777484593502764 0.5893118968956962 -0.013175333568274819
-0.06958423490311198 0.5900364259705867 -0.010023576194777945
-0.07221351011259663 0.6051164420637762 -0.018676609534852347
-0.07236065707779306 0.5431599524974506 -0.09154254150379709
-0.09303718629069435 0.5751630210070414 -0.013026655966383317
-0.11665301806910859 0.6683780895486321 -0.045685509461537537
-0.08258919884204186 0.5760886250862806 -0.0018728844832658375
-0.07651643088486589 0.62666615754831 -0.024970623206793156
-0.06969961545665336 0.6695373762981229 -0.013182444834636192
-0.10778330595868156 0.6417219020089356 -0.16005066452893965
-0.11304456065144039 0.6422403308925207 -0.15436583516901523
-0.1223417178923272 0.6847553141453523 -0.14572970708794403
-0.08626737936844579 0.79241029194924 -0.15023835114966017
-0.0883877802275572 0.7700283790323412 -0.17040870980470182
-0.08010020187695502 0.8176294157597697 -0.08719916767388966
-0.0827897721399478 0.8089641223046458 -0.12149534773744841
-0.09385372546045466 0.7816862875911867 -0.027453586357560546
-0.08788293202458523 0.7596279422137415 -0.01306321790676746
-0.06635222364292502 0.7675944494399701 -0.009389772508018299
-0.0714047104203782 0.7927998679074918 -0.02673985402676951
-0.11954144086075409 0.647123782710315 -0.1468037119233097
-0.12445930986323632 0.6499629720030211 -0.13304734088519898
-0.12717784265383497 0.6593069547943845 -0.12223847889700062
-0.12838549512580313 0.7559117874757415 -0.06196234704583082
-0.12215895279970526 0.7715836467230396 -0.05626080285114423
-0.1142761132019467 0.7833775343689596 -0.05146676280434973
-0.09931066698678408 0.7993294189068949 -0.05096181659750242
-0.07640539667860359 0.8119801806602156 -0.0531139088738201
-0.07768017966670075 0.5991950467909898 -0.17604732051924998
-0.07777719411958003 0.5667503649650555 -0.13512132523411535
-0.07963879659162992 0.6357588150901486 -0.1863947334542369
-0.09815509217821596 0.5897831059077708 -0.08620372140121207
-0.10183930094750161 0.5772659593570793 -0.05492298204235353
-0.10168332647006373 0.605947863467302 -0.048859687500956046
-0.0626081774020495 0.6243131365118343 -0.01807902034719529
-0.0686652043201449 0.5643298415742788 -0.11586365028430923
-0.07548370875216634 0.6298523125067222 -0.18741887717535247
-0.0796672840175525 0.6286826725271301 -0.18147139671836368
-0.07829503100894043 0.6348403410946298 -0.18878459603369319
-0.0791969273669413 0.6361026420222347 -0.19208323672899089
-0.08168684730361181 0.6473299583719199 -0.19956226771956181
-0.06349447738770267 0.5620193935141972 -0.11899793894687595
-0.09661228260136671 0.6863750021481635 -0.176415834406886
-0.08057018476437547 0.679607339049173 -0.18500004482873258
-0.08102775060138931 0.6767788492070528 -0.1818897708111724
-0.084617072618205 0.6709309137877043 -0.17350525778857737
-0.0920476100347934 0.6652999643510272 -0.16905116042724178
-0.1103947335363445 0.6548043261750801 -0.15946140419437643
-0.1147707010070709 0.6707798573236684 -0.1537152143828665
-0.11823471452693013 0.6629063859801213 -0.05637332772874966
-0.12001708723701977 0.6453314305318077 -0.07787736880167916
-0.11734166012606642 0.6485538354459679 -0.07358628682738443
-0.13139703429181954 0.7022740949034347 -0.07905645178533444
-0.13112997244847063 0.705216347541575 -0.08366420924882599
-0.12735407176448463 0.693601348679251 -0.0871617104138365
-0.1315535373287945 0.7071146157487374 -0.09954925037792554
-0.12273854061323139 0.6535143968967264 -0.0815300718081896
-0.1234176165908014 0.6584663689997882 -0.08590980287393193
-0.11684117947730276 0.6528236112041788 -0.06799719197252212
-0.041512855060006244 0.7759648451897776 -0.014762707112194674
-0.04578814237583919 0.801721785435406 -0.03515450863359218
-0.09630655301090352 0.7233101232640674 -0.01266028288552583
-0.08555319357920177 0.7428822293270877 -0.007603633471682471
-0.06572629963669747 0.7411118487212336 -0.0011749978568920583
-0.12540108372500708 0.6807377676504899 -0.08687292321612193
-0.10738103283000792 0.6996694792878412 -0.025416013668220012
-0.117163712117469 0.6914497755245421 -0.036276866257306584
-0.08100691640534044 0.715615496539801 -0.004199601916416831
-0.05751055935680478 0.7152336148861324 0.0013743482961269063
-0.07972032103078745 0.6742535369718062 -0.18562436224515516
-0.07350804563067517 0.6732539971779301 -0.190856331561767
-0.07593480803746754 0.6510253680951353 -0.2013321682064321
-0.07300215384817972 0.6782497505042231 -0.1899808323213715
-0.062451542750338936 0.8095221260878719 -0.13319391114118043
-0.06746503183640737 0.7903429085704958 -0.16058360744204792
-0.05090127673333902 0.8186812477502501 -0.06378190710812015
-0.05671343952314041 0.8202835845145856 -0.09884417337696168
-0.07447491100420871 0.5697497677336743 -0.16688293401391288
-0.07614792506969953 0.6170251621457892 -0.1835167011752477
-0.0519186677206613 0.6092639358309749 -0.01345883115325171
-0.09698122317432674 0.677069050361573 -0.16858899482403675
-0.09871261548345134 0.5565017155288646 -0.060064331862136944
-0.07112559052522921 0.7663398387226736 -0.17821375918434326
-0.03519239976739856 0.6877459242046524 -0.005719754100387667
-0.04196906885008408 0.7122443151389717 0.000831402491220068
-0.06251663482318524 0.5433032077478385 -0.10179778510283474
-0.0994404350801186 0.564962908857387 -0.04401094263869943
-0.04368287937836112 0.5790877211213886 0.0009364975128498348
-0.03919340454259454 0.7432769418078935 -0.0027261703415861205
-0.08097337892705224 0.6012230609286952 -0.17395829133126045
-0.13042020359243278 0.6961839815884218 -0.07395724846942019
-0.13527702573218522 0.699888664142764 -0.07591775765458932
-0.13709970782997666 0.7020096531561382 -0.0652191814041472
-0.13697443768563267 0.7001387374238043 -0.0618766415476908
-0.1383729460792293 0.6940516760137903 -0.0561763375563567
-0.13846702246362264 0.686180845766169 -0.05297057791413945
-0.13776190457372914 0.6800970112341199 -0.05287186902964343
-0.13492956068139014 0.6679524060190137 -0.056055669025512816
-0.126565922194895 0.6910168064049755 -0.07088256136777174
-0.12542947331708207 0.6770249957565209 -0.07556197091901844
-0.12364049778563012 0.6785816879741683 -0.07400655102382726
-0.12300826035445994 0.6782545412945765 -0.06867505583535323
-0.1240823031588017 0.6652348578180108 -0.08382581688562452
-0.12648672184404186 0.673134184975283 -0.05815460159472178
-0.12464987788380184 0.6669454959662207 -0.060007903618513235
-0.13162141251586953 0.6567026267260239 -0.06325119228079269
-0.1303404618110751 0.7025715320723016 -0.061951161171376536
-0.13844799528082471 0.6766837381767784 -0.05732361761765048
-0.1292983240325431 0.6636705853036591 -0.07169119886930989
-0.13451093829492264 0.676278283867731 -0.061452996608331215
-0.12625604267864873 0.6801010689935522 -0.06531197491040192
-0.1285552290787353 0.6737684694041797 -0.06518590420739642
-0.1269509850642733 0.6703834756330848 -0.06858730983120524
-0.13717339859773717 0.6804462321648206 -0.05989379171848543
-0.1389948666964825 0.6869156771689094 -0.06007217551464011
-0.14010551901106255 0.6933257120359871 -0.06134075973812026
-0.07018683441506983 0.5209495951080307 -0.08069122539449233
-0.07694340276085662 0.5265755316923303 -0.07907201966837366
-0.1367486411413728 0.6993309003311469 -0.07020023338480452
-0.12424818459407055 0.6827558839058839 -0.06984868956423596
-0.10511077682371621 0.506912754849293 -0.048254075532867056
-0.11574567814395484 0.5150808619651472 -0.03319190092807093
-0.1197262591257027 0.4824377566624909 -0.06731676013836904
-0.11031852122531843 0.4609324293901724 -0.07384568931405704
-0.14172761422566643 0.48780880943441574 -0.0486710745090501
-0.1297281265165741 0.32442179578258434 -0.08395315371333377
-0.11929817363883871 0.31808284431541345 -0.08854863381267977
-0.10815920156026188 0.30023482265052376 -0.08670003448191156
-0.18577234208498894 0.3927487547018651 -0.052597266393075645
-0.13653076683917306 0.5161733609864357 -0.020014530863648156
-0.15323927691251235 0.5064321614851971 -0.02472664866162532
-0.15279976748934948 0.24684645478797818 0.019930954207923568
-0.15383478563009825 0.4053100475625889 -0.07185674474234366
-0.2547144107253007 0.23682901566795264 0.04018636324061119
-0.24118565740947706 0.22179657762502902 0.04414378569659396
-0.15063499355815732 0.15921581946637905 0.003931705639067788
-0.15268171687723525 0.14048156739162831 -0.0008555489396129108
-0.25188737230412434 0.4109807454365766 -0.022556294414041996
-0.16946853878329332 0.31974223889664416 0.054373690410048844
-0.17128832913478428 0.32428549792867256 0.035961125067173
-0.16710671179010023 0.3096766233196957 0.03939002277174375
-0.16017838208383173 0.29011520340477004 0.026015415830407236
-0.1639302929162377 0.38191128397604546 -0.06774472336109758
-0.11522147399367193 0.29907115491583774 -0.08064003342346318
-0.15155913836609738 0.13773598439600587 -0.02432115229756921
-0.1426942673201327 0.14771068425860182 -0.04326670807811398
-0.12420630192551183 0.27023560133043867 -0.05986884601927321
-0.1288518847921289 0.13550284420139286 -0.0626322854987013
-0.12575526399910036 0.15797936091560996 -0.05995434331408464
-0.19001464875705862 0.3761042119463711 -0.01457759612477525
-0.20091999531096527 0.3808752883275766 -0.03390376200411383
-0.14732157420395145 0.13154859996483576 0.023979656048739945
-0.12759763644292102 0.11665603971905408 -0.06491350427928892
-0.08577796046693983 0.32339580464501794 -0.10470481254829858
-0.09042471840123353 0.30365937465401577 -0.09737561759038564
-0.09771498207264907 0.33018854591553376 -0.10363880844486321
-0.07265786438331283 0.3115875946340645 -0.10399315367258855
-0.0837626932375747 0.291070130210365 -0.09774065735593525
-0.0882351333419051 0.45966244755549857 -0.08149711964353688
-0.06834031315714052 0.4514258714849595 -0.08887466702033278
-0.08738676195782545 0.47809147385417994 -0.07961360733748203
-0.09232482242784396 0.5025204947337766 -0.0616932685515305
-0.1828273975632255 0.36437273266769354 -0.03197861422557606
-0.13926285394372365 0.46041116188769926 0.0982377390472184
-0.17058347235440208 0.5179192444625771 -0.0068121146200426416
-0.18229259160978054 0.40273733373994747 0.08782535609453607
-0.18190586204222414 0.37196947630688554 0.06752542817164167
-0.13945253858195988 0.3225572073198737 0.09994809400348433
-0.14145582287222788 0.297381187386587 0.08720637244245692
-0.04011133108548007 0.4427570306458546 0.08552951937397382
-0.025415441656032718 0.4339057142879086 0.08303464024656247
-0.07607932099150942 0.4812069143874398 0.08809247851740787
-0.17080514449537793 0.33277778665421087 0.07138728703713497
-0.18023514254193293 0.35744737932842763 0.06585291398439073
-0.18230891569432656 0.36277821314525754 0.06056302496480279
-0.1331203683924625 0.5425571544375519 -0.004670689040403883
-0.13772159709770943 0.5438398771686329 0.012832558314742247
-0.12054023161003814 0.5536800595241705 0.0113315595435945
-0.08721932232671314 0.5384182263663699 0.04965675100183729
-0.09398547918002181 0.5414836821456949 0.0463317124658193
-0.09736191799575152 0.5351246779929971 0.05376614469584542
-0.03622311881832541 0.36338055752224874 0.10396358970615113
-0.03609480684045477 0.34330702515021577 0.10473406150664126
-0.006598350912231406 0.3478479283984449 0.0925401257428732
-0.024382258340250703 0.3731642237645536 0.09939040699886423
-0.18309818545541579 0.3823100884963195 0.07913943559291185
-0.1855631749470104 0.38112182530790456 0.06911946152693489
-0.18072346266251568 0.36898427910365517 0.07410021484367213
-0.17619104465472404 0.3628802250405942 0.07953955348592938
-0.14637684668026332 0.3359965748211622 0.0997703915946744
-0.15972794379049715 0.35228389534614946 0.0940569601320838
-0.027675008371154806 0.2799614133912253 0.09673337576693196
-0.18270563786356267 0.38139582902405744 0.01306844763049683
-0.18116078828463955 0.36445817633368227 0.021280226090252777
-0.18756612251466592 0.3609832005891478 0.0041279383805999745
-0.2009962303912656 0.37015553642280574 0.08938803908708608
-0.1780668230739041 0.33896481616184004 0.03816345782980251
-0.18451495226667322 0.326258425325287 0.031372399967519206
-0.18168628997053002 0.3431315393533805 0.028195361471397097
-0.18867707438244846 0.5141769800605352 0.012602093525864623
-0.2684582327272436 0.24178901117141652 0.04946771645441044
-0.17934330894272496 0.29439874344936107 0.06884444822159493
-0.17378249952707564 0.32142932980437544 0.0598241835337329
-0.1773139215990419 0.3208405600138543 0.07251244426616833
-0.12855283665145203 0.2672772501413052 0.0819728062151917
-0.0952277311596659 0.1764636836105157 0.07284518179322451
-0.11221733527658054 0.1847225696793729 0.06117458486833886
-0.11831702000839732 0.1512562093194893 0.06391367770034018
-0.1353978278013347 0.1411296679522912 0.04773001641177128
-0.11326743253467735 0.5581759926361837 0.009537817704564433
-0.1396362404106382 0.0358473008193948 0.05687419138429503
-0.07267868357178302 0.5621865033219027 0.01799762570525608
-0.14143202877229888 0.055317384009601574 0.04864493191997755
-0.10864723503223442 0.5577592304103879 -0.01395536534580451
-0.12142285497833563 0.5505741778279051 -0.006890855614602599
-0.10186908699593385 0.5298260441706995 -0.042277963281286975
-0.16216377523048583 0.008879089024593197 0.006807916969793388
-0.1642152190044348 -0.019039031831594718 0.009519054291402335
-0.08558900333209175 0.5680285166490189 0.0087840647801934
-0.14853485666800997 0.1186160298919823 0.0227029467162584
-0.09073164239695249 -0.09972287748846892 0.10649627043208865
-0.10076515969724428 -0.1143784707095945 0.10365285713008343
-0.07159506185552145 -0.11283212292970746 0.10338608806107745
-0.05514914778296155 -0.1068028547848427 0.10566574219079392
-0.041952044273224014 -0.11174570188489796 0.09897060018535077
-0.00971987401632115 -0.11187793665197732 0.09445146565985964
-0.017128582630823456 0.03447648344066623 0.11853957730446132
-0.03160563810746872 0.03510802419680861 0.11940421408479457
-0.12317942469983512 0.12365421039663821 0.06612469141419233
-0.10191723515858482 0.13763075305361494 0.07636915816854331
-0.17367725494762146 -0.16062742530823626 0.02435452352333115
-0.17353771408348295 -0.18222294129994754 0.03348108188672381
-0.16802680259291228 -0.13624187848331415 0.05375050772974496
-0.12635059883052652 -0.13961798704297562 0.09873946717482963
-0.09554681093845982 0.10600715396845013 -0.08692354281229457
-0.05869573607860176 0.10779921825251558 -0.11350850426109768
-0.02918540965466649 -0.04075847431750859 -0.09512925057046735
-0.04177553411618898 -0.12211026788321379 0.09099399117290624
-0.014731690073637088 -0.11785595469740275 0.07638766703878985
-0.16584329070623846 -0.16586787635143418 -0.009514439125714287
-0.11748045527891915 -0.15378695674643594 -0.04813525195349271
-0.024130942628337874 -0.12532187790242078 -0.05775954627866151
-0.02169238416350159 -0.1283807772716326 -0.04464112363187242
-0.04137062032606238 -0.11046980351093438 -0.06956973450601643
-0.036796636258741355 -0.10924729357105734 -0.07900910578624741
-0.032625630662280164 -0.08723462850524834 0.11984738946440751
-0.06130144710653818 0.1379445132058309 0.085094653200268
-0.0767736637107972 0.17065804045728372 0.07926588602173446
-0.08058212869385646 0.32534272438712397 0.10980724844818619
-0.1093027568823432 0.3197728293957652 0.10927175131647539
-0.05037840306460856 0.4561093176214613 0.0853702738277454
-0.06513494058004787 -0.15143429093626382 0.10195663252871114
-0.03519794802071937 -0.14348428195639834 0.08057718715440251
-0.12365083064263066 -0.18446485223687786 0.10773796474705671
-0.1455294964109696 -0.19488750935164334 0.09722297510631717
-0.1632648425390809 -0.20512525901761894 0.07462043717727222
-0.04112860439160596 -0.18129283303714736 -0.01663887311656562
-0.051894340956592254 -0.19010091718242758 -0.021326535964723673
-0.07255407844136477 -0.047531890697824375 -0.07966128080164264
-0.08393508772725364 -0.06916540094283463 -0.0692313992678823
-0.10260466381698044 -0.027709338596137775 -0.06381507236983265
-0.04974838682082221 0.12110813462804247 -0.11713206470057931
-0.09335917584238712 0.15026464132396178 -0.08894819488897117
-0.07826906444759726 0.10974101393023583 -0.1016433887462402
-0.09027999213800195 0.21270638284298732 -0.09546326497861814
-0.07372067572101683 0.3993890447613503 -0.10428695708499865
-0.018965053151908082 -0.15417808784539805 0.05632154541063553
-0.028151630394706837 -0.18551692882977092 0.07496482634175582
-0.1505953415679343 0.1236259270167984 -0.027259833455931703
-0.1484078165673708 0.10453946249441275 -0.027963081583504395
-0.1532166606616193 0.27833301120169845 -0.008323804096979076
-0.1412201873455144 -0.2535818885864069 -0.014615822929173973
-0.13568373469749165 -0.28743910203093703 -0.005162479670309978
-0.04265875710529498 -0.2506655336605794 0.01923852887625267
-0.045365673235712334 -0.2829511673622372 0.03265856080187347
-0.16641039706058558 -0.20439502926757697 0.0005158641887921558
-0.16742482403963427 -0.27513446341789727 0.047208349964628187
-0.17070412445041014 -0.24227044774186346 0.04207497125778568
-0.0980099592271045 -0.1632259924529914 0.10904276184506118
-0.04319143175505495 -0.2462276402555051 0.10115179022878223
-0.16232814156076136 -0.3083869613567367 0.05363187343641343
-0.15155330037417064 -0.31895209481846387 0.026338647256603422
-0.15580955152869252 -0.31599293106045 0.08560704891704125
-0.14534350625598952 -0.28910893082008826 0.10719098676748887
-0.10960047001472573 -0.30490692370253447 0.13630618892168372
-0.08538956997579139 -0.26632360844620184 0.13209299922051812
-0.047661930745212654 -0.3129943714018405 0.1060604604406336
-0.04083799494409545 -0.2864785796099066 0.09486700435852315
-0.05506014277791892 -0.2920428435802843 0.1165169014067462
-0.060920102140928384 -0.38117802910958865 0.1327869535505018
-0.10012294314671695 -0.3726790396652736 0.1466446441190612
-0.1273835517991529 -0.43952775387078696 0.1551328679778231
-0.15464208543238797 -0.41221105810125774 0.10021485687125703
-0.1542230277306029 -0.4429205999026413 0.10279205172964359
-0.05043888686335503 -0.4199663548597532 0.10005759408997543
-0.07099525361757232 -0.42027104406075244 0.06486045325894736
-0.07649496992883544 -0.44759751080244026 0.07381450475363628
-0.0902132756621497 -0.44800506325080625 0.05013821965115002
-0.08977667985982443 -0.42667534180549027 0.03975324967919865
-0.15295988302044938 -0.3524709500668913 0.09115185703692857
-0.12831934849031237 -0.344422637976833 0.12888003005199458
-0.04984320995575293 -0.34039679713476234 0.11146642117920548
-0.1350188086990237 -0.4082697439628918 0.04432373796004727
-0.11756797280903458 -0.3728363331202603 0.02257875490140039
-0.15325650441760905 -0.38861847839264807 0.09618468573462509
-0.11401407194108566 -0.36364093274621256 0.14083897836409043
-0.05463302259441842 -0.3533201272684821 0.12044431171733368
-0.11147371652969083 -0.45662465146968867 0.04523033992585589
-0.1344741799083179 -0.4487903268809534 0.052065227897836984
-0.1365025903112113 -0.4296264997500332 0.04957512035023503
-0.11402541321611427 -0.4296684345604793 0.03527549546573316
-0.11197193290136567 -0.47695620229765157 0.05837861505970083
-0.1554820227864118 -0.4778034733937664 0.10179279328419423
-0.1553080477284681 -0.45858776547578217 0.12902751497411158
-0.14398000411613326 -0.4796608045647126 0.0768327939149298
-0.06294653583905321 -0.4844191114767259 0.128051943392058
-0.07463416328742564 -0.4771168714073027 0.15494299848852094
-0.07149839948865201 -0.455037206192503 0.14614269579395517
-0.08397364748145074 -0.44716936574042976 0.15713530187909847
-0.08329763393292323 -0.48361196225572395 0.16985688430080917
-0.09828879278305487 -0.4789783531911018 0.17459018162297768
-0.13343545304488075 -0.4839111097153301 0.1676323892962776
-0.1570111764502348 -0.5083221264221913 0.10040293353589955
-0.13936393970350408 -0.5395778905018038 0.0814987501932358
-0.1580590596951543 -0.5386343015041674 0.09914213314675864
-0.14004550176881522 -0.5162122872374137 0.07984378437245847
-0.12913558480128173 -0.6778270247527955 0.09555121187635016
-0.06635182430919695 -0.5194704871042437 0.116304626523451
-0.08473726689049031 -0.5054175218251074 0.1770355976416148
-0.07544230776569145 -0.49531104164272144 0.16501398499528114
-0.16291975652710292 -0.5494665660698154 0.1334400200237118
-0.05770004445941068 -0.5842159725688324 0.12305453870943954
-0.05343062408378039 -0.6225149365210274 0.14428650007468044
-0.06322865282923053 -0.5774792415499698 0.17164749146684252
-0.0671459743125084 -0.5405268138045843 0.16830244642274234
-0.16002359601565172 -0.5987420404688849 0.1364923740316987
-0.15813560875642538 -0.5989969678451696 0.10938082440750144
-0.11747279969544966 -0.5971553881440279 0.08261448039157175
-0.0636348206148926 -0.697350846521054 0.14268464090097296
-0.06496961781888193 -0.6922793556910117 0.12689055480188183
-0.06091762539018108 -0.657743574035268 0.1280690988885286
-0.06041701707413866 -0.667377661749047 0.14391652555260553
-0.06878532772437335 -0.6521665852681131 0.1689704611370436
-0.06440135128519221 -0.6149558385517919 0.17273562983598872
-0.1339080402805936 -0.7130584353387375 0.15674753395409077
-0.14197180345084137 -0.7034763318685205 0.116964530043932
-0.14829233891494853 -0.6595474277845318 0.11104600054435815
-0.10824964511478775 -0.7073515659163396 0.09674319605851255
-0.1201279956128162 -0.7544546386868806 0.10229820117283361
-0.06753274625933209 -0.7314947011177962 0.12738112584644865
-0.07027039012718815 -0.7196232863733092 0.1616851781332641
-0.08167949958167085 -0.6974304124191028 0.17229791877802472
-0.0798425605930586 -0.7343889608694744 0.1693043525256488
-0.11161228641210102 -0.7090317638885156 0.17330258232864926
-0.12354648376547853 -0.7151854178915434 0.16688398138298605
-0.010183033578405826 -0.13252184518245103 0.03499941094258024
-0.010355736737009485 -0.13511193058441817 0.0150721973214147
-0.01197913354857378 -0.13221100137201192 -2.906562341879893e-05
-0.05740446987244279 -0.36668945015116 0.04998044659936311
-0.06822322863478687 -0.4624435525358347 0.09244999253865534
-0.07250584983205471 -0.4881410873564962 0.09625341869284576
-0.07404426729810894 -0.557011950311306 0.10287133369574131
-0.07062426100117494 -0.6382813354335246 0.10809519401442201
-0.07643399825183736 -0.7316037514687875 0.11346368313853797
-0.0850385009388267 -0.10419320366900503 -0.05384931506300086
-0.012115189553506297 -0.13081689399835855 -0.030673586098995977
-0.017897929731639922 -0.1298856648182939 -0.03827599929397815
-0.015076617537034542 -0.1303571476967697 -0.03915808905226547
-0.1470560975774961 -0.3978919416615945 0.06837617464463652
-0.11147370536315733 -0.336096344392935 0.13840364846852876
-0.09488279563043081 -0.3299506215718655 0.14200401295593293
-0.06699325648254166 -0.3846286138339029 0.04435382703518802
-0.09204793821695335 -0.398008538847908 0.02990754479983194
-0.0721635123873554 -0.3784655079649398 0.035562469814494416
-0.0934180709260364 -0.5422562638116893 0.08795076242051221
-0.116041093774064 -0.5187350155469501 0.07418627314571768
-0.12001504907741449 -0.5145974421582594 0.18216519938901224
-0.09871826036122723 -0.5317649445461572 0.18686865997537722
-0.11807870180856747 -0.538641199251684 0.1869941971248085
-0.09864147472012662 -0.3425614458099331 0.01022254074988479
-0.08762386183648155 0.2002617726585262 0.07473001710192552
-0.14545463701072994 0.30406056643884666 -0.04487598299864119
-0.13117096331657097 0.28304763281881595 -0.05386943530029826
-0.15221895894498708 0.30886294448680796 -0.03541997401450045
-0.1813707268020531 0.37483256720401653 0.004045837391434252
-0.08100415255629863 0.2617696417576395 -0.09938978221595017
-0.05835576834855668 -0.04497395434363993 -0.08559997118641485
-0.01934956199816677 -0.11133532741146235 -0.08162919943194687
-0.009514825548116425 -0.11631150042024391 -0.072396849219127
-0.06398324375626531 0.5121900640862319 0.06127437074080312
-0.040131715541372376 0.5561166783466015 0.021230371791605026
-0.16869142141644441 -0.09683377733332271 0.04114293360071232
-0.17268912719112087 -0.1240541233363337 0.014273808780472281
-0.07015301591807431 -0.13053286053803803 0.10123261372294372
-0.20309326727252852 0.2734963922785796 0.10619641999653735
-0.061764164717150245 0.3700414417749406 0.1081271922476219
-0.21002009600796104 0.49809158407132237 -0.015179105704287148
-0.21523599437740662 0.4806227427115493 -0.037606814161730735
-0.19145958044606334 0.48503526692562154 0.057515789500116744
-0.023741819069069428 0.0063231715340046095 0.12667513830553978
-0.02193642696004557 0.1903624210531818 0.07865067150307542
-0.04372372000062562 0.18781010906696055 0.08143612833831264
-0.08519485244776777 0.36015511848680204 0.11523715747812492
-0.1041588140760576 0.33448276386635245 0.11313341849306983
-0.0720700677332248 0.36105312633016806 -0.10889811632309315
-0.2188366757227124 0.3105035296204351 0.10735917315843699
-0.21000646255438546 0.29144474546457383 0.10886658769258926
-0.12694735118899686 -0.10851870455411318 0.09538793267973777
-0.15089781755038947 -0.0973894748254485 0.07561087935290786
-0.12887768468611388 0.21770297580007966 0.0547628684112261
-0.1263872101640744 0.20089864717606562 0.049860409574209334
-0.14854234843978914 0.2836916102942556 0.06825475623589046
-0.06282804545741628 -0.08914281406072022 -0.07027671727329779
-0.057515396124764064 -0.08245113283959271 -0.08515975735584282
-0.18362597614569204 0.3755173416810046 0.05361831080415267
-0.1905784751509058 0.41652621555051605 -0.051649358221250975
-0.1723166612129495 0.41055940857681006 -0.059140394283958404
-0.15126309329285992 0.44237250784421117 -0.0597654757551388
-0.12108684736970948 0.505910490569147 -0.0377254328421703
-0.07293301594763983 0.4835785404891044 -0.08181679990833546
-0.04815589357137551 0.5360839621792197 0.039936770139183606
-0.0761027296993247 0.5362349677764453 0.049648754813112365
-0.04705636084140162 0.5305144769263835 0.04326212368039054
-0.08358404594835181 0.5245112658831012 -0.0719571944078274
-0.27747747243396165 0.2437851756510906 0.0652448305143639
-0.26843376657281887 0.28859568572174477 0.0505987400790732
-0.1008470251769708 0.5649349401052147 -0.021372129219086666
-0.2792729371477 0.2520887394606416 0.07924443184864614
-0.1963933022654394 0.4701893581718435 -0.04636708020874105
-0.0932671997803762 0.539505094507662 -0.06572598904776479
-0.08290389853669068 0.5343710589600199 -0.07812160988630472
-0.17071173657249927 -0.09344805109482379 0.004972091065618013
-0.14699626687535458 0.1796447182856029 0.007438323951146874
-0.039927595930115 0.1932867373236203 -0.12199897807272056
-0.054310086602183213 0.20301201214061765 -0.1166525921294122
-0.060866911292111754 0.535035574865485 -0.0956100866222858
-0.03771396458804327 0.12144376921283864 -0.11820002021388124
-0.04013853339266838 -0.05630470060930786 -0.09566886804481663
-0.08045524132880923 0.1545565972192683 -0.1011075364386079
-0.17782872709189923 0.3650894138419229 0.0032043513452774675
-0.06300116142275805 0.2901377810381773 -0.1059315665536262
-0.013389176984596738 -0.12345408945774838 0.05598029962229989
-0.002671436685724903 -0.12093547496975987 0.035941219266623095
0.005149882936073747 -0.11814052403536679 0.04781438527157132
-0.0921872528446422 -0.6191756992290296 0.0926868194004622
-0.09021336082193862 -0.7047408531822635 0.10223259090801509
-0.27220534867490004 0.24805304690773566 0.11004259886240093
-0.27831875941231504 0.25072599635953885 0.09462533314431838
-0.17970963850334964 0.2953337555650861 0.05635593194436079
-0.200000627348102 0.2662665164222258 0.048233756591674004
-0.19743373279944987 0.25063272005814796 0.07345439546212343
-0.2324326620717709 0.2667257139960905 0.12097775998722766
-0.2594114643734162 0.26250761605820144 0.11657519908998595
-0.21463312843968077 0.2807403516760175 0.026051916612432478
-0.264909667367002 0.370980914984991 0.011844562574979914
-0.186962124734637 0.3849626129809296 -0.006446384121645168
-0.18839134057632126 0.38528438628029227 -0.003014501618546795
-0.1987673981820223 0.3778428446817672 -0.02329295373569077
-0.2554959553438195 0.3050762167089681 0.027151465014635025
-0.21928998357613638 0.34441229953658975 -0.0055446056284769165
-0.14587515040356025 0.3187617644393664 -0.06067822910368635
-0.11269886433924996 0.23962204056121092 -0.06960968661138493
-0.06977378290442846 0.496969557434542 -0.07749517693468443
-0.18810143640993762 0.35303121777272994 0.08457020849534297
-0.11762122460968262 0.36185311363149614 0.11621665892447051
-0.10824347057494642 0.36862398874083546 0.11876817447677748
-0.265478684228983 0.38979467615485924 0.038947830544387343
-0.1429456010966136 -0.029640650089679945 0.06571833502008433
-0.12409393186804354 0.0905208982024064 -0.06406940001945484
-0.045510886628425035 -0.11032401562300564 -0.04909242524267095
-0.017007542797957804 -0.19623492714685983 0.029351469655655334
-0.0206891810921106 -0.21933124937680604 0.041403262380299136
-0.07886385803176517 -0.21404348202513748 0.11874782851874238
-0.12345236614528311 -0.3459433840627934 0.01488168181625751
-0.09418429627490689 -0.5782315026386446 0.1901890157201164
-0.11592970387680145 -0.5759247501995886 0.18941320461990177
-0.1367184025265832 -0.5493347243930812 0.17827444501436904
-0.13511658069425336 -0.5789407452252233 0.17925809337854692
-0.1129299672738809 -0.6650070358114476 0.1779503953445764
-0.13254637505286945 -0.6044247824987091 0.17839356037973983
-0.15939148175082876 -0.09142857512101948 -0.024825147109714275
-0.08639166927809941 -0.08164623171654584 -0.05810585283922682
-0.11189445883145231 0.16412767494638963 -0.0712083140993066
-0.13862932082541843 0.19031854334065823 -0.030870085848260426
-0.1467462058197258 0.20822100693550483 0.012633676913687265
-0.14587687770542354 0.19180808802066976 0.009768353075483656
-0.13963020415357758 0.20464236541448352 0.032607504085078
-0.14220582562875894 0.22137564815162908 0.037094164735547934
-0.12726587594825967 0.18971806657811086 0.04713412540738471
-0.1400993056289897 0.186853369554054 0.028314465872482982
-0.06261719752019439 0.2316296626084395 0.08864740606222012
-0.07350864389255166 0.22897284633675746 0.08628153446699195
-0.14403763070101996 -0.1366718520014808 -0.039717346869388284
-0.17957692204657608 0.36620701332096056 0.029042287480611235
-0.2684542637246552 0.31363718530526885 0.05946364218690804
-0.20319239666997338 0.3254392227928469 0.0061237428727081294
-0.2547566609142904 0.3708320492729215 -0.005071742336368439
-0.23666147562056958 0.3836820232116712 -0.0245831750557484
-0.13158968063022758 -0.02247653225653725 -0.054691797555187965
-0.13191940710075492 -0.04828217675952412 -0.04921268266712922
-0.15235377905975667 -0.03177796678496528 -0.03899222548435973
0.001405994180198268 -0.11876677026354686 0.03321710058234203
-0.06449034474710863 -0.09304097273019196 -0.056034155991955076
-0.044302233937320544 -0.3364779611733282 0.09734260739595495
-0.0465571113769575 -0.35578795273660063 0.10615451811446897
-0.0676537341686107 -0.4799649638738954 0.14230191607345968
-0.06217831582254912 -0.5216587878384271 0.135652487798177
-0.06547288364978751 -0.6962994473271009 0.15506158689750807
-0.16599355057843496 0.4798179320472256 -0.04071357087458055
-0.18068541457972134 0.37783534418379006 0.01978754086881751
-0.20024728084054805 0.3491797339133269 -0.003373499082314365
0.019680350169844714 -0.10827494763401391 0.10348797622641487
-0.25351870119259695 0.2890815078307276 0.10775173386845933
-0.26522946785395873 0.28437955749989574 0.10023626366371223
-0.18262259843880888 0.38956650956439287 0.009372199697796929
-0.32624081063418126 0.027284099731566595 0.09443032841255782
-0.32922932267061433 0.030402316729895826 0.1070809894384686
-0.3170028045968198 0.03708843040696039 0.08693552622887724
-0.26807081513437675 0.02075541842901699 0.11090217302300803
-0.2715840811325772 0.03709224817976203 0.09682874832063419
-0.29512579168956504 0.03304108388715807 0.0847293113492364
-0.26703711619814774 0.031517668336553756 0.13803101685150768
-0.23208925556146695 0.13419950006182846 0.09273031520547191
-0.2342820862565624 0.11806791544231035 0.09832725934733944
-0.32634907504054017 0.06670961656089619 0.11041827679286907
-0.28553028679872444 0.10793786604656619 0.07884650396741118
-0.2634090474765423 0.12320783163843242 0.08109422623473672
-0.3165247964506878 0.12485546038401069 0.11729101580442525
-0.3156486551973423 0.12917462907605326 0.10369677067346333
-0.2883640668434126 0.07671300272049009 0.07977526007536596
-0.2795502715071234 0.003805055184382957 0.13838815629745913
-0.2899157054532409 0.0031019140878605373 0.09298371999537088
-0.25454078423502563 0.07699529608386438 0.09490487999404815
-0.25900519947204614 0.08373521210107732 0.08851312294998546
-0.3133153321230353 0.08013279982731206 0.08786963787770284
-0.3058910557666085 0.0682934792342482 0.14749778872843475
-0.24878983635408453 0.07385860103257022 0.13095610523109852
-0.2422098455630112 0.10549411422059593 0.1365179562376492
-0.29857772580527764 0.12293824178564419 0.08194398176073689
-0.3081253646611012 0.14020694018715926 0.09160541493843784
-0.31252264829853205 0.1479455503582251 0.10706365876155158
-0.3062789269667066 0.17154236867134695 0.1117931757554459
-0.29065835791988215 0.19340251378620157 0.12479532345769061
-0.2715502214080362 0.14082466438303776 0.1549848747447867
-0.2565365260617082 0.13497286541533246 0.15205672119987113
-0.21674638989355027 0.1938192303553235 0.11361254212365118
-0.2160304436724704 0.1842505363354798 0.10221871811791619
-0.21249232468853435 0.20140590724379487 0.0967009666619936
-0.23332937490645683 0.19031338656670657 0.06371529931982825
-0.22560483868190914 0.1815778991459942 0.07600866743003852
-0.2954384154852097 0.193281708816775 0.09762287103009923
-0.2914679410470974 0.20491707687221503 0.09651745365919029
-0.22918875289439353 0.15870902974717216 0.08501495316270985
-0.2991232548196359 0.1820093527080167 0.09679420673525217
-0.26647625228347915 0.17411869081450826 0.14979062387200237
-0.21191344402107995 0.20964454498817217 0.10737612944574446
-0.20707394437309898 0.22169159376107264 0.08843182433425743
-0.2268275254385955 0.2247286644110617 0.047383721430851455
-0.28115910303289293 0.22217888438218605 0.07199458380252428
-0.28513447579514406 0.22555742088244612 0.08753373335578446
-0.2884246936722006 0.21004833091580374 0.10994224767786269
-0.28378394480046687 0.22579618794383316 0.10315761129219857
-0.2196951267043685 0.17797039826405756 0.08947438797987861
-0.313982089308017 0.04281629136869147 0.143270279268714
-0.3021874142095166 0.07702267016871198 0.08121078844654919
-0.31974198123041947 0.014691421954753123 0.08560952744995362
-0.2788094590740987 0.158650098919505 0.08052991610376418
-0.26853454362916773 0.1961384216308893 0.14067174499394403
-0.2789926990414217 0.19914966154802466 0.1326588799498828
-0.2988863154159531 0.13646829843824798 0.14075819906816303
-0.24525307093873794 0.18797534303654997 0.14499685498807527
-0.25421451797547123 0.19746575577645903 0.1435275146413551
-0.2735112652901402 0.19409697950751917 0.07024888439916926
-0.2784840218503703 0.18536821138623058 0.07633801414619963
-0.25108047877333034 0.2456719636484889 0.12794812262198527
-0.2603060800678524 0.21558276253528272 0.13692074031747203
-0.27077631899349586 0.21263288527862054 0.06002610588360928
-0.2401957750834526 0.19901652059853694 0.14063596412308174
-0.2244557503743418 0.13780237607211565 0.10540348441205973
-0.2621408255739216 0.030708946915126465 0.1239938058341772
-0.23899187199567692 0.16710534736570737 0.14537640659494588
-0.23223051318084964 0.19101634800867032 0.13665165569400572
-0.2710584124021103 0.008762776506893362 0.12690929729823722
-0.30855088285214954 0.15217044858575826 0.12241577926671948
-0.032607280908187555 0.478954798119052 0.06618744221405658
-0.15754544878344476 0.29182354320153403 -0.0032515403630253405
-0.16504149089973166 0.33081218837157444 -0.012046022811907949
-0.02360796941304829 0.11281956685665483 -0.12115498506361161
-0.025052585751850882 0.10199122071168332 -0.12073761295455102
-0.12879594076359327 0.6996251509276092 -0.058192049058923244
-0.12576166762508384 0.6920781904937207 -0.05229922221183928
-0.009763358952803317 0.10676014008902684 0.08405182294415034
-0.011325285559014563 0.11781633076939586 0.08171195834807644
-0.10762898708007054 0.06366096760937884 0.08364060734691006
-0.1268581602438879 0.06432079168874141 0.06824688613659932
-0.12310054146593197 0.05120288859922744 0.0724888463698795
-0.14519293800284425 0.0781624924535401 0.046136206626974166
-0.15281937212534358 0.08178614961481431 0.022801090674123933
-0.1525354248362325 0.0687903372887051 0.022375732198337515
-0.15002220318636628 0.05713274126209242 -0.026984482069804434
-0.08823199252301468 0.031544326953459934 -0.07278841230331279
-0.03138408958555116 0.004756191926041016 -0.09326070511676289
-0.014394703368964907 -0.022026819718904047 -0.09558475073568505
-0.1558267985850761 0.4596952524044038 -0.05154255741750602
-0.16322594401192553 0.5289819401941546 0.014895176126722438
-0.10672774515858607 0.5293632059865442 0.061147523761364175
-0.08259431624724127 0.527088461880418 0.058321238291897094
-0.21082395973815543 0.5005369897575592 0.007491969785299336
-0.2619797707866667 0.4311129043194926 0.008634545220414914
-0.26110839336548897 0.4210490876117592 0.0290955218264801
-0.08248665482159387 0.3821931167884984 0.11882008870945837
-0.12591595527720367 0.3950035198376691 0.11632595501044614
-0.21636057939836545 0.38324599548610805 -0.031603990406342757
-0.21645991656150432 0.3713017035107642 -0.022274151934500018
-0.19101423101937115 0.38778226245738023 0.08029011732586916
-0.18889736973498353 0.3969147608296746 0.08085147954519656
-0.22930631854433375 0.40876342064099824 0.07682504481832046
-0.19757218155277262 0.3930591708044135 0.08429223060422938
-0.24496816775545402 0.4690874062794721 -0.018525975352677772
-0.22959294822879608 0.4696657063755667 -0.039117484083971095
-0.1987817850945257 0.3645907082057679 -0.009010849916713054
-0.22404699007707238 0.4446274982247196 -0.047309159679312804
-0.24321898644312034 0.4740419211222253 0.003587492748794394
-0.259662215811652 0.3854831800608397 0.05676701420229193
-0.21359617524213126 0.4313990924007514 0.07439578429847432
-0.20343151242071844 0.3856518359447975 0.08713382636417094
-0.20798122795469148 0.46201895398441406 -0.04990174378983038
-0.19600426559570164 0.45441419233651115 -0.051787904096552734
-0.24277977117412416 0.17108002559349442 0.14836328895986825
-0.23485357496242698 0.30169695675502006 0.10924303789424598
-0.3018009519125013 0.11504533576829488 0.14433468274350036
-0.25670493134733785 0.11643892955806777 0.14977666049319593
-0.33719149622545197 -0.04730431968664739 0.08602953822130252
-0.3438336459877616 -0.04977523731930339 0.09448790224395623
-0.31935569198155656 -0.07309617407246621 0.08435926010955992
-0.31257670390534165 -0.08080445771945771 0.09053661905341949
-0.29665631168733697 -0.060509179120159684 0.11601601537855241
-0.3261920109930241 -0.0580439681104673 0.13545312224125897
-0.34374304883803913 -0.07911045013831453 0.13200008498733823
-0.34081445771282515 -0.05261713455914113 0.12659568946146418
-0.32245858562234625 -0.004463574606186653 0.08435993741144127
-0.2831627387206344 -0.021450577853718924 0.11505588882880621
-0.34313507711614305 -0.03987676601876439 0.10704066935568103
-0.34672295509660706 -0.05651485112801585 0.10752013410406584
-0.33481054893740975 -0.00868859685874068 0.1230012598481674
-0.33491325345556217 -0.0333901800697628 0.12913395091304447
-0.30483949248599035 -0.05853629684170314 0.13358050454027406
-0.3019766137186966 -0.02445756550053912 0.1423573644438809
-0.31547862331715937 0.010662178871183177 0.14238984815550434
-0.32736541262578944 -0.03413926108293003 0.13602661965431104
-0.3361973435101414 -0.09091772381548435 0.13457058297249905
-0.32852660454292265 -0.16563083432984627 0.08469931409841812
-0.3139052496711389 -0.14450988390597191 0.0745292645278436
-0.32148072594244753 -0.15051617889501473 0.05486172788635765
-0.33443587315450146 -0.17124018162241655 0.07189945732431888
-0.32356457406273437 -0.16139253585782665 0.0730097057821213
-0.34038516693006526 -0.1714943070446745 0.06761205603950673
-0.3430537519262463 -0.18040617449268917 0.07350273279704832
-0.35026684195523083 -0.1791864309334007 0.07136649509177401
-0.35632405284840674 -0.16888355335518107 0.07371830625690327
-0.36314435161330505 -0.16675468521915793 0.09411577079988351
-0.3640952914349559 -0.17822438775992205 0.09564440216756522
-0.3547809497832242 -0.16189443460847042 0.12542725671250157
-0.35941128384022175 -0.17577184977069504 0.1177874038313928
-0.3295835877743457 -0.16146565308623845 0.10966953986869521
-0.34387443037997323 -0.1698035057345457 0.05913200986705933
-0.34799300962793744 -0.16758294241826532 0.06577461520411003
-0.30946811594513124 -0.11875888599161694 0.11651945244232213
-0.3211544916102349 -0.11063204016905141 0.07795353858513197
-0.3210481616008532 -0.09923953943928736 0.08176902804782679
-0.3124842938231254 -0.11427484571131431 0.08942625445661673
-0.31218646044919895 -0.12748676235395695 0.07719125509721089
-0.32150340885534806 -0.12267163676893578 0.06943782782365257
-0.31309868007647174 -0.1168900190351379 0.1299018509572032
-0.35495213023248307 -0.22694208479063743 0.06823625787006248
-0.334617988944507 -0.12733474572272208 0.14130754068614784
-0.33941452128905175 -0.1827675777514483 0.07920288102391633
-0.3308524150009776 -0.16399692501204122 0.10809763098480937
-0.3417107225943349 -0.20299212763794883 0.11549495236822763
-0.343650181331926 -0.2057629102954921 0.1109000767540368
-0.3375906315117693 -0.10351019707061071 0.13582447785309687
-0.3366110494901039 -0.17125775030689921 0.14583007373129342
-0.33610606052986697 -0.15016181998639788 0.05072424280552589
-0.3324115361398203 -0.16951207989303188 0.09571387025061308
-0.32793582793089754 -0.17187162137403858 0.14605166599056182
-0.3456085383578486 -0.16581660932433473 0.05572986622176962
-0.30882649504663234 -0.11401733826939298 0.10909546759816326
-0.3463157296073395 -0.09343134114032288 0.13095280254955854
-0.3123557872740279 -0.09068561696689437 0.09283825507707603
-0.3476617114213698 -0.1863414336160083 0.07279618357128384
-0.3560789207104306 -0.18851421747246827 0.0727191552242988
-0.3115739408442116 -0.1276970881795607 0.12089060394889783
-0.3420550121058912 -0.19516688217811526 0.0853896390324076
-0.3651390592937299 -0.21460243974421084 0.0728999068595257
-0.3495796360364294 -0.20726725116418446 0.08746037595773638
-0.3630811602040262 -0.18973748164941098 0.09614364690799636
-0.33556154687882556 -0.18964414553381537 0.1160128757602947
-0.32771086001227323 -0.08849052054977957 0.13417140335423836
-0.349675519162052 -0.19231221353898648 0.1302478712751839
-0.34269812954442375 -0.19323378726339152 0.13371504986194016
-0.34895022051128777 -0.20078642654876716 0.07419629974873715
-0.35442713092650624 -0.20121165865267626 0.07156713494757157
-0.3557702856296132 -0.2086411390095226 0.08938340050072638
-0.3623862961235846 -0.2084529805844879 0.08700001317428575
-0.3506259870208727 -0.17783053636098964 0.13213244698259569
-0.3612551350302784 -0.20228787489798905 0.08974150656923194
-0.3216775698849169 -0.15869596748193449 0.12632369484306785
-0.35066605832965186 -0.12332410008380673 0.08600754000009563
-0.3544355272295757 -0.11543454762380945 0.09831115308084905
-0.33621507255339705 -0.19599702625554072 0.1331676274806612
-0.337245781394634 -0.19864329055082075 0.13123643523630948
-0.3530600959442185 -0.11487692783754211 0.11987317724338001
-0.3590700640117518 -0.19424184150348142 0.1162275794474332
-0.3572570416941875 -0.14089942055830085 0.11307847096092116
-0.35495597473572477 -0.11531183924260396 0.11084300713140549
-0.36746123333056246 -0.22762801355090057 0.07537650672272057
-0.35227889428339093 -0.08927475123517353 0.12178569816244215
-0.35417117703442763 -0.09200839484874279 0.11133507525131645
-0.3639127636569592 -0.19048679817600114 0.10505357604888373
-0.3611929503029828 -0.2270002404261129 0.08400881614165548
-0.3660870332430588 -0.22830186142987244 0.08063708435647697
-0.34532320901795693 -0.20263133074040512 0.09576630448941507
-0.3538970452512644 -0.13423994965699215 0.08596424554920173
-0.3522846589320419 -0.14712439798263593 0.0721865450865591
-0.3424890468077322 -0.11961347764646657 0.07721514792633456
-0.35613436200929033 -0.24326430848260308 0.06594278829378317
-0.3486846455683458 -0.09316922528155164 0.08862990192273162
-0.31791813222080795 -0.14590307262299124 0.13750262341862315
-0.353417830680814 -0.09255514094923978 0.09959262548666012
-0.3589913431657602 -0.23805942396968133 0.06463735629236189
-0.3472717871411019 -0.20615893161487817 0.11689515492650483
-0.32620916669144284 -0.15796295910691388 0.04865981355115021
-0.33954169066523154 -0.1721647357894761 0.04248694710735659
-0.3286068860085422 -0.15301424673971376 0.048977755748574124
-0.31698481726919403 -0.13895996990503406 0.11453901875285534
-0.33813739356334116 -0.14495688983859462 0.14329544853658097
-0.3631224037528839 -0.19811850599871705 0.07648253976450375
-0.3187948667430781 -0.1441727781839775 0.10407309273828551
-0.33309359297079993 -0.1710119629450452 0.06069789797251853
-0.3326841123479281 -0.16851611620217705 0.0666746751813859
-0.3601280873646102 -0.20071474943148837 0.11280722782038266
-0.36406038364450516 -0.20021263913948015 0.10437675435761588
-0.36484631240115317 -0.20255575429659067 0.08163409163600052
-0.330292699167779 -0.1832512415621207 0.12415216965178306
-0.35523253487069084 -0.19987504488420726 0.11920848164674448
-0.32950246960512264 -0.18065405514639193 0.1461806284965623
-0.35504671060398996 -0.24050328422584083 0.07646078196200562
-0.36655222378494823 -0.24534311981387527 0.07246718769714992
-0.32170045787335755 -0.12288416738224663 0.13921992767570227
-0.31151690840402396 -0.09330287100983631 0.1259167066866569
-0.3432722262498149 -0.20356655750376867 0.10421140026113054
-0.3655519100346677 -0.2458372721677657 0.0763484074794729
-0.36480228790222763 -0.2474897640437379 0.06595405819061395
-0.3590346938882668 -0.2451492428745254 0.0638609643115218
-0.3598898183271695 -0.24976720736529556 0.07742824339158948
-0.3561316724137571 -0.2495943956293416 0.0745048401982368
-0.36349024351891485 -0.26863373665431467 0.06302559602390483
-0.3661809578111865 -0.25793389554534407 0.06882507737270302
-0.3657584127128923 -0.2725997326074259 0.06691752513489206
-0.36508087523768074 -0.2710639386033699 0.0647410676893105
-0.35768792490501333 -0.25314941455590295 0.06353051157520308
-0.3571532635753712 -0.2620802700724956 0.06464715442422828
-0.3616427257974997 -0.26086217249546484 0.07573497264802917
-0.361863005746781 -0.27077839527541303 0.07272533383971136
-0.3646194982633845 -0.273626274276766 0.06994610378972742
-0.3552173664181415 -0.2530525619239047 0.069188259030506
-0.3563875909667347 -0.2630867085665296 0.06831970847861527
-0.36213616639113233 -0.2729445854722703 0.07099050243649638
-0.3591110377908503 -0.27095681863547877 0.07041374090938884
-0.3593096459067297 -0.235081497047987 0.09345906536822605
-0.36581299700324965 -0.22959867276069137 0.09738433365698856
-0.362729681389747 -0.20752138117138985 0.09911347948733093
-0.36313053090434566 -0.22906895792275728 0.09519005233114536
-0.3539796040439411 -0.23315876123620438 0.10949644054525105
-0.35172993095916066 -0.23448046499042724 0.10581411917018455
-0.35478375228800063 -0.2089274723029522 0.11395958011200188
-0.36153734351956807 -0.2100984482033968 0.11140225083612199
-0.3529957628904462 -0.23282435108127786 0.09692427603846537
-0.3637394807515418 -0.23294534576916331 0.10867121975520842
-0.35863220733435125 -0.2356480389318266 0.11018127684471148
-0.36289522902596294 -0.24376836187348289 0.1064194179361502
-0.361949831582551 -0.25744665881742895 0.09382039363978574
-0.3531807757584046 -0.24868503514817103 0.10540028530788546
-0.3535851551009019 -0.2601974879693943 0.1033862076274553
-0.36337067518968735 -0.2714515934735101 0.09724891348359165
-0.3617923340847929 -0.28347138828177726 0.09439152257963329
-0.3636194522451314 -0.2587717170065024 0.09907873488193286
-0.353788582725014 -0.2714079485758119 0.09499560171813422
-0.36258548709617977 -0.2859278295390879 0.0976705738063003
-0.36390488556977457 -0.2848446212301527 0.09737790022270372
-0.360608367779632 -0.2779374020392439 0.10397205533913331
-0.36035306021401353 -0.2808589004693763 0.10337248163350339
-0.362809176061019 -0.28412064515370616 0.10141982703453212
-0.3534685145480559 -0.2715164243360883 0.09800804837548724
-0.35783525489698503 -0.2756409160684512 0.10404408064105504
-0.34462346479540357 -0.22802093541710983 0.1216297043645426
-0.342413731854694 -0.22475661414878179 0.12523291446232898
-0.3517855608519477 -0.22995268920411516 0.121468287567026
-0.35325877743664014 -0.2342353253443651 0.12974026548878276
-0.35552954776232526 -0.2251295229242099 0.12399403912194577
-0.3424907489490695 -0.2248414734742224 0.1315866601648431
-0.3399960267823907 -0.20985523183852606 0.12459314908882635
-0.342846636687628 -0.20696685158761285 0.1187858059878886
-0.34396920420560945 -0.19977242136845494 0.1316903918841674
-0.3520296416909359 -0.22101138957742977 0.13256736825824111
-0.3463362305978179 -0.22665187804594147 0.13337975487796777
-0.35093612126846313 -0.23460653012119098 0.1320469072341767
-0.34366012047130107 -0.24698255081600415 0.12165788995689349
-0.3494562554765039 -0.25382143702115956 0.12182240466090402
-0.34068471759959573 -0.233870191042717 0.13063121845686365
-0.350303149657087 -0.24882279508488503 0.13165074477189678
-0.35007599852728083 -0.258533856148101 0.12270821345639663
-0.346937620679432 -0.2493404687568785 0.12088524228620137
-0.34064655911620134 -0.24972772142655109 0.1299231392205782
-0.3507684173918803 -0.264417941680953 0.1275179764764858
-0.349436357192259 -0.2604222587107221 0.13163479163180974
-0.3467045751585489 -0.27032083912686805 0.12298436876426286
-0.34457748674024063 -0.2649270756377157 0.12229477326920622
-0.34320057444598406 -0.26756631941585296 0.123489881420813
-0.35033536011397787 -0.27487497565648705 0.12798247168939458
-0.3438202544363411 -0.26103461506398296 0.13291357665973513
-0.3417227695550509 -0.26392914324675776 0.13063059369765467
-0.34577862616766963 -0.27205886364813875 0.1314685597086158
-0.3438986066027438 -0.27181985921421326 0.1279599557250993
-0.3327303272052623 -0.21566521268010935 0.14478511249782028
-0.34168523862112377 -0.21490426306873484 0.14307956097952343
-0.34328465048592943 -0.2105444760621405 0.14985995781816117
-0.3283643757058905 -0.18955824046477937 0.1385191008956631
-0.3364890682077141 -0.18252364439191238 0.14665485025387712
-0.33474131177917577 -0.20938789578279707 0.1419484088518765
-0.3346880149940132 -0.21128422574900763 0.15338976022080045
-0.33953524062787993 -0.20979366705517982 0.1525874039465821
-0.33895639637904296 -0.233050871246614 0.15399749579631253
-0.33620866086421924 -0.2262867420955107 0.15645414673725955
-0.33919939384346803 -0.23510320105316684 0.15016932758437282
-0.3309000834373611 -0.22632585596524427 0.15567303814052483
-0.33064826744072956 -0.22606506166145446 0.15124932333427757
-0.3317410637945108 -0.22737491219441816 0.15692307155134033
-0.337873060063934 -0.24566804602134484 0.15183949807907923
-0.3380457381796992 -0.24107883000710878 0.15487982048461432
-0.33550386891088474 -0.2462381713700554 0.15109482366794577
-0.3330416010658421 -0.24692304024236306 0.15613775895675988
-0.3364453356060229 -0.24768604679677525 0.15697930161377716
-0.33151309948070173 -0.23595347138429473 0.15801846442455897
-0.3316732488317572 -0.241881745789851 0.15811133878374417
-0.33130902977666743 -0.22688977483898992 0.14898806168642237
-0.3302357557642185 -0.23474496738431289 0.15644256259812783
-0.3304540970512885 -0.24068275621561114 0.15376583731568097
-0.33170166973650494 -0.24587060662186042 0.15594438667728588
-0.34352813471213905 -0.17524023953940188 0.055850414683935146
-0.3303573011739877 -0.18016282689887678 0.05154112370729308
-0.33570471893407594 -0.1786502917046131 0.03930088174519806
-0.34828113992354043 -0.18596845251036367 0.04083813093005161
-0.3442502836270986 -0.18194726208760093 0.05316982116284883
-0.3411007860253887 -0.1877674421796973 0.053185712953862846
-0.3500497606670288 -0.1917433643763174 0.045987126735035994
-0.3477858449703988 -0.19727334332938123 0.03193941720763661
-0.35405688080788333 -0.20375579415577316 0.03364470382344809
-0.3353008661348538 -0.1982348602781364 0.038346512105913534
-0.34000873106638435 -0.20627295561807407 0.03499805859483562
-0.34791862412296054 -0.21225953357581923 0.03313894234295356
-0.3533424529868814 -0.20933308397043526 0.030411256227556246
-0.35439610552545797 -0.20655275288336963 0.034876060560573324
-0.3522655910113591 -0.20068701959108629 0.04138065326506609
-0.33509202575957553 -0.18627936736159384 0.05300555324616244
-0.3513004932204892 -0.20435784964269105 0.04114118302511309
-0.34693884745216447 -0.20533692174066503 0.04193656867145113
-0.10364872508277292 0.6758552311396206 -0.16616841899713053
-0.09392894322959433 0.6797427128700662 -0.1705756281051273
-0.10941824509778736 0.6822102351533122 -0.1673205701780811
-0.11118017035172027 0.679273546329375 -0.16110707260450427
-0.2404491536916658 0.309129491970113 0.01310032474299236
-0.26841411574681473 0.3051168917953068 0.08212001904470127
-0.0917842982660956 0.22040032162943038 0.07805362970172453
-0.02405014788813546 0.2471533180614153 0.08926164769386499
-0.14547969354012974 0.19710515254989017 -0.00983742721221599
-0.051786413996057074 0.1805513297780349 0.08121344411314993
-0.0050176620965556975 0.2088404856100258 0.07203204350638812
-0.006743576681482904 0.2511717216564662 0.08186281636054041
-0.1493594160255969 0.25014845308732275 0.044042133350701416
-0.11871459296062722 0.24306104737628761 0.07663680383976491
-0.1073783406412643 0.2641701684141189 0.09212302219586269
-0.10476378563525658 0.241222765507914 -0.0794301354130751
-0.09682724266158779 0.25263386849711095 -0.0875821838128902
-0.1474971182564501 0.2244679395373356 -0.006519221232543461
-0.047287517487067304 0.32429539046384204 0.10664228748440578
-0.08915508465474695 0.38173624391297056 -0.10573763412942691
-0.1744201653493888 0.35566603828456683 -0.03356744138244274
-0.16944147788633834 0.3444309713352369 -0.0001877505839986672
-0.16507746014079253 0.3383414897877203 -0.026281294935687725
-0.16638107574696517 0.34919461138782093 -0.049812536595245954
-0.03929662710616943 0.5036963732791506 0.05554607406176298
-0.013765126065101989 0.5101745456601919 0.04368758074980549
-0.15873013340921172 0.5237810051281402 0.03838344784835953
-0.14093862115399458 0.5204782566267503 0.05873697737764377
-0.08280087137663604 0.5195666631144179 0.06475304937204708
-0.11128571997156293 0.5168102628620099 0.07365007241649126
-0.18865095334160542 0.5054890937486981 0.037279256212573865
-0.2161601622490142 0.479519189958318 0.03769751748207595
-0.24503372033597193 0.45943128365354274 0.0242454470143449
-0.18841986110716827 0.38410891226219324 0.07628657353880697
-0.1818883487017874 0.39020946410055024 0.08558576955444784
-0.1378287937735438 0.35255996353165786 0.10773601883121099
-0.1530020042825869 0.35707840735118007 0.10000122746599871
-0.12116446930142012 0.3342731978009013 0.11041931156282575
-0.06833831722508225 0.08801797163835146 0.09768875744524046
-0.08712087632948338 0.09236622308327488 0.0921219137507297
-0.020296624486371387 0.13218940415162472 0.08195524831616716
-0.03762577167047964 0.059139549309995015 -0.10392606282148688
-0.057812493521297234 0.06368475181122465 -0.0995173586696287
-0.14827611468619067 0.0879078791704118 -0.02825358374592507
-0.07256291232085119 0.06599708038054666 -0.09359030139845341
-0.058743476859062345 0.38667713394460645 0.10638032896685956
-0.07566884845344622 0.4017302175288564 0.11675670975754014
-0.10401415203804251 0.4390628011780163 0.11437115708906295
-0.1223545325404791 0.4268618683964913 0.11406325544106756
-0.11809407846005163 0.40878198522713566 0.11810480071532119
-0.09352678350816938 0.4065428462195671 0.12290850168420496
-0.19333618362067082 0.4068944995016245 0.08335822126414441
-0.22269697920018097 0.4072663694531323 0.08022588002399897
-0.14257833830795452 0.4504351093980379 0.10018401606404569
-0.1713493856631927 0.33117470735541765 0.022873416243869155
-0.17670085955348025 0.3381392087033529 0.054612022963556654
-0.17226471109777497 0.3530988651738116 0.08067978973555091
-0.1733523665484368 0.38180721306400905 0.09003272486385445
-0.1425374213722077 0.40836740370896774 0.10878916236147629
-0.1399693476059227 0.42876120369015314 0.10687096388598503
-0.1268498308696719 0.4440913087732892 0.10834064812194105
-0.09152365302520368 0.46417913888253676 0.10451741238354519
-0.0859011969529782 0.5478592360947608 0.036805490464836686
-0.21827087057528075 0.34075707588764326 0.09911226710504707
-0.21143771409020684 0.34035366064144196 0.0983975372936668
-0.2328768138436948 0.3557688497033093 0.09275605853422553
-0.2394108695052886 0.3739948738828567 0.08288107997844084
-0.2542023505880197 0.3528436622207372 0.08001879026068319
-0.22163861279295832 0.3765920754476369 0.08926251142768055
-0.05826336371108809 0.4093303747970677 0.10353125725158704
-0.20199962105262817 0.41484822571499425 0.08283673430738457
-0.020661675885051266 0.4134050645652691 0.08868628754602105
-0.2333090867360244 0.41852203181831793 -0.03805359262816311
0.002900114250546563 0.35976004121706484 0.09002024854655744
0.000951672443275711 0.3797707770139729 0.09045974419528985
0.007681465798735922 0.30962199201884155 0.08297981335853834
-0.012427390906131514 0.16638290945184522 0.0757593026094227
-0.012145646085983843 0.1916760981509381 0.07441867436435438
0.012700978204495065 0.12485623860539437 0.07261748703080205
0.010905807853967595 0.2040110195469045 0.062219730945007976
-0.0004865010627643652 0.41185690231571936 0.08469744261395483
-0.004568081011830148 0.42528698951160115 0.0804975210772464
-0.14092554724670456 0.35901327561457463 -0.08257100464501031
-0.15733359665671376 0.3460595987503481 -0.06292203275760884
-0.15040492349387194 0.34693152619242756 -0.07141892652260676
-0.05510571037410477 0.5529388218833129 -0.1145010436976008
-0.04523180969706705 0.5091936861637534 -0.07963054365070021
-0.060183692271570624 0.494579920968738 -0.07936255654133437
-0.04878912368779787 0.5256272563136589 -0.09146420176599768
-0.06867822459031502 0.5906033715098572 -0.1753007397043028
-0.04222725725408995 0.3225948331141692 -0.10898730955207253
-0.04246440686059187 0.3053745654948671 -0.11006500525745096
-0.11473410007261328 -0.06270404697028042 0.10014468789690012
-0.12629676939335616 0.032644253375877286 0.07170667807844205
-0.05486353074459905 -0.06376949488807887 0.12669135962703001
-0.06013043106786773 -0.08608573908497247 0.11936563584785294
-0.029736864691210688 0.08047311643676888 0.09830714033444414
-0.10992338200269752 0.09111597876639368 0.08143002439299328
-0.08633702636437249 0.06620517360377537 0.09619632689813025
0.02473335023847194 -0.08069084018210437 0.11100043371290028
-0.051571383158470326 -0.047089572778018736 0.12928342350218683
-0.06748940387614617 -0.003085322840836317 0.12399684861317695
-0.05011825719254235 -0.002354947955705426 0.12846157812791173
-0.06868311314950135 0.05227786003644411 0.10680711720650973
-0.0673854314523199 0.06955500567786477 0.10171553159210615
-0.01168573184501535 -0.01806207704252163 0.1268866295934096
-0.04933588098910101 0.0702045192896796 0.10351042427833379
-0.0448128084924308 0.1487663311918623 0.0839007244654629
-0.012400001923677868 -0.1281348183231496 -0.01675941878434982
-0.16556480797576476 -0.05612436874167831 -0.006602131779046432
-0.15605657267138573 -0.06975587717933418 0.060738997367808814
-0.13241430944244606 -0.05126912018331897 0.08083547517495406
-0.11570856792614019 -0.0989880913552368 -0.05400636763607066
-0.01731938213836722 -0.12731014915374161 -0.02444615011890607
-0.0711037505574167 -0.030635086982290033 0.12504813190542474
-0.02382634373794078 -0.04845519581773767 0.12709902984678584
-0.026359967455453538 -0.0813609505469815 -0.10245566802704492
-0.015937207616860825 -0.06851773687270524 -0.1045100548988804
-0.024790240194286946 -0.10204262437095862 -0.09171030179756973
-0.08264237970116266 0.0446983901120847 -0.07715282385157336
-0.09914046742846004 0.05064774978342413 -0.06988183472968683
-0.033833480022086956 0.03436906217382432 -0.09574353019488388
-0.11910584258457677 0.05690129664443985 -0.06204620674726267
0.011843537049440852 0.042920361029581224 0.11037932741035375
-0.018193193232181396 0.02779992971005796 -0.09689573246248431
-0.06728589924193032 0.5628172310752965 -0.1562036424897716
-0.07302749358751626 0.7379553413691382 -0.1890041975189918
-0.03689399586602294 0.5913222351447917 -0.007021860723578406
-0.07305059961316736 0.6838606759044691 -0.19094327986268628
-0.07006102437114718 0.6062326183381871 -0.18055061582368004
-0.04380015541297396 0.5021379461828148 -0.07760728701054558
-0.04283846464971919 0.4915406223465114 -0.07799401779604545
-0.06846902541135597 -0.8085583499116582 0.13764406532896215
-0.06788930834542409 -0.764534456121326 0.15762725408342532
-0.10849684910394496 -0.7515063393409797 0.16853262498907504
-0.08723712836378554 -0.7952211637431554 0.16795274233546967
-0.11790928770199786 -0.8040719812419738 0.15225166856467764
-0.12822131836947487 -0.7818596161907145 0.11478510610979593
-0.12426192614537501 -0.8076157148004681 0.11469562221330833
-0.07993959231858339 -0.774855781712955 0.11159065933228138
-0.08098878424681148 -0.8024154319787908 0.10758550306357396
-0.07462534873830327 -0.7931669524847492 0.16518662528990316
-0.06665067892664997 -0.7896186535127395 0.142318252200012
-0.0675881070701808 -0.8409467166943448 0.1300270173591416
-0.08260058491169361 -0.8241507646845951 0.16735426402818485
-0.10571718326943547 -0.8326248672744375 0.1585058655259152
-0.12351131566240264 -0.8352246936955932 0.13487174901866048
-0.07773851629720345 -0.8363286999950454 0.09896090858598604
-0.14640069144339762 -0.9400753898229922 -0.06177216442348365
-0.16480234276886066 -0.9466048624970189 -0.05078897217728673
-0.1909583597754728 -0.9440160570953228 0.004351135563085505
-0.18536032575887454 -0.9475751989432062 -0.019363633027725223
-0.14061863245806216 -0.9299449663026997 -0.03890404446740368
-0.1460426822430161 -0.9343097744992324 -0.053207297938096386
-0.1283226884810762 -0.9370034462589176 -0.05117867672582284
-0.12298951968576464 -0.9329441997939939 -0.03932821502127639
-0.12808638373089934 -0.9431816927896817 -0.044386901336897426
-0.13637165886928543 -0.9452642560556808 -0.04036711941858992
-0.1404103177245701 -0.945546529675066 -0.05216414918354783
-0.14804113115133236 -0.9406320009909495 -0.051697542182951306
-0.16276717633525356 -0.9354802445796708 -0.03515008847902476
-0.1683020990309865 -0.9395297380380272 -0.04409035145793428
-0.153271469359224 -0.9336638320719498 -0.035169260611009445
-0.15750248532564126 -0.9426942512431482 -0.04714074310429871
-0.15885060227369793 -0.9466289655020965 -0.03144432172817497
-0.16629006650722739 -0.949343579184184 -0.04354035793327291
-0.17032702425436022 -0.9381784555837589 -0.026991910065109002
-0.1768858785538552 -0.9423953156386717 -0.03553445094730808
-0.1777996043426755 -0.938252099030271 -0.0241442304384378
-0.16989687374280957 -0.9470990209323626 -0.0336972634041901
-0.16276276572324475 -0.9470196068175849 -0.019984151858369926
-0.17300296681156108 -0.9475503561702097 -0.019003829986320532
-0.18144323373024868 -0.9460201454101278 -0.029221020532600846
-0.1846376964753532 -0.9329149439921476 0.006571438806235548
-0.18783681084820703 -0.9380996294404594 -0.005217976589331375
-0.18915431669263985 -0.9456131968141495 -0.008032932945936586
-0.1816528330930778 -0.9438702673973349 -0.015776282724069574
-0.17779237325594915 -0.946787323052643 -0.007025905480172759
-0.18129312897769012 -0.9462112355856582 0.0038742616827140814
-0.19477782400416827 -0.9358043264335187 0.01620137098435192
-0.19486049798191749 -0.941476556810682 0.016740661328457543
-0.18377172550778506 -0.9452232485847712 0.01556488275046873
-0.1879825647064348 -0.9452891517270228 0.02238824540085217
-0.19067185509067555 -0.9472921235438473 0.013390067961871968
-0.1417744414140123 -0.9251635136298775 -0.023016381004094023
-0.12709821000188293 -0.9211781171765647 -0.02649594737406357
-0.14365701319238594 -0.9435082089804838 -0.05927351784619519
-0.14313450489902643 -0.9390777831580961 -0.03220549952796881
-0.15400972455305154 -0.9460433371669772 -0.014266143927237839
-0.16070384866782259 -0.9412399230208719 -0.02316193710999933
-0.1587468900764485 -0.9296775420811498 -0.017493983572669257
-0.16862450510614638 -0.9464624447431886 0.0005848231314985794
-0.17688587582893942 -0.9393344929125631 -0.008308857487223046
-0.1789909365634269 -0.9456293282714212 0.017120431160282223
-0.18639369035927134 -0.9376489134721399 0.011124580522841735
-0.1866749764813014 -0.9441113794855416 -0.018053197328265817
-0.18329671523666502 -0.929453361561569 0.017910178111784508
-0.18950785101553505 -0.9378888771430993 0.03624105522140027
-0.19243984582184687 -0.9405167513357141 0.005573829933576221
-0.09179418460018725 -0.8119014760163152 0.0970214037074573
-0.10389513970226268 -0.7866936713559769 0.0978666892772793
-0.11505800774091647 -0.814170636018785 0.09976336518438367
-0.09187477544230317 -0.8347053024618425 0.09047824103388305
-0.10883157728033466 -0.8418461188623888 0.08713615682137237
-0.11845343112746883 -0.8355066071572526 0.0975278244467892
-0.11498017436157135 -0.858941838408974 0.15269009114149462
-0.09799479670200664 -0.8503299213034486 0.15916788566315831
-0.09271799804845932 -0.8616265060099342 0.16144790350423516
-0.07602837061771289 -0.86020097327583 0.17025774657305456
-0.09428007028412519 -0.8570466419609089 0.08076186021654719
-0.11476024834275947 -0.8630914685931528 0.0741391488088796
-0.12557355808615484 -0.8617060182299937 0.0874871308013757
-0.12175408473522369 -0.9155990158756452 -0.014298328879494577
-0.13399218285277362 -0.9134030631464627 -0.008579977277126224
-0.11447668102387455 -0.909716905906615 0.004466549721760449
-0.1486007812911419 -0.9163696728302131 0.0028576229238380293
-0.14040710538929138 -0.9007532850000726 0.025859927319435958
-0.1669433486798044 -0.9200089615607192 0.022362014380966057
-0.17527728882440066 -0.9229632333958961 0.02927826959821495
-0.1839817644938592 -0.9269269830258036 0.04284917137244744
-0.1847230516304178 -0.9349008338075004 0.05157860930981342
-0.10807146469398124 -0.9235800033811119 0.0027757201419142084
-0.11437772029746861 -0.9364642952945308 -0.003745583343504514
-0.11019939216457063 -0.9350488533198624 0.013294645060563565
-0.17477594279263137 -0.9425839603290391 0.057802363507063366
-0.16738446184672082 -0.9458776011754377 0.040383115508895416
-0.11778891545445516 -0.8914109572718125 0.03235803250945471
-0.14237026796006408 -0.8868859791279842 0.09222208767853184
-0.1454999528213648 -0.9102570938782066 0.1066831739122586
-0.13830481711979545 -0.9243565362730308 0.12180056688151457
-0.13400344602169537 -0.9030024622423221 0.12328762563267384
-0.11634636645329972 -0.921782850217891 0.15507054019365396
-0.10688707076101685 -0.9267252010908449 0.16601873381155718
-0.11798018884798918 -0.8838863453542298 0.14512415289380837
-0.10834782516886916 -0.8825153193718106 0.15446065384857452
-0.08670556016265193 -0.9203123053305777 0.17996694605465494
-0.08156565749070759 -0.9019367702091021 0.17977124151926002
-0.09839636392372098 -0.9251150891492528 0.1732625591990839
-0.07030540458772648 -0.9175228917345977 0.17793597276189685
-0.07074765540712905 -0.9028384286968202 0.1788088353243225
-0.05989394884472922 -0.9085310810615026 0.1648989446026771
-0.05916507354741728 -0.9243831122805711 0.16414979158262033
-0.08687062632675725 -0.8815986437406862 0.17073011096885965
-0.06492511892003025 -0.8829628610135125 0.16515347815108444
-0.05791412372964996 -0.9245538837093267 0.14723814627478068
-0.102860119364738 -0.904241710683378 0.031717023767847234
-0.09960388892722055 -0.9197150632378176 0.03266684962386024
-0.13005331227374645 -0.8700542880249398 0.08017472398812002
-0.10156530742398111 -0.8785623842001964 0.058933188971678624
-0.089027306363002 -0.901390470346483 0.057268148940438655
-0.0919407844101827 -0.9179722014915632 0.05673124188550043
-0.08363929461908955 -0.9171735907827232 0.07966348747443644
-0.10376495038480135 -0.9306335348946625 0.03985110055219203
-0.09684327636766005 -0.9272411502133289 0.0645112174856876
-0.07398372213745381 -0.9178753007358671 0.10295960780609044
-0.06408490182753344 -0.8995542128980647 0.13208339047155612
-0.06644345097089024 -0.8823108151354855 0.12650355031229837
-0.06600029310885556 -0.8798624917230602 0.13306704966864807
-0.08217495081892506 -0.8881649494757661 0.07479441645578432
-0.11655384432761308 -0.9342614764031493 0.14722080370185192
-0.06827169282033091 -0.9344046411719644 0.1700296979764282
-0.060262239088581984 -0.9327086892060875 0.16058485001196468
-0.06286519179919799 -0.9353938883407471 0.1453616757086397
-0.06566129389136159 -0.9339398500920493 0.1345436731202658
-0.07383438569979962 -0.9304612798621763 0.11660650907248313
-0.06828075519679666 -0.8611455632057512 0.10768386315477345
-0.06607072617825666 -0.8595394975681829 0.12605454995057572
-0.0668830550498946 -0.8640671108020441 0.16114026109296953
-0.12296745346660794 -0.9408340809641185 0.016983883133946602
-0.1452346956207532 -0.9403613097154774 0.09298738545578522
-0.13194455265949126 -0.9400738184569418 0.10241426266061637
-0.08814644822068243 -0.9349936613374288 0.10919675496270183
-0.08285861502810245 -0.9381488301533264 0.12872837067541365
-0.1003659085811028 -0.9395453361078019 0.131340208401479
-0.06799394838647443 -0.9369186365113087 0.16469636567122983
-0.07619574701123259 -0.9381462850474195 0.1391654277745531
-0.12836415204451643 -0.8619305936303461 0.10821298383563695
-0.12809050463669078 -0.49464590453174945 0.06711892310190654
-0.13608567726865148 -0.07042836878747816 -0.04489403165883137
-0.10197278465984991 0.16369629485344722 -0.08086690244335555
-0.09908924615909037 0.20950815614073448 -0.08638999383423095
0.021292843088250323 -0.06091533156601042 0.1155178288294916
-0.14685202586073823 0.379771785978698 -0.0793496221700067
-0.12809120788409553 0.6901965894457275 -0.07611022527380978
-0.12464033265087249 0.6862557872250639 -0.06894563029988202
-0.03696321502763114 0.4175644535478649 -0.10313230825963907
-0.04163201834806161 0.3580099593667105 -0.11039191293295404
-0.030111300689144256 0.15932248202403954 -0.12036977620210156
0.004703499342729654 0.34019307453898895 0.08765110953666891
-0.022754508983020956 0.05570081900946075 -0.10691861242939465
0.00032025421023096806 0.3988926879178933 0.08785135152322558
-0.037357151292644414 0.22434246718051842 -0.12087171721969789
-0.02986353396266444 0.6973937887490114 -0.1875965753588452
-0.009930306323225776 0.6820940614797938 -0.16402575101397107
-0.018374118388987008 0.6287204953309755 -0.16447427612575521
-0.056167788618096785 0.6576248430726523 -0.1850086876548042
-0.05097973508519819 0.6398434179931566 -0.18055379190945087
-0.04972556473730461 0.6332529900097031 -0.17966490530482157
-0.05272393306716776 0.6468138562656865 -0.18289954997248856
-0.06036055973930127 0.6433138131987369 -0.19400922064408307
-0.05595795422754062 0.6387018531140599 -0.18755002132186993
-0.05899954348961545 0.634058766863504 -0.1862217989667812
-0.05540731456627358 0.641139753491846 -0.18734331947957938
-0.03798063131794918 0.6253918993790735 -0.17718282766422702
-0.05612815682192877 0.631982482655459 -0.18265440975898753
-0.060818109013606854 0.6169917689101458 -0.18531696123327973
-0.058294510223210166 0.6211961301776875 -0.18454641495687768
-0.03745450989185044 0.5871416615304297 -0.16407668790871682
-0.032709898317103386 0.5807360706937822 -0.15452270242713315
-0.04542184381970596 0.5784447113165069 -0.16641694774793664
-0.058549490105303345 0.5914857636137374 -0.17544359309246838
-0.043293469591212164 0.6196734168892997 -0.1790073632307431
-0.04491792708354669 0.6002886077661775 -0.1732391440829973
-0.04429817398540267 0.6231057387190028 -0.1792894340913385
-0.031320177749610566 0.6173554937223443 -0.17316323425617974
-0.04024349315122586 0.5726348480525887 -0.15588479041122194
-0.028987773730241317 0.6838601742368136 -0.18062512577449347
-0.02006655453572159 0.67889124251919 -0.1702752062870792
-0.04457152508230564 0.6865418538902602 -0.1852217769712404
-0.054292393206453994 0.678184830428621 -0.17690578446209784
-0.025476119961944134 0.7376969938876866 -0.17735458156517034
-0.04447021501015962 0.7321575900369857 -0.18829855256617728
-0.006760411433203524 0.6163043983808233 -0.1406785562385608
-0.01987814030152667 0.5904613381154592 -0.14150431506232336
0.002591437547677382 0.6261808127684272 -0.1275849613363867
0.008812238018322099 0.640504913032902 -0.10434320629340313
0.008622665733607003 0.6341523869986923 -0.09756041112007664
0.0008960710229583415 0.6102240588033899 -0.10523356370086137
0.0030888223120316186 0.571507704563979 -0.08893208759648222
0.0017465809530693543 0.6391828619263733 -0.13705933565731743
0.010318780603614436 0.7376584752635577 -0.13729847149751953
0.003577610974488508 0.7343815742822006 -0.1492671979291256
-0.003940739289560687 0.7439226435813581 -0.15664285455276386
-0.026621566133952817 0.7853283996078646 -0.1536947472703483
-0.018759452373464065 0.7520636114558947 -0.16784195816415975
-0.0306256685129585 0.773977573832946 -0.16496148426886253
0.020107120846505868 0.7455347483261612 -0.10672159161905748
-0.0009719404927710367 0.7816949350543381 -0.12455035210789978
0.006191996570871497 0.7857918741497671 -0.09728462992088299
0.009638583039964871 0.610216152143343 -0.08564845297769927
-0.004670211119667993 0.5935092339908318 -0.10232536637581546
-0.010836248844129506 0.8031272219810164 -0.09747000237729914
-0.01909206796739433 0.7982815767023241 -0.1276983728124248
0.019449325405839848 0.7331826365214784 -0.05822714013404914
0.022963369059752898 0.7256021678802546 -0.07107108807497628
-0.024240780896338018 0.6886991621370625 -0.18096147183006026
0.010755516844923568 0.7259913803181601 -0.1368156721669057
0.021480217842974318 0.7331988808762856 -0.10315303705770577
0.01821120544348873 0.7278443703375944 -0.11650185623709879
0.011390732781380038 0.5878269254479281 -0.045919595463002914
0.012948398567073987 0.5842839646602377 -0.05760399802544105
0.004528652629052721 0.6034884937205607 -0.046170992297068225
-0.003748263401402888 0.6012298295472741 -0.025246166017385784
0.0026170129024525716 0.5896411165426225 -0.022357755797351806
-0.013336921294058703 0.5403672220924748 -0.09140352935378888
0.019351615772605715 0.5740180595162785 -0.04901265117615411
0.02135438599460286 0.5772531506797588 -0.03451864900167242
0.015835518189134517 0.6777127776135154 -0.0533193276438018
-0.01398178188208136 0.6517802777084982 -0.024958073508811848
-0.012362998584892282 0.6670034449942727 -0.022872685301254955
-0.046762471562499665 0.6713830246333892 -0.1762932588492061
-0.050952754993947684 0.669526844068675 -0.1770079167962426
-0.04838553729630417 0.7090370842535737 -0.19301006431383436
-0.04633330748243616 0.6940649008020227 -0.19291231911196227
-0.021765077384325853 0.6457664234798802 -0.17264166613220217
-0.027957844288915987 0.651254072173749 -0.17607054894361102
-0.02154525216887437 0.6319770263286169 -0.1687580917793986
-0.04670599119406117 0.7924998926314986 -0.15749168425767396
-0.040023869165017094 0.8086879218313371 -0.1293487007968803
-0.031630286344991224 0.8151650505456602 -0.09533759947792843
0.0007596766929340943 0.7799407692942297 -0.04513484463051518
-0.01909356260207745 0.7921111287865317 -0.03664081935326355
-0.017357489907115352 0.7672112698051607 -0.01915467957098122
0.0008509370923857904 0.7652556346158562 -0.03361464120671275
-0.0089404549410129 0.6927520207737217 -0.016951454263837977
-0.007641546527832807 0.5893598091056466 -0.014022782970410975
-0.06065080355008826 0.7456048917662115 -0.1875053224257241
0.0064512010102910225 0.7088922412399586 -0.14238218117921694
-0.008613316259989238 0.6625194598743147 -0.16488725004353055
0.010629211237949214 0.6634401529702847 -0.12660436036934594
-0.002886526593877917 0.796805247882334 -0.06801231462596193
-0.02434021802004985 0.8105158770773089 -0.06257988685415547
-0.025636807122314656 0.6383159611930723 -0.018327778823135285
-0.02658344259574341 0.6546579143880794 -0.017340124635655343
-0.030674329797743857 0.5754477527574829 -0.12484844000447737
-0.031858078254619955 0.570956726046341 -0.11618962591817156
-0.07149300309943424 0.6322284926916752 -0.19152873941005588
-0.06043252481223173 0.6357137154458025 -0.18940437933955936
-0.06795271822212047 0.6366801813566888 -0.1969298070154894
-0.06815937874976043 0.6577752136780759 -0.19568983743966373
-0.047452035939875105 0.5630645468378682 -0.12074324470038338
-0.046929978859634125 0.6657392248715587 -0.17746153135020323
-0.06125034599617172 0.6810569254655688 -0.18556374040219106
-0.06501204041820625 0.6813505894424529 -0.18858434344550098
0.020089792067101816 0.6684671706257036 -0.0845034633287565
0.023407953619922248 0.6774880918601168 -0.0746289748694083
0.013802989155565154 0.6538044041175254 -0.09988374497012042
0.023518268239815815 0.7118620860049456 -0.09459936358451529
0.021470786998058145 0.7174266271353769 -0.09828946462007145
0.01929620186343257 0.7173901856327207 -0.10997362244664134
0.00841677858462012 0.6948506648267518 -0.13788455524428586
0.012276613514086961 0.6981624311744317 -0.12729357727866525
0.011814540604869282 0.6542681827006628 -0.11075412999223892
0.01083970752084107 0.6482542402673196 -0.105561529161966
0.01543506568831333 0.6573290813860638 -0.08403932190396042
0.011125760143421839 0.7278589335799601 -0.03700838947871552
0.018269966597177143 0.723000244124302 -0.05179389011883435
0.021793100190170313 0.7097696926505427 -0.0635918775795622
0.023152210456147754 0.7023715352431292 -0.06973810477296256
0.0035347652775435234 0.7123641043976127 -0.02584330915637518
0.018456580756740556 0.6964498044517415 -0.05343411379792422
0.023556751618520742 0.6885502260123005 -0.06549990569789646
-0.023579857171238432 0.7166234228433477 -0.0037747098921181005
0.01759483425233367 0.6565002103625566 -0.10381513237252386
0.013270508151914214 0.6640384163718968 -0.11188671913862197
-0.06342281970511797 0.5822474896098212 -0.17452939735031853
-0.030174857038841464 0.6736785823810403 -0.012529231146993582
-0.017836168588515718 0.5897787116570282 -0.009437519281930068
-0.06443021836385535 0.6331139311558689 -0.18641032917836634
-0.07137647319486518 0.6288922885338252 -0.1881153710874595
-0.04217738679169299 0.6703341358116749 -0.176978740890715
0.01498952697612213 0.6866561037038889 -0.10912776612685049
0.01811241057456571 0.6900274036624623 -0.1046669385492669
-0.04787976426242783 0.5556478709995901 -0.11562323785589278
-0.051443894718977465 0.6795741850266965 -0.1766234027783506
0.022523889133017845 0.6981431244522955 -0.09692199941974859
0.02326660211866051 0.7039234897282055 -0.10602307315141268
0.019058121110680115 0.7001296941038758 -0.10837929882796607
0.02571689635506456 0.7030988254644607 -0.10398938475988728
0.024922798789341137 0.7084079522687343 -0.10496039631300205
0.026661999571137934 0.7119356679162105 -0.09988921264469948
0.02860830395075099 0.7093090668888038 -0.10299695575940307
0.031888398231110796 0.70980136239662 -0.09843167520900939
0.03525680701420268 0.7063924802198892 -0.09313837801884968
0.015335010642048974 0.6653025250399165 -0.10580022365152426
0.037881809635080414 0.6808322923345447 -0.08555874899835805
0.032048538720154326 0.6699136599932627 -0.08684132589443039
0.023761483906682167 0.7088636742156592 -0.08966767065838878
0.023358066735470445 0.6915015470333341 -0.08870437380203441
0.01881190917305503 0.6752373967159445 -0.09204776648329722
0.022175640301146694 0.6692493929720312 -0.08693723962302581
0.0348017512500828 0.670986772188965 -0.08897951838192841
0.02399820641626043 0.657023668507067 -0.09783046759083691
0.017676602342512216 0.6625782644692337 -0.09300654956401407
0.0307561205239869 0.6738556593665029 -0.0916651407751632
0.02868164736454153 0.6632351897769037 -0.09627746068943355
0.028098951019431575 0.6762872116669177 -0.09174615476142375
0.023348310728563734 0.6819546647785378 -0.08815177434799285
0.03235875742021973 0.6871787154335615 -0.09067676452581289
0.024151252748614925 0.7016908332321882 -0.10129997464409828
-0.026110915179945907 0.5177174773065468 -0.08592163867526169
-0.03840647303260765 0.5156205784183746 -0.08459685672991049
-0.036547624503500006 0.528796214827652 -0.09318509361744752
-0.026050715186795356 0.5285824290876134 -0.09069469113545717
0.02647070874620055 0.6943525232590733 -0.09325727614388182
0.01895086424581949 0.6852215312932805 -0.09701664764644197
0.018672219889099565 0.6846573293273814 -0.09387248483654304
0.012944559872200658 0.504393648758587 -0.07825944735709317
0.018924063724975293 0.5217820771795517 -0.07222312150464218
0.04169829042471354 0.5172359091828108 -0.0659230355383694
0.032294075150919505 0.4830401448849118 -0.09384652900957859
0.061220152405836066 0.49110992381051805 -0.08575808332118169
0.05249987321430125 0.4691988535234146 -0.09791235816559071
0.03503153048789796 0.3876131132102057 -0.12744860728635973
0.05160476754305689 0.32152813841491 -0.12807936447798945
0.11094700336196056 0.40721839548087174 -0.11915736414116287
0.11648582945519226 0.42238642099088386 -0.11871460030482071
0.12070844143911116 0.394936913914345 -0.11524554838582152
0.09542776168826535 0.5307813178051094 -0.060544220053743304
0.08196803152307944 0.5380476135614429 -0.0545038764765436
0.06223835455613236 0.23353629335530543 -0.09644967662523359
0.12704900254840193 0.27580166740178413 -0.04454692716968137
0.07462541559480003 0.390343460918408 -0.1278722938089765
0.21539387027096388 0.2663953085329605 -0.07679488906659014
0.13312702714337132 0.17385498022738718 -0.03475013677342093
0.13607376781973443 0.15943616339607258 -0.036656372908367874
0.18341174098526586 0.4206817661007137 -0.11676014804837295
0.10842275114256208 0.36753539435087607 -0.11100625770965449
0.10211468631943484 0.38882153477915204 -0.12201044147429858
0.11764205470536952 0.3827683120474888 -0.11213508138803274
0.1414326404242034 0.3232212738750975 -0.024193547627415688
0.09072366201553864 0.4024597850504478 -0.12353274810570568
0.10504340005873614 0.3999365884068679 -0.12096236909941753
0.027117059592465725 0.3045790347293582 -0.12532109918735734
0.11051644759503963 0.14605835286430105 -0.09415247678375228
0.12485719198359264 0.15255503144993038 -0.07805860177609442
0.0647739780053581 0.30309815433613574 -0.10763815683415907
0.13162629389474534 0.38130635018658904 -0.09125201196767554
0.1307586796832116 0.38798529291195594 -0.10335268926398887
0.1328506960063703 0.39381140784994373 -0.10931022351548494
0.151266547849599 0.391361698282376 -0.024016294495439867
0.13970939346229508 0.3946275555319974 -0.04908425596043606
0.019330831614065846 0.31810380921337206 -0.13222546445532107
0.008429943635182732 0.30696343229450085 -0.12795049377292012
0.05878690161608027 0.2905870033923226 -0.10591590048859835
-0.009192094903893739 0.409731906870126 -0.11055755573713498
0.005770254620858563 0.5139067413247574 -0.07742029564276048
0.12029997217769446 0.49214805589529925 0.031089301958859117
0.1451233067496554 0.48245561266738496 0.014049294782976436
0.10208366827830967 0.5085037504592024 -0.08512404150689917
0.16528285191724634 0.42162322676605024 0.01698160536029064
0.16834416136478078 0.41195262923999176 0.009515480600216696
0.1606089796611153 0.3921408451311672 -0.00991503067859174
0.16508752450925082 0.3900099522527099 -0.002299393179273738
0.01633181593347282 0.442929118211695 0.0711537899481251
0.08695814905800636 0.5111812499228375 0.039809135224051405
0.10549168142196055 0.48016315109705593 0.051050181913282575
0.1513150161478773 0.330335449514472 0.002377757824624046
0.15142744831955945 0.35996954302878026 -0.02257994783219427
0.15931956071219883 0.3751006520830372 -0.011016259672420693
0.07155205814894201 0.5523602305682621 -0.03225625687382793
0.053292578682497455 0.5438728875839468 0.01775039971340697
0.0397498094627517 0.37028346248595345 0.08837474402165352
0.01486190276103499 0.37303601127921593 0.08933040917018688
0.031826872789347434 0.346701694245963 0.0888094726991876
0.04676542625010229 0.350939548102246 0.08827812620797199
0.16403261126276536 0.391274101015436 0.006840245896860847
0.16219901249830432 0.3781844523216764 0.0009686522179928285
0.1528367854708409 0.3361656828521762 0.018031383972414633
0.0497182340042567 0.28786866090899954 0.0792243898557793
0.13646493701263512 0.3853058461484104 -0.0731213324745776
0.13862581804080282 0.37481233083831944 -0.051144935008108086
0.14066901049184397 0.3563448155956831 -0.05428179860243678
0.11063553358338403 0.5248720070393617 -0.06921461593008651
0.11845939943761231 0.5303434650082216 -0.049591660067835684
0.16393963316806226 0.3449171163210708 0.0003310818488209832
0.1580299629339835 0.3742137691908404 -0.00759551762267589
0.17802402749254573 0.3024214169054175 0.0021257877776557003
0.16348311857199221 0.3275732716861641 -0.0028808443542668806
0.12871002896622302 0.2908890108464027 0.0433221433120305
0.11628678901150996 0.16499942631011918 0.021682199154449286
0.12224246948228813 0.19114623528977365 0.005355252149018041
0.11245747065384805 0.18666255637263907 0.02011627992411851
0.029479944869205382 0.5680059978558466 -0.014552341388877609
0.05554127044959192 0.5596208285758905 -0.027838212338226365
0.15576053429215206 0.021660348028891083 -0.0016713686400887274
0.1576899726379449 0.0031845295827339654 -0.00022026676926016834
0.15854874858471166 0.008375514985186879 -0.03159740277328114
0.1537907615477717 0.03938473801135839 -0.033330850008032854
0.02076255238635059 0.5493151811258463 0.016814199092309915
0.02743818577467023 0.5602268386235733 -0.00012357098712468517
0.1513896966402232 0.05897901160024377 -0.03735001424812049
0.1516780248025773 0.06143608897360919 -0.010793533450485185
0.055463916290871426 0.5538010918718425 -0.04590460395435471
0.024325664763798455 0.5430782759894877 -0.0630042329677228
0.15727825094003287 -0.007378222701005132 -0.05241436313518736
0.15426408523735133 0.014120817402330623 -0.05566818341859265
0.019504485955356973 0.5680868228511599 -0.008301152524071265
0.14291027429523473 0.13399040480565422 -0.03826477295675686
0.09776871956588752 -0.11572163902786613 0.07458883252944243
0.03794083827709146 -0.1055750208276382 0.10190532804367747
0.052060258344841494 -0.12112361022086943 0.07859053414250627
0.07009812885034661 -0.11597379088965298 0.07964206605633631
0.07703966551497363 -0.10484757220064918 0.08762397632935316
0.053711104997127716 0.01957800757396633 0.11007152649157653
0.0740279324790079 0.022639316539074864 0.10381972775695718
0.14343921523910835 -0.1537438408459798 0.05287629342744625
0.11957178879710315 -0.13898581058350445 0.06685882524051479
0.049088713065943784 0.11337508306133301 -0.11742307447526941
-0.008564272397071112 0.10521591991581448 -0.12432554816494601
0.006921441421294204 -0.03659364042065952 -0.0992903817663569
-0.0031538550101185025 -0.03763066055717404 -0.09741176978358249
-0.005994393455939259 -0.011634854396490368 -0.10197163056328619
0.015224509252733906 -0.01796822967054895 -0.10180689434649011
0.14488527997371198 -0.0010963890385353706 -0.07584581998841014
0.12727426585819998 -0.023547178163522777 -0.08956564623744988
0.12446066871832576 0.004606111717123636 -0.09337999208316106
0.1420456066768935 0.018668098462861136 -0.07814156704393849
0.035060069808333524 -0.12307019696203114 0.07092293105798544
0.06365953311450152 -0.12796873763767125 0.07287363963855435
0.15164031128665634 -0.1885574519903535 -0.059741815839643
0.1219865252594449 -0.22745623814946525 -0.07286358113487802
0.0905791973342187 -0.17972238187938136 -0.08711204624990407
0.12270581338732764 -0.1815948470319529 -0.08247854840995227
0.007287808649225391 -0.11518504438955357 -0.05976384684923778
0.018145223733761765 -0.09287884127568691 -0.0817436634212175
0.020046565774994203 -0.10547340263201571 -0.06034736461360459
0.01187767991058816 -0.11607066901553481 -0.0491580066015337
0.06548501471329551 -0.09442248684090909 0.09956725968755922
0.10545892681814609 0.141290496406531 0.039594309647961706
0.11915813090919851 0.3193214894447838 0.062008015434542076
0.07114213389996236 0.46060978250367984 0.07117479236725485
0.062432433746591826 0.4791146924317692 0.061691615187704045
0.08672797306051316 -0.15698274389472844 0.07468767328724632
0.05291719600904158 -0.14710480538361226 0.06586607088250894
0.06945284812847999 -0.18718310744521857 0.07550139553143217
0.158236242267925 -0.19372833433256953 0.039192763827309914
0.1673386296523966 -0.18725413055555523 0.004993653131845
0.1655576264016012 -0.2192537181029301 -0.02095196062877054
0.08873215307002388 -0.2274760632483022 -0.07431563953559979
0.02348956144865752 -0.18081724238383057 -0.03117825905352939
0.032513535149786055 -0.19185486310994196 -0.04056762110721089
0.025575192662672105 -0.2060112989331805 -0.018120835698502646
0.044549469940371435 -0.048367988333153145 -0.10002797231495447
0.07427753333894908 -0.06196534390063319 -0.09339762969463064
0.05879343693024263 -0.06898956165281178 -0.0892125738262637
0.05026380557261993 0.12683148726290025 -0.11678239419759945
0.02345980348654912 0.20879313153749365 -0.12179395372222394
0.023047451012090776 0.23403357556419202 -0.12097414513844745
0.0025495459340245876 0.27503856785564096 -0.12466074525490381
0.023565275003678915 0.2937768459903218 -0.12328604475689295
0.029010247935778957 0.27266369951253344 -0.11734094760173415
0.023617935803274866 -0.18828865440220782 0.04122024359290866
0.14865176821396653 0.03942087472452788 -0.05872819242653833
0.11061605116048698 0.27984256002563895 -0.06646287991603343
0.16134429133695438 -0.14800815167928533 0.02790611675417761
0.08214250718914108 -0.29980305554989484 -0.04744228864173199
0.03189184226172809 -0.24853344436613625 0.001626776789685379
0.0316879698141673 -0.2634966683023854 0.02858569374229649
0.04170313181063001 -0.3174566145834109 0.030411640253014034
0.14144859885143304 -0.3060904661540408 -0.03296818515272903
0.1452643740841198 -0.28004777842709677 -0.040402680636491585
0.04009878384388749 -0.2382016872903393 0.06017054849031956
0.1453148394536043 -0.25571533616015 0.06790487766334269
0.15748479272200328 -0.24575896065556604 0.04327054940672505
0.14470392827213968 -0.22829084745083522 0.0636981291986676
0.1606984380895774 -0.2841286489992118 0.020822961237642615
0.1318977831324748 -0.3563667794373358 -0.01721940856851085
0.15655518586706643 -0.31379830726709523 -0.0043236985699934526
0.15654656107377066 -0.3408023098111317 0.030465137845905946
0.15867491261348743 -0.3098427253201188 0.024144941778152903
0.15593501525026557 -0.28663832080049706 0.04912907339615009
0.14570838227175717 -0.30338631826457274 0.07431879039083748
0.09081684313049068 -0.27935600511377107 0.09401633550954178
0.11347579243236584 -0.2940955505432151 0.09607009015092056
0.07295247348377984 -0.28642993738659916 0.08818212091660535
0.10025302969431242 -0.40485413842537765 0.10546430294038767
0.08036393079685979 -0.37587609862209115 0.09842835206408986
0.12558824365295793 -0.40286257014625965 0.10368006667131285
0.14337385190187196 -0.395129616452521 0.08741461818971095
0.15163386825292677 -0.40982105392333024 0.0825801108463673
0.16358173261593306 -0.4289454107787931 0.06731795344972832
0.1385560095942533 -0.45112119960479313 0.02020522976331663
0.05530517303883167 -0.40640409334686767 0.06744493226623442
0.06029656629390568 -0.4332920651764071 0.07537015881096056
0.06360706628781648 -0.4253758189883554 0.09254916670126258
0.07411854813543131 -0.42773080967930194 0.0043208271299075155
0.15569695591688607 -0.3596375731435144 0.034244517743812736
0.14794904500207495 -0.36966834942232385 0.01020842078130417
0.15544626203609915 -0.35230706659411704 0.057811035276084125
0.07223799348240129 -0.32679546472433374 0.08853734540990643
0.08212332339987301 -0.32604216313360024 0.09371956914106415
0.047186896768346163 -0.35437829289110817 0.04323166332836166
0.047208155509496155 -0.33448225207951143 0.05584655770666224
0.0967359889413325 -0.40863247193959595 -0.012244933999480779
0.12584627551849265 -0.38076607600306556 -0.009393746722567535
0.15683207383817607 -0.3868034256306016 0.03916494950338986
0.1569880211527918 -0.37894221883772095 0.06076439721961758
0.14595285127377197 -0.3624203349131246 0.07727251608868979
0.11835377525543263 -0.3339438333771201 0.09889484850463214
0.052085393925302675 -0.36181109643478104 0.06697921578259124
0.05253063968034045 -0.3840510857745443 0.05747639648611029
0.09585133778886155 -0.4588781758170708 0.002396250397180064
0.12277472807714986 -0.43335414762506985 3.7554606784695704e-05
0.10111873616138144 -0.47968537338641526 0.014990985181364819
0.08511016219798553 -0.4714347200571811 0.0280039856413908
0.11712869974123176 -0.43504916602299804 0.11254479545661746
0.130730310972845 -0.4364134384221087 0.11042265541767357
0.13880551136731886 -0.4821155984436766 0.025019751105092376
0.120588538671081 -0.4853046658504312 0.014923389911489419
0.07553672455466966 -0.4848556399295312 0.09370130291407812
0.06995614976900441 -0.4738595463340677 0.07881680407384378
0.074446015338296 -0.498478302322639 0.07994424712868226
0.10652646775057947 -0.4599590309865734 0.11686208603869648
0.10334315859464949 -0.43695458130243114 0.11062882588846598
0.13790743785925327 -0.47817254088941286 0.12208226579912634
0.1633729783182324 -0.48164007813819143 0.09651863645001324
0.15810927024133137 -0.5058072388122064 0.045572201272141066
0.13833160107575138 -0.5423970103213769 0.03134873488123315
0.11780388749497946 -0.6442077468167018 0.04571230047046165
0.14245950392241047 -0.632499576150595 0.04442754490290399
0.11681673157392157 -0.6745670659133752 0.05230414880052964
0.07651083830442311 -0.5211806337698168 0.08153897480215247
0.07750201514714626 -0.5233688729008832 0.10010600341866457
0.1104611760346846 -0.500413248172594 0.1298461059370852
0.1745974844683279 -0.5479214456674965 0.08008429421142592
0.17103598559609295 -0.5238726844694936 0.07205972528749466
0.1686117094853506 -0.5122187470701063 0.09683939398103285
0.07472470897780388 -0.6217997281045456 0.11435726930983003
0.10801584112609079 -0.5344445419936623 0.13713070621793566
0.09240336535174534 -0.541621125001118 0.1289499169621724
0.0897783508940031 -0.576177885526897 0.13449731471949578
0.10445056614835929 -0.5699569250414304 0.14251342598163788
0.17413261346863088 -0.5938890381166142 0.08653111696072129
0.14210975383360025 -0.5637863390970665 0.0342353110152
0.16634554599898538 -0.564154823432179 0.0536168839116817
0.14813218129743147 -0.6078744491246069 0.04245855942405457
0.11851351987231962 -0.6034477980682814 0.0388547287422033
0.07699125031957847 -0.6578814949258036 0.09903788843270421
0.10630437589167493 -0.6126647336344034 0.14480746071587403
0.09118669090432874 -0.6145971218537021 0.1371946424076975
0.10783235191959505 -0.6625908935809012 0.14005200092760992
0.1623101889642084 -0.6915089406120251 0.09610516035615231
0.1680191112038108 -0.6534253013760499 0.092529410115036
0.16282699897490527 -0.6564914716886713 0.1145534053227421
0.13626350289366945 -0.7173552500900784 0.061668188349284184
0.1580867050289087 -0.668943875384431 0.06702885280065905
0.11287346171746297 -0.758012886340378 0.06639084552826534
0.08517442780804978 -0.7361899313082917 0.11704364263056852
0.1378459055424666 -0.6668643806375075 0.13755079929467207
0.12249335333094928 -0.7010147319198935 0.14002673606266336
0.13239334967771074 -0.7350389473573222 0.13613999726280868
0.15442165735828267 -0.7120378906180209 0.11774400651620145
0.14447138852942648 -0.7173949981604085 0.13019007147857742
0.15406508531145835 -0.7370174943022213 0.10106575377228254
0.015501998490042216 -0.13527156247340233 0.0320554450879136
0.04053057974737281 -0.2365371540138703 -0.028887149370637105
0.06751567848123488 -0.44615988493696074 0.05804976783174494
0.0769752406626108 -0.4926694471213612 0.0627277945639159
0.0759139575811397 -0.53965315584411 0.08489726017676823
0.0830843075804902 -0.5319343540513022 0.064072819934213
0.07955648133092898 -0.6068694367033743 0.07449425134009206
0.08355691960634598 -0.674499669601243 0.08043124903065142
0.06386023009245952 -0.1415479926402899 -0.08348693337538998
0.042699714131809195 -0.10493106171059968 -0.07346279670143387
0.06516738000883077 -0.11406543800401447 -0.0865926697265541
0.14184486610454589 -0.4016303002784234 0.016418609234170368
0.1327250104222785 -0.3271572474948029 0.09027757861463721
0.058552536834925964 -0.38792962471669035 0.016871665673877666
0.07565445717021532 -0.3853468001746503 -0.010257150817815683
0.0742039983274925 -0.4024976005461538 -0.0038608419721860524
0.11189447074757214 -0.5440579833139704 0.03272795577114047
0.11085047733204102 -0.5228749166857922 0.0284873141013326
0.15882600621148166 -0.5126410803662345 0.11766578523000273
0.14375428250146044 -0.5466699610102574 0.13829014227417089
0.12562029590312235 -0.49374833079792013 0.13017339003559367
0.06000360463346356 -0.31857860662815407 -0.023141368527708404
0.05835339212910603 -0.3377477593623124 -0.011307287532188627
0.11088792161628591 0.2104894049206796 0.02503258905896333
0.12246474246736129 0.33200942489056784 -0.06271682977110013
0.13496507259866253 0.37753385955284186 -0.06583379747048822
0.030121512465466672 0.07781431244302076 -0.11662717155765756
0.02491417928772723 -0.006552461603261865 -0.09999714886667102
0.03462730979029504 0.5140696605232477 0.040258827402401595
-0.0062102873455845 0.5513602196211537 0.01740341457802719
0.0053989201905816344 -0.12509836432585592 -0.021096238137192757
0.024965801902640757 -0.13900058119033376 -0.05111958169290514
0.16803954823585207 -0.11336678793736199 -0.011489084890012926
0.0925138155160493 -0.13531735517648102 0.07274076686732221
0.21779978901435174 0.2607682363476959 0.011517585988778459
0.19863037982763412 0.2678048904593714 0.004757679623144561
0.06810463360391142 0.37303969711566165 0.0852794383060569
0.08158704961457548 0.34180375126873697 0.08032235426954122
0.05360238789494997 0.5367231767597657 -0.0577412298856338
0.16635888936304036 0.4924303382974402 -0.03419197792628067
0.064254289796516 -0.0033734488801614154 0.11145117919071751
0.04831883138216244 0.193474781917361 0.05786729839080703
0.04785551488197437 0.2093452819546727 0.06017108016311302
0.10060159247070101 0.36072834561565503 0.07829060956653101
0.1191469803369804 0.3451074817753272 0.06696861777514793
0.0015198301245505526 0.3555727239589366 -0.13323211908983915
-0.003534468366492597 0.3425437759450651 -0.13311071659349627
0.1933379590185255 0.32744753202166793 0.010384501892200772
0.16228182335903402 -0.09287139485488438 0.023345350818116763
0.13100333489667373 0.25517255829141094 0.02086638865440685
0.13218540212814928 0.23014323909070825 -0.004809308601915694
0.14274146205276472 0.29145492491696084 0.0016477774897455909
0.14787689792089478 0.31238861450361965 0.0024085620645247466
0.15419385988102488 0.39218967033152086 -0.02061899242845675
0.1553176621186998 0.39143790378739746 -0.017363402922289144
0.023253674880835875 -0.081204824352201 -0.09140474216495569
0.0008930566270422186 -0.12528624800506427 -0.023731061218130064
0.014558655345758252 0.5502441149440654 -0.07096311707921604
0.14995311087301746 0.35032773876624934 -0.01935709223345448
0.10078631944628476 0.41213846510752017 -0.11989718205035511
0.09568374646318399 0.44480826542138696 -0.11251726087489149
0.08422607501587721 0.4380927447617573 -0.11287847418429348
0.00780987690968085 0.5341118172867007 -0.07821412044931941
0.25052077396748645 0.2731515732901275 -0.06340094328371709
0.11848457584121164 0.5030152449585764 -0.09990466564786661
0.11679162792819704 0.48027704257152565 -0.11578243548209619
0.0030698102090310725 0.543666918048588 -0.08335053638782787
0.16579911938631808 -0.080450901868094 -0.023968078354785698
0.1276456518971437 0.18105781118660086 -0.053618044492268715
-0.017790451073762432 0.22281870968515444 -0.12657144282975583
-0.040247309728804345 0.5368090290713144 -0.09954424392438518
0.01086848607640167 0.14956479206154866 -0.12621786165351312
-0.014547579883173664 0.180222437601815 -0.12786728719904591
0.005016030681825422 0.18409217356431656 -0.1280192670060494
-0.013551205812148278 0.12247096536449485 -0.12233816536053713
0.005103019490613331 -0.05968314853346013 -0.10169129743510955
0.17678158928269802 0.36686564998618754 -0.10074359193116965
0.19359864075162372 0.3852218635201292 -0.10434736061230575
0.0462291128878775 0.15443714154450766 -0.11430499065910167
0.022465479884680895 0.361987115170728 -0.13404493779193916
0.029421577824264026 0.3472153049659489 -0.1364974873583369
0.00845336948168214 -0.14958202019217232 -0.004099210846823125
0.013679134243557739 -0.18137071277788042 0.016222689571230568
0.0259464177903506 -0.12655892733515828 0.05204575723987975
0.05870821308794903 -0.22897663463783946 -0.05655495653006838
0.06100716556441859 -0.2009465467335983 -0.06832347197235873
0.059926187826071016 -0.26090817690459134 -0.0462209328805103
0.08527084574635334 -0.48452176936030167 0.040922889070290853
0.1000295939788761 -0.7337213188474445 0.07305149077857367
0.2668367216974384 0.27595501553561474 -0.030786298212486875
0.255006976615406 0.3025996218465509 -0.03574014006277134
0.26021033942469396 0.28833430639654317 -0.017424904644439524
0.16032649123203166 0.30353980903692573 -0.023864192022437097
0.15857156757172464 0.30516978730327726 -0.03830752561820845
0.18645011561571456 0.26480136488980244 -0.005567436730531536
0.22354982020221473 0.2747854340141725 0.013161795354250064
0.24514277539910645 0.287856233859219 0.004040099162984169
0.2591508800009622 0.2544163579281448 0.010102385584178806
0.19518250996510578 0.2516768890319022 -0.05942628454234041
0.1350119020079398 0.39102290871920936 -0.10056477804956149
0.21263313522985516 0.3131170514777635 -0.08136618454063729
0.22102167604430595 0.3380340570471514 -0.0749330262664194
0.17595823110709985 0.2925266953989042 -0.06664064180197025
0.15644973960358247 0.3173437906271498 -0.05667009560816109
0.14611053172332897 0.3411008888565975 -0.061181548303690034
0.15190019192045665 0.3397792870595866 -0.07570880207279898
0.17941764615580374 0.32381380646488583 0.0073251778783125915
0.1554011407841319 0.3694744269365209 -0.09709637211387095
0.08278209288289273 0.31391988737172655 -0.09967960987948732
0.12562078484167463 0.31911810755757514 -0.0548143372181786
0.04244558965168877 0.24895598772639882 -0.10828311849767695
0.17485738881299212 0.36803534250077263 0.006004662492577486
0.17599587359642999 0.3449970875264007 0.007153631824007684
0.22609522403501972 0.38329502970609775 -0.043304002911915655
0.21786929181616804 0.41008021297082053 -0.04715972175524672
0.15559448096183306 -0.020726744001357957 0.0071668003859390265
0.1621485065496719 -0.02276866540946734 -0.01259904595669677
0.11495630967320301 0.09530835796151642 -0.09744594807434412
0.09461722946323779 0.10450933788493152 -0.10810172728103609
0.02384073598584124 -0.11047237102831414 -0.05790270860752519
0.020704507329460078 -0.20899640318223803 0.02887413034516698
0.0858268996800402 -0.2569388001797053 0.08992980164275756
0.10258728274797334 -0.219672683875118 0.08361532457174935
0.07721930409263611 -0.2168994787657411 0.08142270874329995
0.1283644755336435 -0.2664500081770968 0.08563456418126293
0.10259158922256484 -0.3648346542802878 -0.023581848482305563
0.12300969156010695 -0.5750047328166602 0.14682007932927266
0.13926786670360441 -0.6158652964395446 0.14260932731615464
0.14314429280296986 -0.5717392636146867 0.14186331991593928
0.1588262433490737 -0.5741375198271597 0.12921418935130155
0.1591210238032741 -0.5477481062235531 0.12597390742152523
0.16194606439281162 -0.6427974207222189 0.06441769995536245
0.1517414591890673 -0.6555162693951865 0.13003088373542762
0.1440449926173472 -0.11722274173766495 -0.07375931424217143
0.14134855420265688 -0.08869712664358398 -0.07779520480002537
0.08450974035515024 0.18072108485502048 -0.09540494379825767
0.1316518665973475 0.23119580695767478 -0.0267021471827216
0.1293508581354097 0.20423719567766604 -0.010865587390089594
0.0891965513274349 0.23541959481505614 0.05163861172690218
0.0999559458433302 0.22596258768710836 0.04105735434830007
0.00747893194284416 -0.12401788898896882 -0.029720925330932423
0.06212634105470015 -0.16781893398782494 -0.07798718741478418
0.09190312207380111 -0.14678729863222734 -0.09239152355205275
0.23099158368103173 0.3482787740333865 -0.061462625558708066
0.14617926523559047 0.355787427832335 -0.08030707686249748
0.16965474721572396 0.3897369770236726 -0.11115537074402473
0.1031239545001404 -0.02419770766613127 -0.09739860684635725
0.13141093141363294 -0.04335776601550224 -0.08558980884528652
0.10745233263020561 -0.04547943096490442 -0.09611719522608671
0.03929451508528668 -0.09820597703006113 -0.07232042301983993
0.040223906091194805 -0.27724419106055176 0.05463251906641313
0.05482577444287228 -0.33252714483456103 0.07215537017508347
0.0656413654416014 -0.3991453118511774 0.09496514882435195
0.08103024309745992 -0.4601473457094042 0.10325702945288175
0.08415975690259823 -0.48104933627513285 0.1055450298138191
0.08078356629667498 -0.5589572110010546 0.12108739490294335
0.08154792532214798 -0.5793120632157345 0.1265766956241043
0.0808757994082234 -0.6178143664158352 0.12693896949710726
0.08719616457395468 -0.6630395272295416 0.1253823539178229
0.08883695820895658 -0.7021644678029851 0.12457583493614932
0.1421617390058562 0.3712824823220606 -0.08517976758033338
0.14086462550008125 0.35628280158522485 -0.06508332360689925
0.1355475754308703 0.3946422844880477 -0.06424378323420342
0.3500106609927587 0.08659394042488715 -0.040046581379522835
0.340061858224585 0.06866595801793898 -0.06405536745494755
0.29183760656427354 0.053761786315314475 -0.03829734864219216
0.33142962902316286 0.0564566141023722 -0.06862870948829926
0.2887244877832284 0.08681211413948323 0.00752469177270158
0.29380514218201886 0.05877740097414067 -0.005510700940448637
0.25483515400547196 0.142380581403533 -0.04262466730410088
0.336757100403813 0.12980902150032841 -0.04320926681481706
0.33863599610162415 0.13065327836941326 -0.028308101635945635
0.28832889755224755 0.13576095460426335 -0.06054940729363843
0.2977971511660106 0.13653278657065468 -0.06315193230817226
0.3309691001505813 0.15188605105647895 -0.022028696628321066
0.3155461742966104 0.07176075145167646 -0.06550610823387845
0.30723310997928743 0.0999714184076999 -0.06528713179383723
0.3248171840675754 0.03022056094248555 -0.0038716019916163035
0.30878880684840226 0.03532662129218875 -0.008921937264592247
0.3091413362884616 0.031475531912452726 -0.05070716627195113
0.3622251676979538 0.041008052347448004 -0.03900823380837407
0.35441664634420367 0.058924771665905255 -0.020146556206842536
0.2809266828378666 0.10714667898627467 -0.054734922082414116
0.27610684460820256 0.08616950623276805 -0.04025068355486805
0.3332294711361664 0.10502176179721781 -0.058894769838065464
0.34250616779768767 0.0940800942612477 -0.007798177957857144
0.3067036097729849 0.1194013140969953 0.015988399177061744
0.3230178126799762 0.11275681292046243 0.009173983299028758
0.26121914321878037 0.12411078529800235 -0.04242382140643713
0.2565564481940241 0.11573420673045276 -0.027609709068823655
0.2630643652871855 0.10588198016261975 -0.008008905741146448
0.31147382959511977 0.19176731348715598 -0.0410301075003953
0.3242832563556873 0.17171566261922996 -0.03210435041359131
0.31761135937426566 0.1869991818907744 -0.026294278693126314
0.301861856527551 0.20605833423443062 -0.005912004748197746
0.297505629499317 0.12473814919510365 0.01824303683328183
0.29909097661853856 0.14864206543966646 0.02096117055671804
0.2527771770110696 0.1646612407692372 0.014289840447418134
0.2484268792125926 0.1412773593084753 0.0013733537211466362
0.22041953875526732 0.2087029288643678 -0.0019659217642229746
0.2273856750854866 0.19507559527962182 0.001327140846368177
0.21909407380123547 0.20025938365514062 -0.03725292582139122
0.20349639242941722 0.22544841868122897 -0.04227898364689178
0.21922198921978953 0.21234621824148292 -0.05036766880559282
0.2807111990962766 0.22536983806808156 -0.04815882316002496
0.29212587147128183 0.2267170937467873 -0.0326294027232483
0.28577095463856217 0.218251525642862 -0.04749981563810628
0.267936731966623 0.1567851866438817 0.020859591823411103
0.23375174327745726 0.17380413740954948 -0.0341521636319184
0.27515200815480106 0.20670930159657885 -0.05339054972114019
0.2802207787926929 0.19678710153818696 -0.05311918118515379
0.30305594990112456 0.20930416821827127 -0.036260350395184514
0.28724259087585513 0.18139578291020497 0.021969493094791615
0.26938904869192826 0.18776399442346767 0.024180646008245064
0.23763073353822523 0.15683288113626975 -0.002973169112540828
0.27065659826772864 0.177963154085452 -0.04973214196229617
0.24792882754048082 0.1814956040244615 -0.04547671688008792
0.3099467477063533 0.20229419138748952 -0.0214082238010248
0.23999802379920548 0.21218733370477616 0.013993593741638069
0.20508540110302723 0.2337689408176991 -0.003200939052241891
0.19810613576875294 0.2333775948121186 -0.014934493905999597
0.20705889105621927 0.2307854742181461 -0.05580398773450971
0.2749813314368776 0.2516515380067474 -0.04132845818084905
0.2793877559382284 0.2505304225405585 -0.02453402106873603
0.32988955824946464 0.07287396976279104 0.004977834714171011
0.343586228390704 0.04545688564188355 -0.004268421923860527
0.3437700328935396 0.06839794423922857 -0.004005524541253353
0.34088950509390287 0.026632818261539824 -0.006214942784775733
0.32692943868913954 0.07760894809434696 -0.06677605622747886
0.2911442975994054 0.16266214213464716 -0.0592073835046767
0.27452399796466753 0.22170994564533764 0.015185551112138963
0.29538136324354225 0.17275745196471032 0.020180341043959833
0.2975266964358388 0.1791597460580091 0.015681131282781348
0.2741696647809085 0.2005196757312449 0.020904939239353083
0.2537257954070481 0.21015675418904767 0.019026457079929456
0.2718016137524363 0.2126151491118889 -0.05385185571760699
0.2706415749166623 0.25117831424194786 0.0027416596717268087
0.28033028054892456 0.22976551157934028 0.006221401831102454
0.2785237185276202 0.24720274756615196 -0.008369758481924658
0.2930134515751442 0.2202434000358195 -0.0036293013452029245
0.25886391488432253 0.22903161243624953 0.017412083587002813
0.23917784344977525 0.23850135247590898 0.017132692406062477
0.31253818704512476 0.0759797919426703 0.00922254575798928
0.24991792178544361 0.12660911409623832 -0.011912767395495372
0.2343520778039221 0.15782661046227422 -0.019101457718531077
0.28568138448126473 0.06175085091722349 -0.022464009829582084
0.29763683434698107 0.04183141886579442 -0.022792568218442243
0.2751501495183282 0.07976377825440159 -0.023214468409887567
0.2504931838610796 0.18086608565206894 0.01720557492655545
0.26804819978689676 0.1721385438244805 0.024197507431643527
0.3032889648825951 0.21397946309786034 -0.018793955317469697
0.3565618859783514 0.05609992341580891 -0.04819980073383329
0.31134467076586003 0.14469344929670572 -0.061248393307629226
0.25837505382498843 0.15633040719884314 -0.04699566526231703
0.2596397752707554 0.18265133863071817 0.022286950485186235
0.08082377676554364 0.2849744390719061 -0.0896957016666796
0.13157228654812927 0.3574868063887349 -0.0565904592447598
0.0218515654059773 0.7066678177675776 -0.0849852518037969
-0.013998870398292574 0.14564374160917098 -0.12208137144137776
0.022426095376402413 0.6966642195326749 -0.09448776329272933
0.03561658894128811 0.08158628831449576 0.08360499178640667
0.1422023922894008 0.061362841433129006 0.016078087133538657
0.13109894370609765 0.07960384314316271 0.037635611305701144
0.14563925861713978 0.10085403067906436 0.010524353392563371
0.15136610277403004 0.0776461352342982 -0.0382181222907777
0.1501692080208478 0.09473556528684204 -0.03871095426247926
0.14543995341013616 0.05765149125782254 -0.06080934618692516
0.10140618394266145 -0.0037016810906546327 -0.09991225940573961
0.09794227835892051 0.028535017961589085 -0.10322519102871665
0.0479647312100984 0.015201290267946645 -0.10013502344982934
-0.0032372976702886 0.005120357716408954 -0.10103317671077992
0.014158910980809918 0.008289625935688912 -0.09978852310495204
0.07784557976895355 0.45464095679756755 -0.10507308648637559
0.0756859201368931 0.5504661185665632 -0.020647008667553344
0.13511928695551567 0.513025278368756 -0.007082257061121984
0.06436830901547133 0.5484567228309184 0.004035251259262793
0.1540208114061292 0.510288644326009 -0.048394534393613624
0.16325041783127978 0.5056068703719617 -0.07998741549072644
0.16867912713020966 0.4709277155214996 -0.004509157532685358
0.16055639371835392 0.4656654059532977 0.009835061825996048
0.20505999218775467 0.449943424844846 -0.07321179119612617
0.20494958917330416 0.44181983434511596 -0.09046182518692894
0.16160718278340697 0.4911724120285902 -0.020308690629565855
0.14744058964447043 0.3894830115455663 -0.10910387604911555
0.14381718163365861 0.3994460145327723 -0.11490310428832412
0.1625284578036493 0.4100792400614007 -0.11953356895119148
0.16851962607202428 0.4106643440815049 0.006776674418518935
0.17052421739257614 0.4001800449178923 0.003676691570384955
0.13571004191523897 0.522313049752492 -0.06128795206188594
0.200462738204908 0.45568901414156987 -0.05480626271339527
0.20318607602157862 0.4460969084479671 -0.04411292210761952
0.20164181948231388 0.43558033085792547 -0.02526115497283508
0.17406821129625172 0.4177718589207817 0.006270789833611592
0.20817246926982685 0.3983180721218087 -0.09644417125193065
0.17082602271326158 0.4874033892843401 -0.10885103897200346
0.15928707478708262 0.47155162620725993 -0.12263455562340174
0.14740731299625942 0.4852611331585323 -0.11935766005423111
0.1400887961979233 0.39300058689703354 -0.045784221297228166
0.1551720001875753 0.3832073590745063 -0.013865846843014487
0.15074146653380693 0.38168251853061225 -0.10351431994981623
0.14940661911877334 0.44534927889488807 -0.12590697988615038
0.18319964735236346 0.3833854694579268 0.005424858167155761
0.1672059746213823 0.4051384467681665 0.005342376125805188
0.194189422219035 0.4601800580812876 -0.041276946125345285
0.1850074013934207 0.4502809373934808 -0.009955903166424291
0.12413184786252161 0.42784674115563126 -0.12033417108879929
0.13570820949210977 0.4110640870628588 -0.11884175435792715
0.09151809182867963 0.46102538167866824 -0.10668383326293919
0.1892670973458733 0.367259490469873 0.006742643598907142
0.2870363700405965 0.19616710987788438 0.015454215952964446
0.318834358357901 0.14318985065355544 0.008750866081111933
0.32246201365674804 0.15757826215477364 -0.05011430007555852
0.3748740906108417 -0.04807031077378765 -0.08618044646009734
0.36071142857115446 -0.03256093509971786 -0.08420417880951286
0.3575404820425696 -0.014297628535523242 -0.08043589411199718
0.3535312196366831 -0.03740203000306494 -0.0807079987142531
0.34601454589577607 -0.0437794354107896 -0.068601233428016
0.3420036344247538 -0.022991601663879473 -0.0709007709743701
0.32204559410690703 -0.001658483312386242 -0.04841826036019776
0.3342327382110921 -0.02639427761048715 -0.05211010070351859
0.3323519417622531 -0.02331940377281452 -0.04349060678085135
0.3577131634143695 -0.0473979482311056 -0.031850251592749734
0.3621868864773761 -0.0367327588881807 -0.027824269081458172
0.34714372203810817 -0.028810635524823294 -0.026492318014707954
0.3624913910796786 -0.015846432004898794 -0.02273554987352355
0.3748720507448706 -0.018644190940090535 -0.029249999571049706
0.3863149980042689 -0.027554585589645044 -0.04068538374010522
0.37574628288877 -0.008419838124943456 -0.03420450391074412
0.35398135075543047 0.04533080777726467 -0.062220554023910295
0.35958322618654126 0.023272408717323032 -0.06832825966635131
0.3482916143430026 0.030922781149918647 -0.07189545735298268
0.34081311366812633 0.016903748088124258 -0.07380176780607518
0.34575749613924717 -0.0035758380216201736 -0.07637632046684316
0.32567865315809186 0.0014621678029528317 -0.059087377844211204
0.32767274888712383 0.006411847378571202 -0.06374384405480266
0.331984782368919 -0.016578993093123714 -0.030534200860812995
0.37027180608545557 0.010886029977897619 -0.03778078445189405
0.312525311420915 0.016761241836696698 -0.024632856660555015
0.3596118063678668 0.02704652110219494 -0.020327248958271607
0.3836021157376721 -0.029754696179197068 -0.0668895474259522
0.3704566378310851 0.005392673131940642 -0.06321133710907022
0.32724319367869315 0.004801527537589808 -0.016287510681617934
0.3719124996887714 -0.03350484410609833 -0.028899485775538244
0.3475820088605937 -0.0962413017935978 -0.09925430626467514
0.37069160671059354 -0.13160153833977217 -0.09583058799049533
0.37260099176643524 -0.12915643974637797 -0.1040149583985068
0.3823902060659871 -0.1338756997620359 -0.10311111696130965
0.3868074037828052 -0.13936247093543264 -0.10251647712458359
0.38956157197215185 -0.1232662386134829 -0.10150117976575956
0.4016223541155278 -0.1219790704316796 -0.04838090480849866
0.3692072468095247 -0.11187560019079729 -0.060668318834027304
0.36636421486555204 -0.10846649914630269 -0.06256957442495235
0.3647610089684514 -0.10946620538554162 -0.0669396054671143
0.37863631523563157 -0.12500493579176308 -0.1071503912755436
0.3689179284316861 -0.12934337302120852 -0.10980494567955326
0.3562514284699772 -0.08708414437750056 -0.04844464902804313
0.34759418711949164 -0.08206390664518765 -0.08436961157860794
0.3551543490008627 -0.06614555400854283 -0.08680183152683967
0.35375507320925115 -0.07648824222701567 -0.09352394260334622
0.3591801919082316 -0.07823626042255244 -0.03576391328942371
0.39113126275402216 -0.18492337016414506 -0.10374243433581773
0.3789934139465289 -0.07518363462061634 -0.029145982808402558
0.3871441692380205 -0.07158225566712262 -0.033377880686445045
0.38473996164958 -0.0663656726850716 -0.0326105256166715
0.3751307473295457 -0.06867773515266778 -0.02998845167634066
0.3898716667064988 -0.07729269422335566 -0.03432643949108145
0.3735381080241628 -0.13574886880801584 -0.08826168955979022
0.37286550923411327 -0.1278001326402894 -0.07626253088196072
0.37788746562512315 -0.14686165099737702 -0.09010776012934535
0.3776853388859204 -0.1406788389217437 -0.04752018914466033
0.3881637719608396 -0.16125121211930493 -0.059426966666675185
0.38814420502761054 -0.15991403725106978 -0.055772495800842974
0.3823657487978576 -0.05929081394073798 -0.03166307016993352
0.3720804738358068 -0.06041484250878704 -0.03079188650871017
0.3867907262888317 -0.10538014674845775 -0.025026591187793826
0.39391895254510795 -0.07086797799702349 -0.04172386156426606
0.3917833777332143 -0.06190436485948919 -0.03918940658664313
0.40528550349609005 -0.18463119445535406 -0.09869783707552458
0.3667416528972491 -0.10455450816065454 -0.029865898292979906
0.37579324990578133 -0.13593061700831055 -0.025810381661320637
0.3791491740965999 -0.12870201043003981 -0.021796577986033887
0.3540291154617435 -0.08464689490782557 -0.05872591215122325
0.34848817474879556 -0.09708397067638698 -0.08151135413032878
0.35009555097458717 -0.062171759441485175 -0.056880236129237136
0.34958687845657305 -0.06255492158171044 -0.06738473634851914
0.34714371095052765 -0.05299788214668022 -0.05741160327476102
0.35010606757434415 -0.05682444766470479 -0.04894512894880887
0.35460110850200205 -0.05508845445603555 -0.038035253638817955
0.3787374981810597 -0.04526618997966575 -0.03069417004284486
0.3905887953253771 -0.05098588150334077 -0.03722283213338229
0.3562656679714257 -0.05492815692067049 -0.08432905340224199
0.350973409095887 -0.059427415058763366 -0.07517965794446686
0.35018797456824247 -0.05068233214882256 -0.07422215957079252
0.36544598624859076 -0.04814851723812346 -0.08760661063625341
0.35270991052236683 -0.12217223200144067 -0.11171002037158631
0.3568525949318917 -0.1254591380687235 -0.10752072615044712
0.3564402312242816 -0.12203621974199026 -0.10399826215662047
0.394203185009665 -0.15241916881557838 -0.10220430381772433
0.3982645635478786 -0.17935569214189845 -0.10580536905693526
0.38866689713183916 -0.16271038438091778 -0.08360098321022877
0.3899565259671832 -0.16524660344880476 -0.08492066723772149
0.38614173055926143 -0.15902582031496315 -0.04510302902252483
0.40217412670073593 -0.15257641732813876 -0.07856374791512684
0.40258558305927217 -0.14273982038547212 -0.08985524500116318
0.3807795374368664 -0.14415889546325927 -0.057548745522295
0.385382459165356 -0.15741285014030149 -0.0803611062001488
0.3770349855328617 -0.1097507247296378 -0.022299154240056233
0.3940563508526139 -0.18574556035468437 -0.10603717454908752
0.35937875634932503 -0.0557368549021694 -0.03414510447709022
0.3980507840509924 -0.11605212252425484 -0.08874741790783926
0.39788265342113477 -0.1467864250448072 -0.04041235947930288
0.39270072642373016 -0.14982651471590802 -0.036076424841054944
0.39832816222264955 -0.1520264445162493 -0.04104251103837637
0.39102141146500413 -0.18424816658052584 -0.09336359636961762
0.39452354665145944 -0.18347419717375874 -0.08952839255804038
0.3850097379741767 -0.15898290170947765 -0.09830612905606416
0.3835339479444991 -0.15920105266658452 -0.09276573507116628
0.38947590268129073 -0.15714651213755115 -0.10219691964621025
0.4045720571948971 -0.18536398351277114 -0.09303514652902166
0.40266559771421806 -0.1383804200937343 -0.04869672242247824
0.39524650321006516 -0.16192810742558378 -0.07884994433447833
0.4007986913463497 -0.15744804289755465 -0.0850684324237604
0.3996694821989306 -0.15889396515491866 -0.07864325053894086
0.39354818664489893 -0.1761177701554238 -0.10555477170546937
0.38615535768015063 -0.07118363281879575 -0.08358000253228941
0.38982792129128757 -0.18487448581429317 -0.09867679083094426
0.3817676004768985 -0.15083891566128282 -0.04069383114560083
0.3886095455805148 -0.15976405154646123 -0.03893683013332044
0.3855279170977506 -0.15308989349783986 -0.035714024401341395
0.3951828919554725 -0.13030124047395159 -0.029441966694135763
0.4045212949173693 -0.14479939866682956 -0.05953908310317795
0.39871343672010234 -0.08925220652833638 -0.055522269375385166
0.39673253066721537 -0.07499239679548891 -0.05149512195649557
0.39581964107385637 -0.08827320943484801 -0.07651962572832724
0.4001104444948724 -0.19209118167385636 -0.09034233142188076
0.39537585847830087 -0.10220150764704368 -0.08561175774996418
0.3869699484398622 -0.15924492099662113 -0.07615699798353266
0.3755558582594705 -0.07833954007233013 -0.09468090822616514
0.376529597371027 -0.06632787672595308 -0.0891627300627793
0.3721427642898658 -0.09888355192420704 -0.1100282944784873
0.3843909628515339 -0.05281111808619682 -0.080795162878882
0.3564117615017425 -0.11888167295126546 -0.09497366344123725
0.3648555610651497 -0.10797002367174041 -0.040059965560012664
0.3934291200750565 -0.16344054994011714 -0.05746330401054135
0.39388675143877083 -0.16282368196738006 -0.055382496534551615
0.35060578063651676 -0.11073350357315864 -0.11222603359692167
0.3550606624645596 -0.10996559739379147 -0.1175958644383692
0.3620967026818318 -0.11039184180139378 -0.12003399425245813
0.361743765575728 -0.09875968060433882 -0.052330699246524205
0.37516969280767887 -0.09621059856914532 -0.02410456178717461
0.4023451245916478 -0.15591537830801044 -0.09368687550560677
0.3955847711551958 -0.16399649402424077 -0.08301434014882543
0.3610906983781535 -0.09943943360616231 -0.06075238465663649
0.36437663853853025 -0.1266408892577608 -0.1022454835517331
0.3637110526475586 -0.12942299278218217 -0.10806728049657716
0.4017964677969008 -0.15628224030700566 -0.054663393503269195
0.389678892164039 -0.0468325082327663 -0.06911479844546228
0.39232394308604795 -0.2002822654753918 -0.09399004503734575
0.40310509196884026 -0.20207252998616498 -0.09586998059491854
0.371851382540746 -0.08954356990603358 -0.02571709738615201
0.34806277675312025 -0.04341766276634454 -0.03650682482155633
0.36823308557922724 -0.11790070243073919 -0.12179204382074985
0.39549110177847413 -0.14544916606642694 -0.03509559760847357
0.40273123774250674 -0.14983815938542383 -0.04766123574481537
0.40241863569764735 -0.15905412618448855 -0.052317719345244526
0.4033487263210981 -0.19847788628175417 -0.10106394212600021
0.402750490687779 -0.21680109694803051 -0.09745274519678716
0.4011953493262182 -0.21497824625896267 -0.10640106111220517
0.4003538946364856 -0.2172185863882976 -0.10729080895529967
0.40094141673409656 -0.2264135829612606 -0.10668941420218357
0.3986501600384163 -0.22184957313547132 -0.10787006863784039
0.4030987117301473 -0.21633507676500885 -0.10255034780008278
0.39865155168654337 -0.22800214541891647 -0.10630886913496804
0.39692218058872997 -0.21904380648098207 -0.10785569787469791
0.39515667935649196 -0.2258161904677881 -0.1053041669082941
0.39451693917203245 -0.22644690865876713 -0.10333671752657417
0.39245251882007787 -0.2142212792762599 -0.10476818802828441
0.4014318941104336 -0.22072425417878877 -0.09567251394375596
0.39133530038124825 -0.20082026200900238 -0.10341502724614121
0.3926493103010109 -0.22061345401564975 -0.10033687297329517
0.39366562980933334 -0.21550909376050054 -0.09508573251760442
0.3967228019405 -0.22461724172791492 -0.09563130120932875
0.3939913306115391 -0.2253228892395639 -0.1004480467802834
0.4045566450294738 -0.1867313152240645 -0.0771908363605845
0.4072494251496448 -0.18819060024888856 -0.07164585961618991
0.3938944597306554 -0.16687624450153427 -0.0592610443200125
0.39570367196608325 -0.19189719203416206 -0.07799132438424468
0.3976002990161167 -0.18813890739014977 -0.06228757647538368
0.39064317509028024 -0.1688285500577201 -0.07415881478361909
0.386799963940649 -0.16075070210014397 -0.06706619281718722
0.4057849689707705 -0.18903938457472944 -0.06499980115957865
0.39970490287237725 -0.16476732587982929 -0.05961487587682111
0.40648016116498575 -0.16844880496358663 -0.07028078962461198
0.4047388316506824 -0.19927574964406208 -0.06578269932342519
0.40489626647279986 -0.21928709215425268 -0.0719928187267735
0.40243024072244366 -0.21612057527570244 -0.07681370662696277
0.40045268841211124 -0.2331672516823473 -0.07638589215141167
0.40162067555244724 -0.2306022846308739 -0.07644340142422562
0.4032552217809488 -0.2373911444666186 -0.07479369678154103
0.4035290568589687 -0.2258796737359377 -0.0755003809434258
0.4053527827697246 -0.23772788907370013 -0.07147914651710428
0.4028518201558814 -0.23993714240801234 -0.07436597325121322
0.4009378671154787 -0.2413282236261724 -0.07306581796854712
0.39860524159057276 -0.21741716410836925 -0.07773075009775315
0.3975477816342435 -0.2405662732855905 -0.07172432953764635
0.39633873826872523 -0.23441156156453752 -0.07399365179314606
0.3967483374311495 -0.23998877868252058 -0.07073147093474352
0.3948896701694537 -0.2321716918713292 -0.07195416754290873
0.39543011067066436 -0.21476920620853251 -0.0767651960547731
0.4035501071390774 -0.24331877930341633 -0.06994577681310547
0.4033918494478147 -0.23676323373222397 -0.06393806202267391
0.4045342440488763 -0.2418811422576888 -0.06634870858632047
0.40512539901301486 -0.2406694650985918 -0.06631266124518882
0.39408248679232405 -0.21571860444165508 -0.07347530493424692
0.3951762549986424 -0.23377732969895113 -0.06720665884542668
0.3954502428861249 -0.21695498429757382 -0.06431840061056462
0.4000912896227489 -0.23525671796914518 -0.06297963157913246
0.40115570335957557 -0.1823249317135367 -0.051988758702920766
0.40444854541697695 -0.18222905137378695 -0.05017859128350597
0.4053771335610888 -0.1800442272875733 -0.04545310688424371
0.39746092209225303 -0.18376893412199097 -0.051587921309306894
0.3923612602950828 -0.18317242900536065 -0.039026446654752495
0.39328131223589885 -0.18206014097604073 -0.038068067036717765
0.3910256883321439 -0.16719561955772766 -0.05088040709838551
0.40263638547035946 -0.17888534324289196 -0.03988648578719883
0.3920958577281036 -0.18315661643032544 -0.0445405337896196
0.3995876933298126 -0.20722450097570932 -0.03616781952808291
0.3970702884762399 -0.18463953208127687 -0.037125071193535364
0.39523903738552274 -0.20804451199390112 -0.035699226373285715
0.39247995414237496 -0.20450356771599365 -0.04215037546021465
0.4035933011728996 -0.16075552071691496 -0.0463773271431987
0.3904545753093396 -0.1669234749159626 -0.039015184502615825
0.39153551226410827 -0.19054438446205604 -0.04090099586195715
0.3926622333683357 -0.20502425858580153 -0.03797660137718777
0.40196845890517235 -0.20625467685345644 -0.03837812312541978
0.4029624276799316 -0.21391670036490062 -0.04251330890869742
0.4019871906516752 -0.20424863514854386 -0.04771814574574588
0.399623304846247 -0.2069296590844813 -0.04839102643578782
0.4019576000092035 -0.21658658937134595 -0.03785750977544244
0.4025768569459395 -0.22307033342689797 -0.04132360297299155
0.4015616909737381 -0.2318088085724201 -0.04258321686748947
0.3984825988544146 -0.2253034324406584 -0.04677640772836001
0.39568035276593333 -0.22265355175068796 -0.04647610122810919
0.39354295999110817 -0.2184056799613991 -0.045433765220888954
0.3988720506604897 -0.23211936802288213 -0.039904070792631655
0.4010031811227053 -0.23011637534308294 -0.03692882791946653
0.39407657244706185 -0.20811679888114276 -0.04593895762558581
0.3935094131418339 -0.22361364733579867 -0.03664680217925487
0.38844703991378154 -0.16555470284846363 -0.04272086781522617
0.3968827750909604 -0.16697563721632158 -0.024256282723216276
0.39448133012232195 -0.16804756089708495 -0.026928246752977385
0.3927221878570287 -0.1516724960365745 -0.0336355170575089
0.3796221848962391 -0.14468827161788161 -0.02526076496825984
0.3822135822582883 -0.14633221801430712 -0.021740501354465175
0.38961234445296805 -0.16506873635909353 -0.027923052954357236
0.3852883633692398 -0.1661269105539971 -0.021068863943425442
0.3860907122666887 -0.16461213279397408 -0.01714877824191411
0.3827947124679813 -0.15230727548245376 -0.030243772018985055
0.3890681239640843 -0.16579117151971826 -0.015025368984601196
0.39335103415049794 -0.16373947266052485 -0.016424693053370135
0.38534329434427217 -0.14464442958959084 -0.020341388003116863
0.3926028043879022 -0.16718199698062985 -0.02756719622232948
0.388247370288091 -0.1795392356163129 -0.010986581584497456
0.3861108806839246 -0.17541018296521455 -0.01340819013751807
0.3952648542738841 -0.1460503369113798 -0.026141986530546064
0.39676888343866284 -0.1654540245902313 -0.01964805948509055
0.3949754456399383 -0.1825577474243848 -0.020547835629809264
0.3921770246812886 -0.1893106379110226 -0.009656832742939592
0.3944053624183988 -0.19574115963837108 -0.012210515440206213
0.39459353603852904 -0.20136430875922057 -0.012495475311572643
0.39332316975921044 -0.18396669515754788 -0.021623350680009486
0.39261806576997993 -0.19844810793648104 -0.017372518219602298
0.3898752067336636 -0.20163648967600767 -0.010429374725049357
0.38806979657365354 -0.18458894185879132 -0.019903371450103746
0.38558227506702747 -0.17729509228914853 -0.014393475344080663
0.38860692102798333 -0.19945388520817578 -0.0092662980271066
0.38849459033198025 -0.2006560260551517 -0.012112392461684392
0.3624941089083173 -0.1371944176079154 -0.11318103539136097
0.35419327547058743 -0.12799232343904293 -0.12201336515352407
0.3682763013741395 -0.12811194212795463 -0.12568307424583486
0.3624936399533057 -0.13226746419057617 -0.12997597109155265
0.3563844057715672 -0.12353962750572861 -0.12334840933062778
0.37298676058883107 -0.1508298152766151 -0.13229600503168532
0.3719966668290766 -0.15368216894983833 -0.13948500642373396
0.3657815424279619 -0.15223988330925103 -0.14158142402938764
0.3643467742879799 -0.16274604278703741 -0.1460021347802888
0.3671835961432812 -0.16371032212478892 -0.1467337848945594
0.35502245339623323 -0.14315360074941136 -0.13012471109223084
0.35897071805310976 -0.16023700544877445 -0.1355995788863882
0.35626775338279054 -0.15195322510122167 -0.1305088264088736
0.3669039941733372 -0.1656634513250636 -0.14620648937703107
0.3664640330183179 -0.16668016506374306 -0.14397771083433702
0.371598915683533 -0.15797912478084308 -0.14250126449458908
0.3709462223918934 -0.16518753036121675 -0.14384942139731702
0.3568952007873462 -0.14267225368176523 -0.11867905527902259
0.3619135853333446 -0.14427433558323205 -0.11627345867642087
0.36844340431761324 -0.14777010143802932 -0.11963809604052525
0.37147304987835916 -0.16109290420308858 -0.13438004872658696
0.37090580490750114 -0.1649481230437559 -0.14031510046212106
0.36704315774225105 -0.16624324894984976 -0.14015994450489527
0.37601056960564755 -0.14029485400290992 -0.03281142147580105
-0.027243270617288543 0.6790037150593201 -0.17516876103663775
-0.03658728468064968 0.6754397314051819 -0.17827379215521352
-0.0443907263274011 0.6826980901368047 -0.18106120578038068
-0.03084184289368337 0.6832623037611885 -0.18094346227108737
0.19267152395546736 0.31566190154033985 -0.08596748441373653
0.23842336511988874 0.32803509427567434 -0.05602487845561444
0.11845452231664004 0.24761991762487 0.03644517625492671
0.06565907128170043 0.2312886571596585 0.06117782560363591
0.11256173764401552 0.22629219080994353 -0.06511626812717633
0.06202669530232121 0.2154061422893426 -0.09877899792579199
0.10271692498565295 0.18205119923217425 -0.08444026140761587
0.07877994481249725 0.19310451590423838 0.045576304570261406
0.10135720470475597 0.21056504547865829 0.03445090263579346
0.07667351104771003 0.2138808825244843 0.050799795744395276
0.12243475595391447 0.267601770370396 0.0411914845822381
0.11092816434198177 0.2839749651424552 0.05704180719889069
0.11134405223708845 0.2497871182128062 -0.06479409598627656
0.13788980492096928 0.26152677348635767 -0.0008383345897099293
-0.013519467326443662 0.37704139125711195 -0.12353998429633045
0.014618468087169777 0.3761553384250572 -0.12935195149293935
0.032981771321419065 0.3739648897872385 -0.13134307289095448
0.0858693601075023 0.37067897418723306 -0.12562026390454575
0.08009306008066058 0.377807992641536 -0.1279807618145456
0.10224036530980388 0.374169573078624 -0.11911909401424876
0.12020480284503327 0.3579164388664659 -0.07678619768152667
0.12810019509916926 0.36085628260960084 -0.06492310618536444
-0.03456179039663061 0.3259277600049141 -0.11345314335954823
-0.03525987821525252 0.34233030836431677 -0.11373445558439134
0.29680368559251674 0.100054109074952 0.013750088094001913
0.3528474846271451 0.01049811385166949 -0.07610196950541961
0.06013107892027001 0.5200672182577939 0.03908974850194514
0.11337411911294543 0.5258290119845137 0.0034065678147703914
0.1443930661684271 0.5168174265268719 -0.04013138803407166
0.1947770298639103 0.4688482030734929 -0.07180215863920468
0.23746638667055361 0.3443752868464303 -0.02077751753962456
0.24002841411250606 0.31878622350233965 -0.008261664437664558
0.22959027242529167 0.31806610565673055 0.0011215742466553305
0.16895095239975957 0.39826040273098845 0.002239713360059967
0.11481412606260823 0.09672440051468968 0.051899792855181565
0.0959237697817718 0.10346064965097394 0.06101113522434596
0.14800222884940528 0.10993161155678277 -0.03834298468259946
0.129895970273084 0.11406392268521637 0.03007160663924292
0.13984076827579572 0.12158271678023662 0.009934670101613767
0.08311556738796105 0.06556821382270511 -0.10711840668099125
0.058111074632090386 0.06758286834667851 -0.11004440581540113
0.012553536797813897 0.06845366567213623 -0.11599831007093368
-0.013761186500758957 0.06334558041716634 -0.111635161746495
0.12773114267194222 0.10841496087482975 -0.08153777158323217
0.09736778355605535 0.07854242432879435 -0.10657666804942441
0.06603378467823766 0.12461685241462084 0.06097345703433301
0.037634996970066247 0.40162712822733543 0.08388308973294738
0.06006815334054914 0.3961066531333602 0.08576483781846904
0.16569440525551388 0.4389022273991026 0.016083420082506614
0.19039816536053963 0.43852051099308964 -0.009466090154579339
0.03553019717197846 0.427942180674849 0.07641452249791542
0.02631002344042416 0.4234503803181774 0.07819753730316548
0.132944648732313 0.3460567087151065 -0.050146001544791347
0.15963919861413053 0.4061689793633625 0.022615685460263383
0.15145661004435995 0.41348616706127433 0.03252680267822405
0.11451015621913874 0.4606591033506812 0.05372241157693289
0.08311855979969462 0.46522212611810965 0.06931537803187605
0.08616481875371271 0.4879206123411768 0.05672600971227465
0.07887874449431509 0.42392580632089044 0.08405057022810282
0.04421499960917133 0.5506544562011189 0.009123385332423057
0.20690156760920164 0.36215816124765976 0.0013171857773712178
0.23050943016076497 0.35730512706021955 -0.01827459110602523
0.21997986010300086 0.37758471643712865 -0.017474126522544497
0.1852476719376142 0.4324964183213534 -0.0011135193987980713
0.15736813339385342 0.4275359394716133 -0.12367698127919272
0.1848330013552025 0.4636587140511362 -0.11059262724136115
0.03625682945017058 0.16820881095454135 0.06034447663582467
0.06938526270387853 0.34522937777304047 -0.12689797210065784
0.06417348938208742 0.3366069489490052 -0.12791196357000084
0.05625688281131728 0.3380610110433393 -0.13172383244740027
0.0468018625915607 0.33639067286395463 -0.13434812732901918
-0.022399503983704792 0.35038803234261673 -0.1237211436533309
-0.031839079588945926 0.3913641776900417 -0.11162381628774763
-0.03369907789308946 0.4802935564171845 -0.08581724047206235
-0.03440022045463165 0.3809269628136467 -0.11259077590182953
0.1462003250326526 -0.06740588849865925 0.04696849760627606
0.13232497527004944 -0.07568863748908611 0.0643173636484341
0.1455319467900467 0.004479386670472431 0.0220518971043521
0.14510263312982224 -0.0411328495138317 0.04290257947786797
0.11776537947043014 -0.08496310968321807 0.07555331412216046
0.0991924316803287 -0.08223062258951658 0.09162682185289053
0.1275635129279658 -0.05848248412465695 0.07459690269574051
0.059827667443668055 0.08498994669766415 0.07931989028260342
0.044783682490881785 0.06793744075453423 0.08998756897193942
0.09547322479975519 -0.04253516791631903 0.10126743488512992
0.09004331441544093 0.024072080137161 0.09655056633243979
0.1084003024859786 0.007687831987309103 0.08950048388102248
0.10694791805913059 0.030763809468618425 0.08353597304210938
0.11860745370172096 0.04985997804175307 0.061505759807987476
0.1212202685968663 0.030779943088022458 0.06712572067107622
0.08566734938153503 0.05059677160949625 0.08743980882158432
0.09878968685213887 0.0741877511459863 0.0694673005844088
0.08032411398329645 0.07411385606513968 0.07829601611961454
0.10941299905535447 -0.32794132759637906 -0.03807195803758671
0.1635130633397527 -0.05059089408688 -0.008141518010870442
0.026497134108281275 -0.11993859061509121 -0.0568567749588802
0.13914597645876556 -0.06848804566479788 -0.08031101053603543
0.11249944071990418 -0.01767552512923595 0.08993474711491342
0.0001362598814367148 -0.09310034097420833 -0.09100927856290472
-0.002602832187374571 -0.07757952764819503 -0.10069813022216514
0.05041534222662754 0.04234372380557416 -0.10298757319426792
0.1350342731976601 0.05858667479436108 -0.07975312190825425
0.09902547137035331 0.05495408184394174 -0.10302791304922665
0.08899709918453648 -0.8066757944345235 0.09777239657170475
0.08886093092641395 -0.8076562530951619 0.11139535948097393
0.08617971705722331 -0.7651067932060589 0.1120301333356298
0.1009159267593425 -0.7745861565141449 0.13944388953563608
0.114811386724655 -0.7660235858693815 0.1406976900975186
0.10951522136470453 -0.8034838347354252 0.14220858737446201
0.12477708738410992 -0.7872659402329606 0.1359293377394856
0.13738274024171748 -0.8094703254905069 0.08286774837246484
0.09325538271212354 -0.8095449728575075 0.08158261461469889
0.09926399344855419 -0.7951693383660638 0.1401615642191663
0.09043444475728991 -0.7910740786437943 0.12833069479299444
0.0892673118125494 -0.7996202873356959 0.11809847587144934
0.08409351954149484 -0.8359740672316873 0.09238916699420406
0.09705070891730633 -0.822918806955629 0.14165740170011062
0.11733441326658885 -0.8305803237166727 0.13584911178982328
0.13699588507379298 -0.8331594763007485 0.12123131323386756
0.13678715053484386 -0.8283527666945991 0.08246160323210468
0.09072611833189856 -0.8363752794003261 0.12150855801345888
0.13593144434217885 -0.9360653904881799 -0.08903888543467854
0.12686767800405782 -0.9388064255242734 -0.0870975191329512
0.1355404407855114 -0.9326123986311208 -0.08996681777628564
0.15571564822877482 -0.9418705997672403 -0.08390506566222454
0.15798830102531408 -0.9461208046191707 -0.08130763420401664
0.1545659671584665 -0.9460432496454115 -0.08044923431276312
0.19410497323885453 -0.9392075479802953 -0.0336041747454631
0.18202528585870248 -0.9433029362424663 -0.058307040187484685
0.18495435259201687 -0.9449066694886279 -0.05537127567346851
0.18233447349006454 -0.9474153289609585 -0.056010376077011946
0.180915600355533 -0.9468297615658205 -0.05672398696152111
0.13645654682715555 -0.9301432794708164 -0.08285122484457672
0.11945399941064619 -0.9367315107108165 -0.07669325215593778
0.1232004218920093 -0.9437223457093613 -0.07188990981973908
0.11592313260151552 -0.934440952623139 -0.0665078733424125
0.13413885286093477 -0.9447725083600419 -0.07465615069712411
0.13159389171270355 -0.9443392526567607 -0.05698799526525234
0.1377161436634324 -0.9384668776891949 -0.06306903018793719
0.1604293663281127 -0.9382767626069952 -0.0703313570193352
0.16263179261016775 -0.9405011535039369 -0.07805940343429515
0.1594437693232189 -0.9352262401104974 -0.07777921845163913
0.15154715766111798 -0.9337871350763179 -0.07638041279121383
0.14568199662033005 -0.9310209387064983 -0.0664983257273181
0.14162201050217213 -0.9397814009059626 -0.06350532671376159
0.15058230366665784 -0.9460972098317469 -0.0737344965236323
0.16365924968033993 -0.9447817651238763 -0.06912942667115028
0.1575359598922699 -0.9411988594078519 -0.05794648590369642
0.16971340848467406 -0.9452134927418554 -0.05499011597578522
0.1723667555508742 -0.9473655985149142 -0.06642145826379015
0.17499192452498502 -0.9373775728530304 -0.05424464695432399
0.18702507898942 -0.9376696193850389 -0.038003921126666174
0.18668213062384464 -0.9430513734569119 -0.050155164048767825
0.18508821825850794 -0.9326584067493726 -0.040171413325582606
0.1797690880680372 -0.9421692024588751 -0.05666972255172628
0.1791389875294896 -0.9472887373407911 -0.05205466680541224
0.17649107189116683 -0.9449189239264535 -0.044480822368069856
0.17608636395174473 -0.93721667868434 -0.04588071476737873
0.19351030717452122 -0.9353311037875518 -0.009773692311839803
0.1945777942894588 -0.9324801611475626 -0.026504900746099076
0.18870501274630821 -0.9285039544317097 -0.022505759672629345
0.1871973509784121 -0.9447164741959895 -0.031062270728127967
0.18644963232906064 -0.9363830418542158 -0.026424928513797692
0.11873460122495638 -0.922732597797358 -0.05403177978245749
0.13498087107330445 -0.9240671713387267 -0.053164904403125816
0.12716090119561171 -0.9427605563268944 -0.0825697722611422
0.1326965804004625 -0.9447157617294866 -0.04987240760112897
0.1164068534914096 -0.9405172375615373 -0.04610883619504304
0.13827637360044828 -0.9384577681925619 -0.060195474321821145
0.15578067148704597 -0.9396602565106476 -0.05639866499288228
0.15158739974439073 -0.9456821926242833 -0.046327271509529325
0.15351294498207346 -0.9268102140781008 -0.050620129105433974
0.1700162479089882 -0.9265383051392163 -0.036107039227958174
0.1686798969356027 -0.9454463904407346 -0.035233760391021114
0.1748755741005802 -0.9370810331460561 -0.04580883436680524
0.18671236705620564 -0.9353485552277887 -0.02818373360171925
0.18093362048810802 -0.9440556911435447 -0.021272212663690174
0.18239710667876843 -0.9387665983222653 -0.05605831334722131
0.18399577974597311 -0.9255911333170259 -0.02038141322032628
0.1940757361550698 -0.9357505703392133 -0.031687404618690504
0.19163638911376613 -0.9336822560959788 0.004549401561851722
0.1869095437156996 -0.9428640837292634 -0.002254282258145025
0.19316676746403755 -0.9281796629200971 -0.014265017359712754
0.10214786933225627 -0.7958313215686987 0.07274601150159928
0.10252453743760828 -0.8157922338983976 0.06991800337367877
0.12547330791575134 -0.8150352609958968 0.06936283675010874
0.11325906941867228 -0.8110180512914396 0.06666080195293396
0.1299577013576509 -0.8410317687001548 0.06761557019003439
0.11714400875998762 -0.8420859658242276 0.05975962072809483
0.14245911890096433 -0.856421046805482 0.10607266098680315
0.12782560483310462 -0.866293958531583 0.13149551671711332
0.10375321304935801 -0.8554964340108784 0.14967425620409236
0.10331287845105377 -0.8621806798186624 0.053615941580907496
0.09164086081242592 -0.860551318281713 0.06918551578397948
0.12074216877900064 -0.8633673561420763 0.04666050082560255
0.1342242454363561 -0.8603386578765236 0.058064115795345164
0.11389598880529436 -0.9180708171014793 -0.040945810742362754
0.12211009156491175 -0.9054425580110872 -0.020990103015331434
0.15913926857329086 -0.9171778212666554 -0.02008588110172516
0.1754113397837544 -0.9190571142150237 -0.007371910018904139
0.18015408904567282 -0.9189810317951297 0.02264638936493234
0.11176775176911528 -0.9393661274933351 -0.027204141829444126
0.11065393267347196 -0.9381802461083941 -0.009261076324452704
0.12829946430087102 -0.9442994509019291 -0.017181534352063283
0.18117642313300286 -0.9407149104085292 0.02811217805288109
0.16384809128982628 -0.9460800998840178 -0.010375206705846362
0.17368993421048953 -0.9460873393548599 0.004440010509792595
0.17018307756654133 -0.9442620674636366 0.025689875619313938
0.11667595418588467 -0.8936420464039853 0.0038076707709861672
0.13292966346847493 -0.8865799497147074 0.014165123370639056
0.15172585717199383 -0.8959461456880954 0.016148192007128605
0.16060250539780027 -0.8981288371291483 0.035238494625877644
0.1696789816326948 -0.9113712234106386 0.04722429038622864
0.1571619393921481 -0.8917189665392149 0.056070150936802184
0.1347143140684674 -0.9131532185509418 0.1421124076546072
0.13439706423571782 -0.9214376172133463 0.14466420974236172
0.14696181547795326 -0.8819055480566347 0.09032060831086122
0.14030856118394985 -0.8804766757097567 0.11437192000856601
0.11540290049201035 -0.9009570700731601 0.16006282015340914
0.10154110779756526 -0.900968754073652 0.16177476285563727
0.10275058068776621 -0.9193194101913638 0.1609477738334119
0.11785716022596963 -0.8831228798654247 0.1504368582355759
0.10423833009293539 -0.8725297107603349 0.1546140643770891
0.09385796418516829 -0.8714777976630874 0.14620015979172205
0.0885256176252676 -0.8789764190729082 0.1242058833599853
0.08518079535856979 -0.9224471447673166 0.13384322211412514
0.1035666033475477 -0.9076205042805994 0.00592416862743998
0.12687934874692458 -0.8764294830766046 0.028769606475145097
0.10603481343117367 -0.880784771054232 0.03386224235500242
0.09548899232433868 -0.9039132145848596 0.03502955398718143
0.09778445449707597 -0.9191399599418998 0.04556571954765542
0.09387220927241467 -0.9172164129536606 0.06949386378680002
0.10855545959270665 -0.9318988721649959 0.023378852324576566
0.10602519788665167 -0.9278196822860033 0.051132548280278044
0.10256729327288325 -0.9269137924391334 0.07095950963141345
0.09004988988023026 -0.9174268725618379 0.09043132595118442
0.0878590508480576 -0.9188138765995035 0.10765874471245626
0.08625535214925249 -0.9039492081830602 0.10483300024260968
0.08530551773191204 -0.9213053642043005 0.12442903035848692
0.08514710481186843 -0.882657593666254 0.1019806716365362
0.08555841372299806 -0.8825326487326577 0.08329856542347548
0.09193890477370563 -0.8894346228902879 0.05432349935680826
0.176231458313681 -0.9373286415503161 0.04576585838549282
0.14150667589890678 -0.9296961089279975 0.12191156720069869
0.13178136751813352 -0.9323208993888205 0.14069352557404766
0.12728177350607267 -0.9322423577008547 0.1461952582507752
0.09975710649739684 -0.9312299264278734 0.1549204916737815
0.11468059100235208 -0.9308795373304551 0.15607978383548676
0.08336217328480085 -0.8599982630959977 0.10409543519728243
0.09345913422450852 -0.8573017882205696 0.1406458580189091
0.158595491630422 -0.9385085630077876 0.06541015637867453
0.13873900865793662 -0.9384491721682358 0.06816531158276888
0.1193077795055339 -0.9350843611565471 0.045755567280530214
0.14556320907800657 -0.9360232498294643 0.09487431336454913
0.11544468991953684 -0.9338571015785486 0.06767496807535404
0.11629974800625235 -0.9362839508370134 0.11135372984833633
0.0994072049701605 -0.9350507243919823 0.11478109031175976
0.09819885157382345 -0.9335005353093959 0.14991077344944584
0.13984958217290414 -0.8593012911882723 0.07836430688671839
0.09614195983134285 -0.49474154390958186 0.030558636807400154
0.11968088591282608 -0.4977417772319639 0.018640037617813757
0.04380937655798631 0.18106893857215836 -0.11307309997161194
0.04425489188935258 0.21090622989029914 -0.10988324901981593
0.12081895407600388 -0.11358261917840651 -0.09023179062172287
0.020437750421369402 0.6878012307418467 -0.09590210084289573
0.02183996684878136 0.6863368172048033 -0.09132305201145757
0.02224684845360314 0.6923051883146906 -0.09740519616552831
-0.11302602937025694 0.7105475062269212 -0.16902885886065153
-0.1177257917049821 0.7095626994947408 -0.1614072719016767
-0.12077721481193442 0.7065980727757621 -0.15528793108411934
-0.09369588681279624 0.6465717669887967 -0.16978700658292684
-0.08632265056463743 0.6576645894013434 -0.17870698599895446
-0.08862578575959949 0.6450428899975335 -0.17379336807473833
-0.08596109643731085 0.6394319446418527 -0.19053243536592912
-0.08579099832473445 0.636202004245351 -0.17867832650578286
-0.08724084637167943 0.6395432535499538 -0.18087338555252672
-0.08547619967625837 0.6495372158581872 -0.1851251376552136
-0.08597825830996132 0.6528701476399189 -0.18087324698910986
-0.08443072291069187 0.644180299835043 -0.1959205322896795
-0.08704770046653483 0.6413256835616251 -0.17473648376004286
-0.08547587582314625 0.6355881211547826 -0.17565886430054112
-0.08735741618199842 0.6368038447198014 -0.17223556166754425
-0.08083010103637812 0.6158229602601594 -0.17975039745253146
-0.10296416048297603 0.605801222718494 -0.1495565855970348
-0.10155565421521309 0.6056302337874768 -0.15305124653139138
-0.09617517017913277 0.5868491267536207 -0.14489871284755154
-0.07526601266850197 0.6064618823692964 -0.17879402254458787
-0.0928884355579855 0.6152126324730199 -0.1677573871344401
-0.0927764808721818 0.6095019916797836 -0.16508844747199494
-0.09077547060185934 0.6011946666975662 -0.16303602936263145
-0.08422602712319605 0.5989371870469561 -0.1692346777302827
-0.09569647836409932 0.6094525344993337 -0.1631301944465064
-0.09998446564492625 0.6067353849997251 -0.15665366474015568
-0.08923064880553745 0.5874212601439927 -0.15779148270080218
-0.09364420089296037 0.5944938018135655 -0.1563189358502887
-0.0798069161174938 0.5679867488093477 -0.15746865898050955
-0.11142811765867189 0.6908321724126529 -0.17316940507062922
-0.10311560116925333 0.691334422042524 -0.18057221279340815
-0.1084546810542428 0.683299609348313 -0.16975143225946213
-0.11260153835949593 0.6784632835440099 -0.15849508994779057
-0.10910815507395524 0.6738595667333048 -0.1608444321482567
-0.1053581783964396 0.6745376326526326 -0.16431887898036848
-0.08590931863642648 0.6795134993500379 -0.1726764556026804
-0.08611858865981378 0.6745591141513013 -0.17103211646404629
-0.08808635559819272 0.6781807310532719 -0.16964159632850026
-0.1105249966790611 0.7316039881233775 -0.17025234022790445
-0.10023215765318604 0.7329524889196235 -0.1793017064182034
-0.11901027560944281 0.733854303816554 -0.15780395125793095
-0.12379292293580807 0.7282657008044596 -0.1482411092238971
-0.12922373673412693 0.7200885046062317 -0.1321285027915496
-0.1197800695172017 0.6352689968609977 -0.13016912870873626
-0.11165300515263818 0.6097315604140878 -0.1215458392181559
-0.09374759159317941 0.5796880147956981 -0.13445212141889182
-0.11383067970956719 0.6121454951981076 -0.10945763327402197
-0.11695977509991327 0.6212264838950458 -0.10258672568495487
-0.11714177131868017 0.6327015207113492 -0.0857908486842062
-0.11028388166437424 0.6182524846428861 -0.08087322305330215
-0.09472046250045173 0.5746970814830757 -0.07977811006576707
-0.09953124295144791 0.5767118120581681 -0.07162257896077266
-0.12238174098338547 0.6398477567344828 -0.1172425288320937
-0.12784256223279944 0.6925054151420642 -0.12664672748175473
-0.131567387975764 0.7451000139398187 -0.11832841989727626
-0.1293764026114932 0.7349556027773078 -0.1313357673548004
-0.11223088483861458 0.779337048748461 -0.13497440781406875
-0.11183700322475121 0.7688484480219145 -0.1473664099967376
-0.10483435984440005 0.7729101197582614 -0.15350809347360092
-0.12355738001697297 0.755859421167102 -0.1348950593980922
-0.1322968021880218 0.7566298596362793 -0.08251830685933167
-0.13400396555269925 0.7445026878930932 -0.08368011408288323
-0.11938643596992883 0.7878477873596823 -0.08992163641990704
-0.12486810465892846 0.7780755089912093 -0.07964435849127044
-0.12647866782686032 0.7733940924924603 -0.09671678841861173
-0.11214949466269115 0.6294765384548905 -0.0706376587639944
-0.10969468522581301 0.6196503588162552 -0.06635792703660498
-0.10656572250885435 0.6044419580014485 -0.07781026786798108
-0.11128012877550361 0.7979114504847206 -0.0802330932850406
-0.11149784539966918 0.7965519877466833 -0.09522400645954669
-0.10231806548180479 0.804318800786463 -0.09818842555638455
-0.1115467659186943 0.7925586553606666 -0.10980487605048508
-0.12095637033812769 0.7308070048710053 -0.04055138367111386
-0.1110424225307886 0.7467435934814197 -0.028411488942780568
-0.09427486027287246 0.6817233377942747 -0.01893634797979996
-0.08705503503632209 0.6840918507555256 -0.013678638989444547
-0.12374004141922906 0.7031375566974345 -0.14537585142182727
-0.13221582000025134 0.7227452009820277 -0.12160555596099447
-0.1338788022086944 0.7356323968141931 -0.11146389816641102
-0.12520406474623746 0.7259038970842777 -0.04924599866343644
-0.10688073665674036 0.6485323389011831 -0.045355407745046095
-0.10145178756913349 0.6502150991137332 -0.038531652794800544
-0.10872413239279098 0.6404558124336874 -0.05148782627615763
-0.08482219754723666 0.6556578434334448 -0.02428734532522697
-0.09461990685552728 0.5921183454380258 -0.037285773242165046
-0.09402775070608434 0.5813801461021916 -0.029333839513443302
-0.0889523558654809 0.5943422508988406 -0.028273540436529142
-0.07840708817307825 0.5969631767109177 -0.01874462272464252
-0.08102580260369617 0.604943939628065 -0.0246977426127455
-0.07164497235179976 0.549820531724425 -0.09691421226118618
-0.09703539989582431 0.5727825781855079 -0.030508941362451084
-0.09582406606937237 0.5741321670207655 -0.021440580925394654
-0.11072214413773386 0.6750563504193409 -0.03339942898970106
-0.1030874357589473 0.6692183297205213 -0.03016264585301252
-0.11482761198948604 0.6731170377503146 -0.03916754208002946
-0.08619979561341666 0.5854928718546638 -0.017933782554925365
-0.097263768603915 0.609387459122002 -0.04266984738304032
-0.08652499433176343 0.6120353763218779 -0.03170577404533973
-0.09201187805287303 0.6189678223791507 -0.037433527572894976
-0.07006309011148457 0.6495901572510222 -0.0190236158589081
-0.07319518682842821 0.6608685487844276 -0.01707578870805337
-0.08842081852039935 0.654033834544873 -0.1756972962235722
-0.09405802963428657 0.7005468569732162 -0.1877864846440347
-0.08993745190422016 0.6972681098101509 -0.18945136357840456
-0.09452865760709887 0.6926420384641426 -0.18657063970007895
-0.11093540699527867 0.6682422523851903 -0.15821431374533562
-0.10872099662130441 0.6253593769111133 -0.15085113102413875
-0.12828427295600336 0.6696602177826456 -0.12451238067194538
-0.0958291649981549 0.7895171644482291 -0.14523946180048133
-0.09645850380424437 0.7794366034063971 -0.15616404513757284
-0.08749844279063837 0.7816733198556578 -0.1613313318393124
-0.09677268111756433 0.7684180515203154 -0.16541751014293737
-0.09318800996300042 0.8052378299030936 -0.11749376758344739
-0.09226250268607654 0.8104684057030356 -0.1012658783789657
-0.08138200875105736 0.814654574016062 -0.10473674505912943
-0.0913749455135176 0.812754556754557 -0.08423298438327433
-0.08332444957198791 0.7876219453606284 -0.026245996271723925
-0.08042592341905651 0.7760658117327368 -0.01712659638624691
-0.06873086344663204 0.7806326376590406 -0.016898996358707313
-0.09071479062855997 0.7709611060413993 -0.01921402499108101
-0.07781377199647285 0.7639071273002302 -0.010395848005124463
-0.07943687858715091 0.6863639075855799 -0.009365414128193585
-0.07165497090100269 0.6895974596387414 -0.005615267179732361
-0.0618015152372666 0.588549874090217 -0.006860788492784042
-0.0623723040182351 0.5971888858429617 -0.011705410132198068
-0.06359725305495173 0.607882297348649 -0.015812990518287585
-0.09297604902915436 0.7460205368920055 -0.18057237678150845
-0.09451135461805868 0.7341306544718172 -0.18260199205903366
-0.08477969274321466 0.733656332938699 -0.1869076230171721
-0.10806985585121144 0.7534681319530897 -0.16463273863912825
-0.11843192257799826 0.7451201984127102 -0.15391351527142977
-0.12601289189545162 0.740687238722523 -0.1384860947766912
-0.13159380389905528 0.7290755804861955 -0.12527699486472577
-0.12351096061127313 0.657430551145262 -0.14239341647634368
-0.1189790916237001 0.6285119322669246 -0.11875613299824389
-0.1208240897087759 0.6440643122153361 -0.08965856663848458
-0.1323451265846755 0.7542412059078317 -0.10151206561228196
-0.12484799413553058 0.7671566225072756 -0.11881942876011634
-0.11900410641009111 0.7756875009358227 -0.12454927841673101
-0.11186570496247561 0.7867072077784216 -0.12314593846589657
-0.10378183584137686 0.793173969009844 -0.1277639293093121
-0.09459920364817108 0.7981386410388625 -0.1322007992750661
-0.08464417532128321 0.8015371339711821 -0.13678913413464505
-0.1322600260945103 0.7458338906278842 -0.07226926165846344
-0.12887609666325409 0.7630781895844756 -0.06901248131366651
-0.1103255618317419 0.7960592510494864 -0.06538017384679032
-0.10089528590976096 0.8043324502501166 -0.06590360312339072
-0.1172616190477145 0.7863702403697647 -0.06301760441233599
-0.10834676981022656 0.7913287135157263 -0.051681089433679245
-0.1233460922399873 0.777378879705397 -0.06769555204946964
-0.0884287651569248 0.8062973248157179 -0.05138149991015378
-0.09008652381542695 0.8113205286059056 -0.06722484918833242
-0.078369562187534 0.8167160975131667 -0.06962847945083414
-0.08084042112007198 0.627070691555265 -0.17955710330414917
-0.07871787263756834 0.565821337582039 -0.14294327128242107
-0.08922059313291493 0.6083272848299366 -0.1663963295682932
-0.08730920626078528 0.6077219602380621 -0.16777210083926802
-0.08227418750277371 0.6190755020054258 -0.17886301940759158
-0.09896312094842832 0.5918637312085072 -0.10104390045840787
-0.09821302097654287 0.5919384287986433 -0.09293889117976026
-0.0907509915199479 0.5833889961507915 -0.1009509863620744
-0.10168121322017441 0.5765874098912007 -0.0631347152101746
-0.0791465489756986 0.6373737459237081 -0.02611415578182186
-0.071267575305913 0.6355565394819586 -0.0218253243221518
-0.06558941751602759 0.6408039668891108 -0.01879647227101492
-0.046295568283547486 0.641378585674785 -0.015318506731798558
-0.04106605897248476 0.6497364251207957 -0.014946655174541596
-0.07685361623015587 0.570521554513127 -0.11264965184817397
-0.07756365184956326 0.570068989287147 -0.10715750389648039
-0.07680288460062648 0.5698962327699121 -0.11995991179476245
-0.0894099620600152 0.6098016727332243 -0.16773067018885204
-0.0802807590698921 0.6344255433144346 -0.18399484606237482
-0.08423034107106844 0.6355623871425918 -0.18519278839028028
-0.08034479175582172 0.6355510970148984 -0.19649204133044817
-0.08214337684195798 0.6366469194496444 -0.1934053682015832
-0.07871195121905612 0.6381695160958445 -0.20153796960716025
-0.07784654631770667 0.6345838802054344 -0.19825232279242155
-0.07623203386458247 0.6416661202924779 -0.2042175282752212
-0.07570951028801846 0.6372268823054325 -0.20210976670411807
-0.06655048059667461 0.5560802910000379 -0.11101994172820656
-0.0826243992923421 0.706145404561266 -0.1917542717190289
-0.07330865921753589 0.7029792248092506 -0.19397398805574198
-0.09650032763533242 0.6152206873514324 -0.1645793778586356
-0.11876199117645765 0.6937954612004399 -0.16334988668982783
-0.11418676760384981 0.6971690068724155 -0.17091535363915844
-0.125153794937607 0.6555828577655941 -0.13652263717377963
-0.10761331750910838 0.6860671420236564 -0.17228624424421957
-0.11377813886195404 0.6927913406892298 -0.1709858337540005
-0.11996432021322104 0.6786606298290352 -0.14763630888870868
-0.11652867780955482 0.6521529724842697 -0.1529501770594377
-0.11563031536749857 0.6583006858378534 -0.15452050082074886
-0.10356619785140139 0.6631466675832447 -0.16359223229837094
-0.09335440568524657 0.6889144063560391 -0.1837569953245585
-0.10092212454476082 0.6945146808716929 -0.18362609739170227
-0.08365650307312508 0.6823256701726828 -0.18336699476246798
-0.08322464844054174 0.6850100427694267 -0.18697587814927177
-0.08173508304924122 0.6717582980572264 -0.18215664044524718
-0.08916530936073547 0.6627672415948983 -0.17209748826891433
-0.08890257187030863 0.6693689114293276 -0.16986697845029486
-0.12012576957867892 0.6832151101767663 -0.15034449334621067
-0.12019233261644421 0.6593865367024964 -0.1490777014983451
-0.12182204519522694 0.6735502128861494 -0.052876417445808926
-0.1218257143009425 0.6492634262617297 -0.07682083735502836
-0.13130208872304205 0.7073782995472279 -0.07063088080327999
-0.13017957505914268 0.7106285901029433 -0.06654314893449673
-0.13358290078003304 0.7171188937351319 -0.0928114883254559
-0.13004774680286568 0.6964858077918363 -0.10665411641161648
-0.1300235065992093 0.7008543981121973 -0.09830180993060478
-0.11563395835666278 0.643816839989065 -0.07313326164368487
-0.1260478545297718 0.7446952195420488 -0.052264749673033885
-0.1024874494305859 0.7751087175998366 -0.030266541406009463
-0.10561183438126491 0.7840260492953933 -0.03992206489548996
-0.1126541854493048 0.7760527061614668 -0.04270809051625783
-0.09679840231174736 0.7914408373031294 -0.03813434108869581
-0.11718933572130036 0.7654228965302206 -0.04282807844614714
-0.08611429477985365 0.7980182694587385 -0.03771877783762189
-0.07405545348459501 0.8036181109342253 -0.038846281691017885
-0.053973841681870666 0.7708479242715512 -0.010497989202888837
-0.056125552410297784 0.7845213489923155 -0.018702131457211887
-0.04342891140197548 0.7895639540943777 -0.023868858394038555
-0.058581302748455466 0.7970554085764564 -0.029180889841926724
-0.1054953597161535 0.7287570694979897 -0.020413690988531102
-0.10080367859067053 0.7388537304792082 -0.01708014276396963
-0.11060187818231278 0.7239635310575898 -0.025818774092777753
-0.11467681404580307 0.7202215937084732 -0.031314658619622224
-0.1179210787422052 0.7122782191809676 -0.0370966674887059
-0.12218085431460955 0.7081839487229219 -0.044830590062341816
-0.09566721612357076 0.7496430542084787 -0.014885126813514764
-0.0758649916390583 0.7515696885380423 -0.005782068355498286
-0.0647405912805155 0.7543217914495146 -0.004216658301382708
-0.12937879185561812 0.6762037175164365 -0.11023788864545278
-0.12855683619261493 0.6884289637772478 -0.09884003628738622
-0.09049156727196513 0.7020161791801026 -0.011070818796221932
-0.09907217626680667 0.6955640663956563 -0.01870960281488366
-0.11592900252716858 0.6826399137821552 -0.03603216705231146
-0.07824607916543692 0.7035182563838025 -0.004556404916359947
-0.060757125615423166 0.7029586681469397 -0.00015645260413281643
-0.0694716708060314 0.7214691665924875 -6.111827471002135e-05
-0.06312795307521962 0.6896500782106523 -0.004006598815221677
-0.12428638246397383 0.6575446606856894 -0.08051747807997885
-0.1255566559845685 0.6590894835220967 -0.07790266867241935
-0.12362607020741039 0.6549553179365694 -0.07999609520920761
-0.11489628255616442 0.6356443576919416 -0.07711553365509959
-0.12608627581144824 0.6663836061801323 -0.0948014079503883
-0.12832438527994633 0.6654546423572093 -0.11367846121891209
-0.1015640823237357 0.6443295595520312 -0.16510855809113636
-0.08578876594079918 0.6636933733341678 -0.17650401808800711
-0.10561518592933186 0.622835295485391 -0.15480002830742504
-0.10022918381940933 0.5902189372970829 -0.11344077522890664
-0.10573468060347778 0.5969001715899215 -0.11371921558619476
-0.09352302574788753 0.6534280784831764 -0.1699461492506138
-0.0706109408950627 0.5666267835812105 -0.12479689314952597
-0.07689616501580822 0.6737772825565286 -0.18905573666137665
-0.1264519657273308 0.6611344158289147 -0.102371067863909
-0.07660100871651415 0.7932106854710257 -0.15475635688720135
-0.07454302521298982 0.8029766830000555 -0.14135430797170778
-0.06509998486431666 0.8007924260887777 -0.14808893688643673
-0.07220387577630664 0.8108652608785307 -0.12593148945805466
-0.0634768024714539 0.8160154598149931 -0.05655440880475206
-0.06579525276465507 0.8201729284915601 -0.07339487404273516
-0.05377525570924474 0.8212229984197293 -0.08103369126481406
-0.0680159883792489 0.8202743755969679 -0.09118278865603797
-0.08588736355599352 0.6292123038598297 -0.17368908115544954
-0.0970117953979896 0.6226051943304808 -0.1651693957196358
-0.07598136702849295 0.5759856541184866 -0.16909859198408123
-0.07125643554888945 0.5812633672605827 -0.17307252376577406
-0.08182923063987094 0.638465037889694 -0.19881923938130325
-0.08297297930714165 0.654992440209517 -0.1912931210044575
-0.08903476673156858 0.6853295387449415 -0.18068536934959809
-0.10213296418522555 0.7015675790748289 -0.18234911055442302
-0.09931384587057769 0.765154175678221 -0.02267155774936468
-0.06031767141396559 0.6704960754040479 -0.011572778025862686
-0.05876318977564913 0.6510033550850585 -0.016067854555303317
-0.060851517481256875 0.6609013782248531 -0.014489024311131493
-0.05089079490252925 0.5986787825015726 -0.01037602532337028
-0.05003510054248162 0.5891773178521119 -0.005971392927133637
-0.06147423042199809 0.5780790107745782 0.0016155957527980332
-0.07010918748327567 0.5762840959665001 0.0023220842094577336
-0.05377334973598622 0.5802908459494734 0.00013188962862636157
-0.0928914365483451 0.7579027401975905 -0.17551075293812507
-0.07465400146814312 0.6254734669898557 -0.18550999529743803
-0.08055970080302882 0.6365990084939673 -0.1893137993033146
-0.081725710499046 0.6121503473731406 -0.17720802044655443
-0.05338348840233416 0.6206510612098107 -0.015300632296573104
-0.08421667712410051 0.636487267380554 -0.18911203442340518
-0.07736294370609613 0.6323954646525038 -0.18680606668795752
-0.08242705673074492 0.6642077382062843 -0.18666122138183197
-0.0818810225532202 0.6311748332391025 -0.17998191433667293
-0.07370372807686307 0.6294740365679906 -0.18850006899407912
-0.09796280703848664 0.6300667187789699 -0.16528701856937628
-0.09957759898407853 0.6712521506281809 -0.1665288589687738
-0.06775268409460872 0.6188030617627776 -0.01951375745056262
-0.07818886492815515 0.6340392956715645 -0.19555231009386992
-0.07498556958551919 0.6340675585231397 -0.1982676459796168
-0.10971328089724824 0.6046958643185406 -0.10486933118007155
-0.09548353445283748 0.5551862357653875 -0.06940435386239167
-0.0921484029105347 0.5483997037373393 -0.07344276448914182
-0.09970584040430036 0.5678090654456984 -0.06746107864284134
-0.09499176970365551 0.6288464265728484 -0.039474391798860926
-0.09280367248632536 0.5802737746912606 -0.08702654125289441
-0.099981208507494 0.586926028350321 -0.07736331853308384
-0.07157042926637627 0.6139613366402672 -0.18411627709995998
-0.07830252159776223 0.782001875558821 -0.1656515074669554
-0.0796357440012323 0.769915119031397 -0.17418657092991088
-0.042422679370729126 0.7003363463023824 -0.0008748729859178724
-0.10104384042512642 0.7149184944424307 -0.017094902348955464
-0.10915523971691403 0.707608504291566 -0.02610826560720245
-0.11752747981132523 0.7005598423278899 -0.03691889289094408
-0.08961429703709131 0.7273469339195755 -0.0083377181797536
-0.07903194430204988 0.7348571355694827 -0.003683331931788533
-0.060078633136396165 0.7286371963414824 0.0009546469711902895
-0.061092165064765634 0.8079329731259024 -0.0418014200581025
-0.04828070121553725 0.8119156139287627 -0.048458132539881536
-0.12656207390345203 0.6872413638733879 -0.07986933994551267
-0.09947310571766399 0.5562832938363621 -0.048626672218794895
-0.07832341709337805 0.5829855391062122 -0.007612845037965747
-0.12647029002087443 0.666090817673267 -0.13384361006976114
-0.1011587337764982 0.6281678634045821 -0.045596999860849315
-0.12354872864746146 0.6662653451781573 -0.1421478528672043
-0.12171249673238295 0.6888081775399136 -0.04274704862311087
-0.12964802006029713 0.6925221105986346 -0.1161686321747708
-0.04307919231233066 0.7255503067593518 0.000904044865750917
-0.05403427450148488 0.742462702313391 -0.0007515735694536435
-0.09312647203285956 0.5868751230002922 -0.15135199051447812
-0.10202789658007946 0.5925769075112962 -0.13100947718773162
-0.1087982680583204 0.602092402241757 -0.11682905716201882
-0.10448165908943535 0.5968243549504179 -0.07221030980278513
-0.10612897476268761 0.600424505117525 -0.06390451532735106
-0.07443033799964628 0.6161935998575269 -0.02269954140026551
-0.03893771960118557 0.6143623803909438 -0.013336687462132018
-0.03811880595144183 0.6303229902058115 -0.014885794698912547
-0.07152667842978233 0.5624364894944848 -0.10911414837541224
-0.06923093664972889 0.5662315424875447 -0.1200026017467702
-0.06419890681702102 0.5645573029610789 -0.12273187340064032
-0.056557759157456325 0.6387949794739097 -0.016578260427128854
-0.08706514222540727 0.6446924545737789 -0.17700838621642434
-0.09660223444680716 0.6675549492700846 -0.1671892240252074
-0.0826505584120018 0.6337515866565233 -0.1818660624386143
-0.08111349194588093 0.6360226005435178 -0.18593819355993566
-0.075427207723983 0.6314906024513952 -0.1903852910370934
-0.07448530683347866 0.6309742277907268 -0.1903329913933363
-0.09628355564316649 0.6592307474906031 -0.1675996655622373
-0.11251332716955156 0.6739546721790467 -0.1572322354630902
-0.078759867700812 0.6345891972432897 -0.18545812536703962
-0.08439276769309347 0.6754702113572861 -0.17323242961482624
-0.1160409056008047 0.6811815905288578 -0.15591573323746846
-0.1001099149630314 0.6846839129069322 -0.17393006374493825
-0.08902039571037108 0.6827329880858976 -0.1740111954577081
-0.05033365082922603 0.6901746566204413 -0.0032032611664177496
-0.0435537607112231 0.6707968899672221 -0.011607574120950238
-0.1284271412092059 0.6936570154360723 -0.07422465806317106
-0.13443201084206402 0.6979356896047816 -0.07605168830631441
-0.1315045207105198 0.693318473809 -0.07707593971452908
-0.13294063880242754 0.6992815286421742 -0.07734897439126373
-0.12956163075876007 0.6991756617997114 -0.08258791443572389
-0.12926416867878768 0.6948149877586436 -0.08068689530247289
-0.1326475761833784 0.7029554554344523 -0.07475018677367087
-0.13462157315262155 0.7013966773324737 -0.07542511254217132
-0.1358695242830854 0.703385069957038 -0.07147819654783555
-0.13753882102568646 0.7009102295323594 -0.07129159914566476
-0.13636536147638847 0.7036547607114613 -0.06947019695502446
-0.14029460466225585 0.69670020139384 -0.0616044955732294
-0.12403239647502741 0.660697532501974 -0.08148607037648699
-0.14063581579737625 0.693663783616281 -0.05732892759627269
-0.14051827304568512 0.6862138683271733 -0.05319072741365645
-0.14137470966774582 0.6870276015328531 -0.05485472875393031
-0.13975387553784033 0.6799440255605663 -0.05253290051754297
-0.14045492210964833 0.6802789556819331 -0.053346643469615894
-0.13761373673659305 0.6696088332026228 -0.05547424150508592
-0.13865846515636132 0.6717100512443163 -0.05592945792489811
-0.13325851176036455 0.7050965386233679 -0.06813463416950824
-0.1313143189130352 0.7069585533768269 -0.06788053379242096
-0.1308684110927667 0.704652769271781 -0.06470201148306295
-0.13313351390132874 0.7047710606559366 -0.07156679017683878
-0.13610806024893454 0.700091228023513 -0.0734521299937286
-0.12820819855470444 0.6967823621780316 -0.08540519430073376
-0.12672558364461897 0.690817734722308 -0.06998882668215546
-0.12434242635463642 0.669542346023892 -0.07827017230438675
-0.12470605297119275 0.6707032149652641 -0.07449438183611416
-0.12436260303389923 0.6721836668105844 -0.07383464585824859
-0.12488257869555025 0.6703385857137719 -0.07264842875767515
-0.12282432712276799 0.6774619646526326 -0.07231269930418424
-0.12169539101942677 0.6495244007833654 -0.07915776389769019
-0.12346974103433223 0.6732755177966313 -0.05634609476647394
-0.1206999052337293 0.6646686906603155 -0.05992515433718994
-0.1361301075535044 0.6645841726035743 -0.06033420091579124
-0.13593675389678675 0.6635862330290949 -0.058653130080062184
-0.1342718063185507 0.6594363859089593 -0.06216966469804381
-0.13327121855397073 0.6618926117512857 -0.05891105841704646
-0.1283882396982684 0.6920104884692354 -0.07998695917680851
-0.12722659547439835 0.6882860865564951 -0.07580305041384454
-0.12873043192245515 0.6524146508424086 -0.07463816069445743
-0.12382813946010184 0.6520163138300105 -0.07501222027569489
-0.13027167958207725 0.6533486739313098 -0.06884528973540133
-0.12464687920405983 0.6514730414544871 -0.07630778562057144
-0.13362908646154043 0.6992287742735148 -0.060044607317157356
-0.12296336488647437 0.6629989354479688 -0.06277582089361185
-0.13180051041205793 0.6734520814629651 -0.05657203079530673
-0.12968483000007858 0.6854760409972382 -0.056694052694225845
-0.13390848359640503 0.6842593776804736 -0.05497449469308422
-0.13613199172955762 0.6703638059846314 -0.059412823446843024
-0.134889518457826 0.69171481920853 -0.05621407611141677
-0.1309978629350542 0.6950255525171911 -0.05839670962987859
-0.132107705570748 0.6560962351355231 -0.06787395230667093
-0.12983086762599372 0.6547895104850158 -0.07352467887787098
-0.1329489968300755 0.6702374084249006 -0.06274913104688684
-0.12912306801926368 0.6702897033825858 -0.06604815336443982
-0.12370952949952146 0.6777248018561577 -0.06702993023250502
-0.12329229257984234 0.6740156646561829 -0.0692212544821386
-0.13433849223226219 0.682757857318759 -0.062412086689737634
-0.13333111913441995 0.6856040193315585 -0.06410938926364079
-0.13778577448838042 0.6883462573547469 -0.06214184207523664
-0.1391705180859191 0.6973196259652349 -0.06458424054244322
-0.138251611614244 0.6927663881069551 -0.06499429947091578
-0.13543137085772494 0.691454024548522 -0.0656222411191595
-0.13267536411209765 0.6956634825844561 -0.07577695062874001
-0.13302171532603055 0.6968789960001794 -0.07285322810986151
-0.13275718751090637 0.6968853774594334 -0.0741666258664433
-0.13159362973589822 0.6963270964305489 -0.07510682342811895
-0.1319612675970639 0.6972719860950749 -0.07353090690909338
-0.06378211006160267 0.5191433439829792 -0.08259354980634834
-0.06226248910476866 0.5271172149543898 -0.08858103373921088
-0.13269399684336508 0.6958057824906495 -0.07126331970576767
-0.13258000203711992 0.6921835388080478 -0.06858747652428913
-0.13441382244351568 0.6937023103886434 -0.0675198898014392
-0.1368287985269414 0.6966738390419571 -0.06811864738045025
-0.1342145707263771 0.6972990090688531 -0.07506000016561021
-0.1413432123753218 0.6929881981383165 -0.05896940343630149
-0.14057340296410764 0.6835451302700165 -0.054817021984523075
-0.1326447945590396 0.6806628755323152 -0.06268543736007333
-0.126234998350695 0.6845847004082897 -0.07571816578008639
-0.12478967900698149 0.6829758240285569 -0.0732293377373853
-0.10356321001916989 0.5130216062142227 -0.04630571414017231
-0.11028344145417865 0.5235663376290497 -0.03335910326192174
-0.10063889574278226 0.5181213858596003 -0.04778513621479767
-0.1300767560770662 0.48538049332234023 -0.0590819724823797
-0.14835345855321458 0.47332802887957454 -0.051151296283609586
-0.13267029724037616 0.46398239644307104 -0.0635711254188451
-0.11776753698668843 0.45012376509163643 -0.07362062941900828
-0.13963698220338389 0.4526955793610555 -0.0627556069411135
-0.1105897219105114 0.3947184497316567 -0.0961042709853226
-0.13296147440386336 0.40348116123622746 -0.08347160649399764
-0.18895196693556443 0.4021539564382815 -0.05151067836323297
-0.19430289846052293 0.3928550496452441 -0.047052466830352115
-0.19907108072870397 0.39176558765435154 -0.04370184767326312
-0.14888419592712981 0.5201188658216379 -0.012658043892185918
-0.1462762274020368 0.53179494067146 -0.0043035659503951875
-0.15694052281468476 0.329850043630423 -0.04768653938699884
-0.12893711108352912 0.24091886332910695 -0.046937638271083694
-0.15562142999603792 0.2708260394635463 0.03461409518466244
-0.15325234610514024 0.2693081272327657 0.046239966415254616
-0.15607598311585807 0.27112334050305054 0.021238552955408406
-0.1429537028518883 0.3926352769784321 -0.08051326755392743
-0.24518764264704754 0.24379031006801083 0.03516808400891197
-0.1483532900359761 0.16144656153226633 0.015174193454485714
-0.2592611683945982 0.40148335789031253 -0.010845485660836297
-0.2535494419307802 0.3951878770977092 -0.01674506871712523
-0.26163768705305623 0.41893675829204746 -0.007400157555824857
-0.2571960873006803 0.4181723671350157 -0.01632302429764378
-0.18630439426421735 0.37380979781135926 -0.044282159541428424
-0.17583299832448313 0.3707448137129033 -0.05431100440274568
-0.159468514556594 0.2883302013793657 0.03790763682593986
-0.1585022340584186 0.290214199507773 0.04912944778571829
-0.1681980295007869 0.38881604986779217 -0.06470439833958168
-0.1769722244859159 0.3957679945344 -0.058212311121409205
-0.14817196905182542 0.14175572914462414 -0.03459066971464765
-0.15035154068650286 0.15507240296848984 -0.02019106688038162
-0.12042944220342917 0.2786523905677729 -0.06712019692983685
-0.10809923397130024 0.12821232119456089 -0.07848933213985634
-0.11297048090138748 0.15290793348568252 -0.07154287446265055
-0.125733990330596 0.42081173658091264 -0.08133013901572937
-0.13607427967822955 0.44184848872595917 -0.06821551475458341
-0.12638075883918523 0.30862740786269494 -0.07670158581904613
-0.13594014463295787 0.3197255679596257 -0.07592742802757337
-0.18940527428535153 0.37077235075958015 -0.022362140988735346
-0.19487685998330362 0.37632728475277416 -0.02454567442583993
-0.19593864594990373 0.3763825553800326 -0.03158538680200873
-0.15024235166855732 0.14619965456465903 0.012804255012597009
-0.145811030729679 0.1549073174118513 0.025676284902225063
-0.12068681714489442 0.12687287653957505 -0.06980360912054077
-0.1813629648321856 0.3856543426088731 0.031328151365751004
-0.09983277281185877 0.31926380356477996 -0.09965984245749211
-0.0857805595628935 0.3104501656131044 -0.10093382204294274
-0.13254481111767713 0.2952952312323305 -0.0587198088760416
-0.07664383719047672 0.2985333855280956 -0.10148390093961032
-0.11436943818603784 0.4141693072411042 -0.08839841479076667
-0.0852867671187392 0.444620502054937 -0.08663359129439928
-0.0897295340721325 0.5071813206513738 -0.06158815714534839
-0.09210140071762399 0.5140959250125563 -0.058776239152505926
-0.13093643000561278 0.303312797833013 -0.06715224974736314
-0.12248993081068275 0.2972845784780289 -0.07272424720313785
-0.13653891834294463 0.12967000609044738 -0.05611811075223802
-0.143440408425034 0.13221548081935397 -0.046742387188282865
-0.16247637664524053 0.46919631830873815 0.08406249789068386
-0.15758789912950738 0.5242294188287272 -0.004932808112037065
-0.1656735033277368 0.5024058596513595 -0.02486515734500863
-0.1852943978086331 0.4009698230045979 0.08508395796762999
-0.18502678290641975 0.3789502317230732 0.0646513087351883
-0.1868945059078594 0.378493538427604 0.07587608526692291
-0.1400926141815573 0.15729891529726167 0.036603069515898555
-0.12993358237203165 0.17943004707706317 0.045219008586297134
-0.14346563993645062 0.315418920801676 0.09458939478853857
-0.10425178729691902 0.49243398354722245 0.09020691060187887
-0.08072834394412794 0.4929003425104123 0.0831899759146647
-0.11913829712929881 0.47309363092434015 0.09891144402114464
-0.13591038001655167 0.47098976119431923 0.09484225647003498
-0.16438965137519124 0.31195778393783646 0.06297253335999793
-0.1803320671917647 0.352537029357716 0.05299286584393862
-0.12582907683836675 0.5507357004192753 0.0026074950264318698
-0.13824707710586054 0.542580901699354 0.0035855009596001903
-0.02434656631185699 0.35172958200071164 0.10072446285399347
-0.008079511218921444 0.364947834280573 0.09350175652683947
-0.18521776030125806 0.38172546127833457 0.07346056889606159
-0.18704657627559176 0.38626679998552715 0.07567792283821224
-0.1794676831456876 0.37212958769492444 0.07856284215308511
-0.17801660620241175 0.37573298262243665 0.08267229319244708
-0.15334702071950182 0.3311247580672322 0.0930484212892729
-0.16363640162515897 0.33672480654620496 0.08524879802406123
-0.1616772306134449 0.34531481063797015 0.09025179232105775
-0.01570600632030969 0.28883686058487895 0.09275365413176695
-0.1841597216344102 0.3654834932587572 0.010110385642898229
-0.18744006245169675 0.3731278874984214 0.0013714643924113057
-0.20323283769402373 0.3770892282315521 0.0886819064823753
-0.18094886933624119 0.32802135324050574 0.03619125544467766
-0.17330947794805798 0.5215173206968499 0.003292326354921766
-0.17748799353813016 0.3569733437372803 0.06176808572436752
-0.26088092437807836 0.24634186392970134 0.04130946886112128
-0.18120177329371734 0.3035057550098942 0.07910554718475218
-0.17582699546925623 0.30767988998673973 0.06646914467279107
-0.17483120709332484 0.32026678083830207 0.06535214307052589
-0.1279171281594757 0.287230528277243 0.09228855012987927
-0.1251729460797664 0.3030280708311991 0.10030670215532879
-0.1415774840941475 0.1407461278670849 0.03713397297464912
-0.11135506228009201 0.13915979484672408 0.07116062575060063
-0.13997845633111586 0.013852844328023002 0.06172030911483457
-0.1500645827128262 0.0014654823184124827 0.05165011205936876
-0.1472618034034855 0.036291881074709736 0.04273847072210876
-0.1574823407876792 5.033785340758011e-05 0.03685684846754486
-0.06623576764935273 0.5577686475116291 0.022874845878397096
-0.1532355538234614 0.03570341605535829 0.027305717602525374
-0.14858090328845708 0.05127791709634421 0.034079265927981786
-0.10679677720763747 0.5621704301255052 -0.006475215492742335
-0.11780928021274598 0.5560687894317782 0.0027774441570073646
-0.11206250585352931 0.5493298136947887 -0.017895172044047548
-0.11294884290761494 0.5372682225078153 -0.024061224162195076
-0.10564768674618497 0.535200732038437 -0.03363276997022608
-0.108682341999617 0.5410454108176096 -0.026509558254760448
-0.16054746496785904 0.00850493714771275 0.02067342277162508
-0.16280667739068672 -0.013549426352652324 0.02331573741629544
-0.07669614492403884 0.5752278978447839 0.0021368473788243585
-0.07927580689929627 0.5660045356104675 0.013015709547008805
-0.059651401921770354 0.5643705750080007 0.015347478497354608
-0.03302821534455573 0.5718202137470725 0.005982090314958619
-0.14379200778343287 0.12413187196342905 0.035941118370532966
-0.08121315942028098 -0.10792893097369743 0.10485841301408634
-0.07326441580948824 -0.1021254720336574 0.10684078602542384
-0.042020378654788186 -0.10744709499743821 0.10436598906169788
-0.01949003737309542 -0.10751895372216164 0.10292964120567116
-0.02848757862884158 -0.10267151870396973 0.10994320103954189
-0.0253894743084524 -0.11115843035844207 0.09710514240050504
-0.0271958965975573 0.020490236346543848 0.1242352206159202
-0.15045622266702294 0.12775581495051644 0.011502891118884424
-0.1515377399098766 0.11641729444242559 -0.002063510558005899
-0.17208051213669354 -0.170610612667783 0.04495096293382202
-0.1126588019350296 -0.138299773166508 0.10266892375312833
-0.09868154200619604 -0.1378018633578988 0.10442583585884935
-0.09227141751706065 0.08654656893976087 -0.08617615561303767
-0.05611038076391749 0.09640482787724663 -0.11208394483707902
-0.04223606623719342 0.09251821961751619 -0.11521708104285065
-0.0318949502446448 -0.02673829729617624 -0.0931243488190238
-0.15541988903756662 -0.005611920511397138 -0.03116335260763164
-0.15160734864684117 0.012308693393545457 -0.031480216084493265
-0.1488535991730346 -0.008656719866337202 -0.04347759400312797
-0.15948743250281044 0.0014324865878686274 -0.018474665148938762
-0.04192470416184242 -0.11641513161924723 0.09484575443451414
-0.02644522485619803 -0.11482046150234582 0.09079786234145071
-0.027499243229837076 -0.11984302826789262 0.08389088567589151
-0.012520079198982244 -0.11470631488231066 0.08557471660526259
-0.1726500678364045 -0.18950226136115433 0.018753301620277656
-0.17170884512140802 -0.16886368651711597 0.007868350417026307
-0.13110178177205295 -0.18866430346687066 -0.03760839223753521
-0.11615651849027289 -0.19570671921796062 -0.039964678645462944
-0.14504078865896577 -0.17139363403458144 -0.03343374662279637
-0.030059193558086644 -0.1188202423658693 -0.06800923086694828
-0.033575099664565726 -0.11862847559717538 -0.061342430717113254
-0.026932207374409416 -0.12472616136631148 -0.05264743853954725
-0.025477674806169297 -0.07296424051580114 0.12176707750156414
-0.09124336876352072 0.13694475155916677 0.0805762827493787
-0.08090495411863739 0.13759242881343586 0.08309863296171548
-0.06799429242690244 0.16249241310117477 0.08142840144834548
-0.09178766174867971 0.3143838262955717 0.10864049803611683
-0.08456810098377746 0.2701991470571964 0.09868706098159172
-0.050156971193068105 -0.14727412142423035 0.09316053909308475
-0.058683442579276664 -0.1665168834116132 0.10149006843273622
-0.04309018481292886 -0.16156136967805268 0.08942959335726525
-0.07419095505075723 -0.17393731687833747 0.10940834869763302
-0.13788593975702043 -0.17678382687039582 0.09998471324443345
-0.14998595361535386 -0.17493817270256987 0.09021810612421305
-0.1723977266352061 -0.2108540249624466 0.038516804785224956
-0.16976268088243074 -0.20843082892387016 0.05700255182542975
-0.16663170555721388 -0.18296966060543884 0.06471825906923488
-0.12964492879144907 -0.21977533072988098 -0.030228694002417164
-0.14414657489769309 -0.2070880505931657 -0.026058350886793
-0.053183902324092806 -0.21008969996680588 -0.014102222967376997
-0.09507965115445689 -0.060532308897050635 -0.06570627095704305
-0.0908935655073516 -0.04994186923471333 -0.06971608158032795
-0.0794867023661006 -0.060846447726758734 -0.07498296696196488
-0.09985788222137795 -0.036026980479044735 -0.06516792975623201
-0.05687567025271492 0.1217327820793398 -0.11510404224766904
-0.06420302753719917 0.12216838548013582 -0.11195042954807052
-0.09657619793851356 0.11245728561493731 -0.08675528376572576
-0.08165506561379932 0.20792188968787556 -0.10247936906829255
-0.07137805490540507 0.19846528620974385 -0.10883160442474167
-0.08182533812635272 0.23044538922512298 -0.10190728806481782
-0.07596260266909986 0.21871728336504523 -0.10661529433855536
-0.0923233910254888 0.2858650058525776 -0.09272737782734636
-0.09986699326276863 0.28250739719398255 -0.08733418894117717
-0.1638226221335292 -0.022273195091826428 -0.00240197361632737
-0.16136126562621467 -0.022284035198477128 -0.016170448514374526
-0.01707418761475346 -0.1695929700401681 0.05147215431203586
-0.01257954814498833 -0.16145382285348753 0.03241138915512378
-0.16172856542653322 0.007729125945542205 -0.006629414386160241
-0.1582287794161217 0.032928483894977906 0.0012587518959935736
-0.15301449579390847 0.1373658992240583 -0.013071059455449719
-0.1510187891643083 0.11237541387796444 -0.01514778421564798
-0.15353080641907574 0.2605245908074022 0.0073457499839401546
-0.15007184144273736 0.2547324344709401 -0.005061454088913685
-0.1095537407597245 0.32614578096049013 -0.09773898874424897
-0.11056562020991076 0.33577301152190603 -0.0997803948037673
-0.1590777240240124 -0.18187013537970237 0.07976047997744071
-0.15535974328351249 -0.19950256102350591 0.08721805139094813
-0.10734371349745628 -0.28643323895017725 -0.01272336301182311
-0.12152707926171405 -0.2877558673837117 -0.010666468297789482
-0.0364339841267845 -0.2533562499452984 0.03025341239010934
-0.03178982440274716 -0.25201168701121923 0.03879717643022302
-0.04094942638965449 -0.29274917515477333 0.04721820487924686
-0.039376518436140026 -0.30535032170843346 0.060877485134015155
-0.156341375234697 -0.21061604579378945 -0.013762347046133393
-0.1648223616719421 -0.2806537879178428 0.03159489668950387
-0.15831608638805553 -0.2850299217583669 0.01702326090048608
-0.11141988606594035 -0.17776387123055443 0.11002948032113215
-0.029132133016376426 -0.17781444837583016 -0.005230485765035645
-0.025901359568135832 -0.18838250201864448 0.005327878690062913
-0.03372525388378149 -0.2376439172181255 0.08640839398912606
-0.03620226404915378 -0.2193460095369365 0.09075061387059208
-0.024799415505735622 -0.22243485320985468 0.0666052528723282
-0.02649357751408165 -0.21025418625729697 0.07294070584110578
-0.1378556643382884 -0.2305269780426336 0.1076828770119401
-0.146737106428936 -0.2525643949047786 0.10150222748431822
-0.12692798368736127 -0.22590746445749393 0.11384393102115986
-0.16414507425268962 -0.23282481789813889 0.07319805097103722
-0.15386771844351158 -0.3405724431690327 0.044515602911860644
-0.14587971635552333 -0.3451481424015713 0.03219204852827099
-0.15785126565338373 -0.33705036333886584 0.05870752767781651
-0.15995840038829903 -0.3145456763119603 0.07026596668204484
-0.15094967601577292 -0.3148700884259408 0.09871573087508251
-0.1365142434312146 -0.2986596339780111 0.11846924966801715
-0.11760034038225833 -0.28257999047783394 0.1297003933761225
-0.10651583988349696 -0.27473438121586213 0.1326931678000822
-0.06676002423477229 -0.2688347249292698 0.12475001658887584
-0.06971620971301148 -0.39714430531282763 0.1417569569320514
-0.0803378209246632 -0.42038071888688355 0.1494823851515386
-0.06342378234507128 -0.39863389490228707 0.13784947562283906
-0.09794427377825404 -0.40203153744085507 0.15204357295853477
-0.10502740681907846 -0.4030833029393953 0.1520970012762837
-0.08843263810955648 -0.38724236358843045 0.14767761575939298
-0.12583752323573275 -0.39253575597288193 0.14032134166529514
-0.11742291696806774 -0.391128586908591 0.145207730566858
-0.14707398436973107 -0.42039954853978023 0.13432667025844144
-0.15221814617470156 -0.4108675767202685 0.12417757156691617
-0.15595152978010327 -0.4212576303171115 0.1139531456659147
-0.15457465569443088 -0.4057429207172716 0.11238732929888999
-0.15057828512591195 -0.4328933225586922 0.0882264263142332
-0.142404180421512 -0.44123957146197057 0.06320898545805162
-0.05022599514030208 -0.4282640812602365 0.11239135205793657
-0.04742520247246327 -0.40878329314831535 0.10282804529196876
-0.04905085027310025 -0.4202203354279045 0.11787730248950865
-0.080931731709587 -0.4234164876547182 0.04801369460575569
-0.08309750121149147 -0.4450819525344638 0.05874714858327324
-0.15596162945924752 -0.3466398681802354 0.0759156320632687
-0.15259518315308906 -0.3654295733408238 0.06415274637843356
-0.15396516997070736 -0.36316245772508027 0.07798971136079266
-0.13660414986780317 -0.3359578714100273 0.12140176719295052
-0.12761946491905643 -0.29717325035365216 0.1258597795693327
-0.1440778585539676 -0.3396349902082184 0.1133806853187585
-0.052750232052557085 -0.3116349568388179 0.11441780255781427
-0.061664867831322044 -0.32152066617004693 0.12548851384877896
-0.04279710394445022 -0.33007896026589245 0.06748292247579797
-0.04270515631211842 -0.33698503631921517 0.07811758625681306
-0.12619573287430547 -0.39735463189521236 0.03416106572983546
-0.11521761174696223 -0.4017885085348387 0.029822477142624846
-0.13593349659316203 -0.39111062117484446 0.042200802095143534
-0.1518002399541531 -0.38315257832180016 0.10849206202978501
-0.145851945447753 -0.36985174935049114 0.11744288238234056
-0.1375064493659769 -0.3598082188501862 0.12411915271831761
-0.14116130057334145 -0.386737001242338 0.12774644149345457
-0.12297691826898575 -0.36945284260901917 0.13656274538626187
-0.10643979719406572 -0.36393157774723955 0.14402075092283756
-0.09268349257738052 -0.3751867740601748 0.14691181373007878
-0.06021291265986298 -0.3594655958166668 0.12797867764057574
-0.045713946816455645 -0.395149733880949 0.10570062087434427
-0.04964731995226228 -0.382816940519212 0.08163787776447037
-0.11264553961048247 -0.44316727646258713 0.039257500780883976
-0.12399103916848828 -0.45053325763454566 0.04518990507124193
-0.10355146621699252 -0.4808122070413478 0.06497846041302233
-0.09224779716426465 -0.46952899065263376 0.06560087205258129
-0.10010304068999351 -0.45597764277944897 0.04813996301419094
-0.10251351613946053 -0.43486567181225366 0.1603437508282364
-0.09373632930613844 -0.4195522231240206 0.15515728244020868
-0.11038060697305983 -0.43679891873653576 0.16019842811179003
-0.1178601721609025 -0.4356317913079899 0.1578255421929343
-0.15604677519589433 -0.45535404737386614 0.11637966127629536
-0.1547408066400946 -0.43133099912847006 0.12623784935977142
-0.14062449705152252 -0.4630672368520253 0.0655015780001202
-0.13250873206559446 -0.46630004771617295 0.05745556145276983
-0.14586763422303553 -0.4644614157882059 0.07699067036692098
-0.06327829189131043 -0.48902495183614136 0.11955498463302171
-0.06210191137093428 -0.47413236266886327 0.11053772174707134
-0.07660063231986357 -0.45221663407373636 0.15139270569727975
-0.07926557368703505 -0.46292667488902045 0.15701511846311988
-0.10506570129984516 -0.46848304261569246 0.17148003839309264
-0.09650060357989439 -0.44195800525517737 0.16189985500529686
-0.1526881430459685 -0.47745966027766823 0.14242417729407306
-0.15699618342403188 -0.48365805216596824 0.1305736698880845
-0.14513208951508003 -0.4548316415973092 0.14744222366600362
-0.1585338682572342 -0.4904135763453551 0.11569435920793872
-0.14923498198277796 -0.5139422246236098 0.08817579874010889
-0.1510285422409496 -0.4909321589079225 0.0888846886465984
-0.1429047022610737 -0.495919473251375 0.07867145566055356
-0.12222385162810631 -0.660355753357247 0.09024404427499144
-0.06410903021684634 -0.5032410172429407 0.12381357474084259
-0.06376247220662638 -0.5009816137757623 0.1318507730926795
-0.06541267677181556 -0.4960390016160768 0.11412494071127711
-0.07669505442170373 -0.5136355489490825 0.17282483895383466
-0.1536499756378959 -0.522410383606176 0.1542972928426698
-0.15906615938851923 -0.5454661604553598 0.14697665824774425
-0.15958186822874978 -0.5201328469124162 0.14030211104844276
-0.053576652850103636 -0.6021830884423578 0.1346414623006106
-0.052622313102100984 -0.6011066434588754 0.14340010449362545
-0.07578481958940805 -0.5725376541896161 0.18335458853383138
-0.0710899282248534 -0.5535616255502375 0.17647392594870065
-0.06805382372776475 -0.5783143115845049 0.1772028491640621
-0.15437706357414543 -0.611164774801729 0.1498171800971871
-0.15036935699995893 -0.5913538606130234 0.16128432232503268
-0.1529229099700492 -0.6016069499459589 0.09959487048682819
-0.15196285965166803 -0.5792181287853739 0.09397550818231101
-0.14246801079531066 -0.6013589355784881 0.08851091385000852
-0.12958050723516903 -0.5837587957933361 0.08144748528011037
-0.06087959129019219 -0.6702765341244017 0.13652241084434194
-0.06376296309300224 -0.6990298850145661 0.1352737048118168
-0.0743989500030445 -0.652273456226794 0.17371417612499457
-0.07066716435892584 -0.6141689343061769 0.1783830734981437
-0.14594576486703575 -0.6712302315534355 0.1494565900607378
-0.13638676522228194 -0.7067709680677731 0.10844807739750241
-0.13734746087642133 -0.6732891423311556 0.10016926229522399
-0.11322344707429989 -0.7446342374381756 0.09932231204459517
-0.12574851238420717 -0.7174913810746433 0.10176173237604423
-0.10442500985842483 -0.7489820971809205 0.09915692411091982
-0.07482194093412362 -0.7210398886782157 0.1662920121866644
-0.12927494463797848 -0.7101471277014122 0.16309108478510279
-0.1196490228327249 -0.7645845231418258 0.15923981203039325
-0.1351827296798449 -0.750016776790324 0.13709172994924096
-0.1354456826811615 -0.7378287021723237 0.11794988930271308
-0.1367003400907613 -0.7445041650666983 0.1285853335810132
-0.12908019682772862 -0.740424937199072 0.10837545037593821
-0.01056982698426011 -0.13882078089218786 0.021919636442077468
-0.0069514933965207585 -0.12708047684051782 0.027903173988285335
-0.011793005066021295 -0.136102124830755 0.006989092154762125
-0.007655876779761357 -0.12875434609984487 0.014266914793200478
-0.05021534809638643 -0.2502042968698622 0.009540208291472065
-0.051510485717188914 -0.3198339597352625 0.03644906874917007
-0.06009072767976369 -0.31211673600418766 0.02108458592452266
-0.05252069757718015 -0.284189110535411 0.021829275136090953
-0.051214699649936565 -0.3467264983163427 0.05114551918149516
-0.056614535139944105 -0.3343290710139451 0.033848871473543166
-0.055607960307505325 -0.40132091658862057 0.08016690007065955
-0.058024408930048496 -0.3916170323565724 0.06781276878902602
-0.057812566094600296 -0.43616897894220286 0.09554812299692728
-0.06930364614192573 -0.5031480983482964 0.10660097038768895
-0.06595826045141366 -0.47634529703681894 0.10269337461193348
-0.07158892261164977 -0.5240630877819383 0.106789754437975
-0.069249901752654 -0.5388090522927617 0.10997750268883255
-0.0769238135313572 -0.5292861014333285 0.10061756916797687
-0.06427928628470443 -0.537354486801898 0.11894057538801932
-0.061211704066350126 -0.625039515192713 0.11864940094599767
-0.06210908208247522 -0.6061009166446054 0.11503996185879374
-0.07034541570897455 -0.5957666520622381 0.10518920881701103
-0.06914013174913498 -0.6982053829362241 0.11870899993718767
-0.07655455174819793 -0.11912990112054278 -0.05070482048575099
-0.06370302020656592 -0.11877373054014179 -0.047773891847262814
-0.14168031044761575 -0.4060167329840171 0.055142727637884255
-0.14325325681673268 -0.42463322320694624 0.06342425721137619
-0.15009521907286094 -0.3644993750062311 0.10591619962175271
-0.15274170627234412 -0.37055090793040635 0.09376436426918565
-0.11979994117713928 -0.34046751671744635 0.1343391802276163
-0.07761251387884868 -0.32582996019157884 0.13710926987904787
-0.0873278889753057 -0.33369198821050106 0.14162071954400848
-0.045972713118962706 -0.3626447277611401 0.0809231336865313
-0.04758759742898269 -0.3472866223326575 0.0615936095698404
-0.044239042832526554 -0.3580787376888344 0.08918368674547375
-0.08061477433526706 -0.39843952634004 0.03627728009702436
-0.08220299110452006 -0.3812000701823959 0.02874417846274516
-0.15109373015577637 -0.4710675152720524 0.08946394690741706
-0.15038318844045048 -0.44493971708926494 0.13794949120831515
-0.14121898717958953 -0.4269834163512146 0.14158523425799216
-0.07595001757215918 -0.4252277339533327 0.14767048326375157
-0.0661322322146204 -0.416105061654379 0.14132082907107568
-0.05979869477792237 -0.4688245121150688 0.11773757375365043
-0.05946435725164764 -0.46376422037848103 0.1250697399537628
-0.11476543921987367 -0.554782748263897 0.07987758023142724
-0.12998512827991818 -0.5160838214364374 0.07463718337926088
-0.1284961199262277 -0.530263244887861 0.07670087417840053
-0.11581638032848013 -0.5353203041162813 0.07731250045362524
-0.16313000435569794 -0.5535021066077271 0.11809812882064138
-0.16199425308454646 -0.5316878182497347 0.11131169949012579
-0.15954811613848552 -0.5649070166613726 0.10452237424423813
-0.1253899107808955 -0.4841159085414772 0.172067231600812
-0.11679739933613152 -0.48291018575434264 0.17430472224710214
-0.10844962344805746 -0.5317774072512637 0.18740909940515493
-0.0881518851717442 -0.3274982799173364 0.0067732148794111885
-0.10252370223972497 0.185973109253795 0.06750856286732813
-0.0883153945231156 0.1907632012891004 0.07438208334086802
-0.10507933030301336 0.19571285829403143 0.06560816620521918
-0.14724998276787413 0.29805766294758 -0.03680841393428472
-0.15647545065685672 0.30937614473518626 -0.024964901272127017
-0.15861782099160285 0.32255438301359096 -0.030980363434081403
-0.1825823166016647 0.3701849131104147 -0.0050625127073409505
-0.1847154488982546 0.3750867901926069 -0.0047526612550748805
-0.07221001496474258 0.25915524398217216 -0.10514992922338143
-0.06262281117388717 0.26833161677337813 -0.1086760186583765
-0.06945419211664441 0.10361499695512184 -0.10698382958667592
-0.06831629807333063 0.07706890179870349 -0.10003252954056147
-0.08105765169569157 -0.016001376271136344 -0.07332103398338802
-0.061916114544193046 -0.01962833758212337 -0.08176499760114593
-0.023333714005194697 -0.11772099488047005 -0.07243680694189537
-0.018228208540505705 -0.12319726102617623 -0.06317691097126323
-0.026120554491340972 -0.1123955731895292 -0.08044785562451481
-0.017461772274832997 -0.11600252219107987 -0.07522761655275628
-0.011559229319060537 -0.12891318844683686 -0.04349107984145505
-0.006289054264897767 -0.1283137079229162 -0.039663635996605
-0.048316532350845307 0.26382044720129916 0.098049006093992
-0.03765907938053397 0.27741994805709985 0.09921528779802165
-0.04420628099951495 0.48239950271964654 0.06973147696563585
-0.04641747024258131 0.5470226789920061 0.030492369321554767
-0.008518614585269028 -0.12814837585560968 -0.0183584433304638
-0.034619607597235216 -0.14039398101085276 -0.027651829913300084
-0.028492966604431735 -0.14079370815943154 -0.021365142121510472
-0.04310980467541398 -0.13080772584052247 -0.03676429520553216
-0.03258255530756689 -0.13190169147492453 -0.02992283675576275
-0.17240877033493437 -0.14018338608719794 0.03695489195472809
-0.17194452144364492 -0.10254320545225455 0.025429410474836402
-0.09884729653215481 -0.12508768566516282 0.10359830108012995
-0.08480156368862826 -0.12374139555362106 0.1034186823720494
-0.07059891223230298 -0.12180633821156861 0.10166840983974884
-0.19974827028346676 0.2683282793493007 0.10281340179840306
-0.21655161861623054 0.23774580044742008 0.1196917993511551
-0.0631073577498806 0.3553843095994982 0.10867771197265527
-0.1251261221954619 0.5406596909470096 -0.012902189539300092
-0.20657291003361275 0.49396569682144503 -0.02459733580483781
-0.20399129200362306 0.47862078392250385 0.05144659170486424
-0.03014326930227004 0.1933912080624412 0.08064450689323331
-0.03904129201834425 0.1993348947503948 0.08229848454758325
-0.021625538270092688 0.20836158603068192 0.08040244382012883
-0.08269706532424001 0.345403254755269 0.11278627603136517
-0.06854083032273146 0.3359522411145426 0.10934906511778997
-0.09585570904627583 0.34238567322421454 0.11429541820745864
-0.08378546227944737 0.34547962000143806 -0.1084319616003006
-0.20230424239922715 0.32799891008973736 0.09849610029948432
-0.19876843384960993 0.3170830489809027 0.09879900814970514
-0.13922177257487015 -0.1388338189616954 0.09182581744536475
-0.15105480833752474 -0.1307162231091818 0.08075582795399623
-0.13949820712726085 -0.10969305024507764 0.08782206931719208
-0.12591725104079227 -0.12298385777142884 0.09680264114530014
-0.12878857890711623 0.13948842776231263 0.056575097992339986
-0.11913247500530774 0.21235084445390215 0.06053350210995855
-0.11038920729779998 0.21459726108830596 0.06726770344528436
-0.12477392234612775 0.2329576401320751 0.06708581330264311
-0.13612087596913655 0.26810375762557587 0.07509651454600405
-0.1422935910359769 0.2660738972282005 0.06623677237267832
-0.1468166215659872 0.29266662025602636 0.07832470600758863
-0.16347895936430343 0.3266401034560405 0.0799653626077386
-0.18163997662287235 0.3660438509070181 0.06927652510345078
-0.1844210945025089 0.38179272966614153 0.06450544470377587
-0.18284918345715168 0.3803559578180372 0.055814690037962446
-0.18240481856052287 0.3783077166733909 0.05732987010700803
-0.060563634245542376 -0.13316153670196795 -0.04384830400410777
-0.049901965619178285 -0.10081255679633333 -0.07409035089884775
-0.05072735099480167 -0.09442896395270972 -0.08271573590680384
-0.058004542339111065 -0.33857478775276484 0.12298013973793454
-0.06709612112410157 -0.3504092210624653 0.13286503022773813
-0.0252046317720188 -0.1478080635574186 0.06694279906367759
-0.03272001203060327 -0.16400687433027367 0.07879027693344334
-0.009088266319303547 -0.13018730092867048 -0.024983869564331195
-0.0042782969639603265 -0.12839316034913884 -0.030980261310323078
-0.10044101614143237 0.5524511251949759 -0.038895030012311475
-0.09883611565386137 0.5458419696246932 -0.04950455175278376
-0.17439663233311262 0.3311503548615998 0.05463177079864647
-0.17751182386157108 0.36287517123203944 0.048035093350245146
-0.20278933697701051 0.387958637903539 -0.039448183121932136
-0.197448313133161 0.3815462571165612 -0.03841406548483444
-0.17786275314787062 0.4170355575160941 -0.055961546502690744
-0.18017243327265225 0.42796475832390535 -0.05427457937028758
-0.16049774799059804 0.4234414102586256 -0.06218728015234998
-0.13452835854464695 0.49789533785912155 -0.04208796139902391
-0.1170812596097516 0.49114825087638453 -0.06226157579506587
-0.10520584556968955 0.4879537077936804 -0.0704852412360966
-0.08819919164100795 0.4857042705772758 -0.07720584068439203
-0.147754208430674 0.4967210444006598 -0.03689888635151084
-0.13260671424796247 0.5103722784392665 -0.027269465308640394
-0.09959144114915972 0.5353370077130732 -0.04634779760970058
-0.0956896970396077 0.523904558489052 -0.05435078756042519
-0.09043951446666101 0.5213072208100731 -0.06198866947234437
-0.08521252160847236 0.5130233010207242 -0.06561741127281041
-0.07017793587580184 0.5093352022533447 -0.07592108387775329
-0.07759537711234833 0.5108886190585976 -0.07160710274859207
-0.2730510824948352 0.2460182181398683 0.05605911268709934
-0.08826616675370297 0.5762823580561823 -0.007155385777170439
-0.09921484111408749 0.5685539371128893 -0.014184753792376869
-0.19941020553700545 0.4801054966683502 -0.039981768767833284
-0.1961609264102019 0.4899059771949932 -0.03187232199682834
-0.09669242234617781 0.5470277371201193 -0.0618648800699211
-0.15146778001127612 -0.40548059185769003 0.08565288626798348
-0.15178278936849057 -0.3902299774494493 0.08300324399536087
-0.05936859257982443 0.24977326733351846 -0.11382749624493116
-0.04127130530211963 0.25034254121292143 -0.11959827117602538
-0.06669154499604693 0.5370873262789145 -0.09278318369664049
-0.06623170018385979 0.15400801726534805 -0.11055397743871441
-0.043332565561643575 0.12216559306461343 -0.1179604748325561
-0.023626573798489436 -0.06533052038640108 -0.1033548855175404
-0.2469545055857176 0.33963867480971077 0.005257641359196222
-0.0786898368108547 0.12470167972520835 -0.10251679156468281
-0.17943850589580287 0.3652129385061468 -0.005316339064469555
-0.18102542634615787 0.3648564203048507 -0.013830788714938739
-0.07339223762807971 0.27833937352267707 -0.10260994567273812
-0.09964452303315287 0.35752803407710915 -0.10519605827983697
-0.1130325303879488 0.35376818502796376 -0.10004884997208753
-0.10994680705137727 0.28886729368534614 -0.08095778681818504
-0.11009658523906761 0.27980641833189446 -0.07847443472216957
-0.006304079737612697 -0.12874150361780712 -0.01914262985731712
-0.23113895124264547 0.3807287717095423 0.08483974755960412
-0.013152635552130093 -0.1556877942823568 0.015964701228323646
-0.01716168015999971 -0.14780490086740555 -0.00021421771641599939
-0.03381597184339291 -0.16727512234624853 -0.015672963687077823
-0.04251322143837489 -0.15425798370463872 -0.028648466118705647
-0.0180475858703886 -0.13609499089983346 0.05569825744399988
-0.023656262268452584 -0.1320798543896997 0.06763269684866935
-0.013407568750869075 -0.14388982423546642 0.04237861649752051
-0.012006824509837217 -0.12820422627595307 0.045324458448431505
-0.007299644976552824 -0.12142409362462402 0.04485022049472431
-0.00183195046052604 -0.1188249152878621 0.04697148590055049
0.0022581806632366434 -0.11796730791127458 0.037577858174558706
-0.07365886878804752 -0.19426080397901557 -0.03253446697061942
-0.08607005275757211 -0.19212600090884402 -0.03798386898383026
-0.0825715257617602 -0.25940152570623926 -0.015284424287818427
-0.07107687218228248 -0.2503107828597597 -0.011172725566508123
-0.07068781843142088 -0.2934410252092309 0.004862817628345455
-0.06564425240662093 -0.33178121918563636 0.02195499220308925
-0.07354126432769244 -0.34830306800541494 0.021588223023650224
-0.06368222152390893 -0.35577669319832284 0.03433709728646091
-0.06576842292929645 -0.39230190451819436 0.05174428915182469
-0.07620048727637513 -0.4595062147280935 0.08045035126581487
-0.07783281936001393 -0.4735821590654353 0.08468938232516086
-0.08649368809345347 -0.4914135483708703 0.08273643793876978
-0.07893345515051167 -0.489855699503025 0.08913907348830244
-0.07554232135052061 -0.5119777319636667 0.09921819624209875
-0.08395333808879743 -0.5245701000721235 0.09287303994818785
-0.09215579908656273 -0.5190641914767115 0.0852345040555851
-0.08328110472868812 -0.5512583388081701 0.0952552756908529
-0.07927974999639825 -0.5987386126895373 0.09856965922359828
-0.0937715079682622 -0.5674634829168949 0.08958543046561246
-0.08001480945305492 -0.6396973896857283 0.10091981120363794
-0.08227160910341758 -0.7023290432648863 0.10617039771144508
-0.08355606947982228 -0.741694640503031 0.10810880920146855
-0.08983012312913141 -0.7460234523878957 0.1042579524179527
-0.27603480785794193 0.24823495443626115 0.1031987422180287
-0.18255405602547115 0.29476125638370787 0.05096073829196113
-0.1868662525516144 0.2941489240006546 0.04542365314036524
-0.19161091448245965 0.2632383186900496 0.07545974705055117
-0.2011585242720789 0.2399774985681626 0.09462758243286995
-0.2026662593420608 0.2410800300522014 0.10122063356750849
-0.2182396086881502 0.23278091203899245 0.0490154751836012
-0.25955089767317313 0.3381463142637605 0.02094184268771757
-0.2634393205879778 0.3329485874622903 0.032706558769838905
-0.19220060174118964 0.3806021755877411 -0.0107433385474904
-0.1920563884163427 0.38096041605585984 -0.01456267301526059
-0.1876843299115746 0.38626690416964654 -0.004925356371484861
-0.19792228967092723 0.37747091635498164 -0.020131200473040824
-0.26201248993679455 0.299115272076689 0.03750056776622102
-0.2638611942990426 0.3109475286152819 0.0405001390606036
-0.19774367845787436 0.30009215213869295 0.0301063232505584
-0.1853968555351753 0.3052476111804827 0.08599481490936312
-0.19192187990488152 0.3019027910676046 0.09388534028869852
-0.18096179702388684 0.3221347236218228 0.07967097488203964
-0.22924442529961364 0.34279368821744793 -0.004180124027346222
-0.17454674758435026 0.35774803958876306 -0.01863577037644769
-0.18055673670229702 0.3560612463481008 0.04330026301460897
-0.1785631668701499 0.3516715924299945 0.03691791906018883
-0.13741525927893017 0.3032942762616805 -0.05817246273125389
-0.16716268274193866 0.3129345975517791 0.020099702487186382
-0.1601060529086433 0.33437781240939346 -0.04412380811755244
-0.154204215088094 0.3295603495951892 -0.05411410951033014
-0.1149764999751465 0.25681712191713646 -0.06885444130917336
-0.15027880031390833 0.31467182258907855 -0.04677394041664088
-0.10049743997558724 0.44727698761958096 -0.0809311748884639
-0.11158446633352741 0.47978784687554393 -0.07161053303355018
-0.0779732574004731 0.5040354395601427 -0.07105330525791319
-0.07006033975633315 0.5025149101707613 -0.0756500507491316
-0.07873248415034792 0.4993653038832819 -0.07241288765402658
-0.15354556062602762 0.2852085355599141 0.059142043274062646
-0.1473091834146394 0.2622346966073933 0.056131163362465854
-0.23087759069784858 0.31560102860843814 0.007405976230507583
-0.22742346622977833 0.2890772180528052 0.01711132297137742
-0.1924543567753643 0.3480024054201156 0.08904481299793966
-0.12707398167232925 0.3681924596469917 0.11409731373114086
-0.25935449108552244 0.3600295243179957 0.06951057849366646
-0.26691566570344 0.3401029113872944 0.047465492207752646
-0.15032893442923528 -0.02330682377619039 0.05829117310296422
-0.15823390555771616 -0.03467815262256779 0.049860889928949326
-0.13537358939678557 0.11562944026131837 -0.05721026773897797
-0.14221623596408897 0.11787841493110052 -0.04854771443753611
-0.09517960121639948 -0.008792370655431562 -0.06801274863386592
-0.05648580106055936 -0.17623126919577545 -0.029058954914181367
-0.055281171032487586 -0.1465103091759442 -0.03822319747612999
-0.03515789719490811 -0.11723572366503121 -0.04783884573899115
-0.04471256335053558 -0.10890731938746812 -0.05511440168105517
-0.03558907265560177 -0.1168838215675676 -0.04318107938574779
-0.014160625670458128 -0.18043927603612703 0.030806055848331314
-0.015928644958040385 -0.17206136017783386 0.015467945135837104
-0.1635604440907869 -0.033997954799573016 0.034096860189516104
-0.16616720285818284 -0.03697843682445079 0.018660131680647455
-0.15166681219914896 0.155214187897758 -0.008883263727356566
-0.02785259192723069 -0.2469039222224123 0.06711669786131975
-0.05496028667993036 -0.21367526330920442 0.10883086301063914
-0.10442695747285467 -0.23702321266455456 0.12450091757223587
-0.06289382800329857 -0.29356072263927463 0.12440971956713089
-0.10559123924442547 -0.37102826621986384 0.019387655874535534
-0.09371527317286237 -0.37109227848357174 0.02023526447098315
-0.08040004270925748 -0.41108796723750474 0.04160000213358039
-0.09033527217032854 -0.414336688598665 0.03520803763426574
-0.08116942213425082 -0.3914575123686157 0.14604651339272676
-0.08719291336189032 -0.42053596851756714 0.15302642802628183
-0.14698558376121282 -0.37099123668687023 0.05120620905592107
-0.13823521388357235 -0.37563254166894255 0.03938834303605285
-0.14960887495826028 -0.3455978680900216 0.10298937996733329
-0.1018710504486952 -0.32505317933073163 0.14060852232872878
-0.09130064926181332 -0.30577246700623717 0.13901921460562378
-0.09862985388241427 -0.292159228733874 0.13712874353004972
-0.08266654435308983 -0.3062440634528997 0.1370724286270962
-0.07427524489620564 -0.3507990077128822 0.13793198649919725
-0.08216061443721737 -0.3561433575545083 0.14265611532455685
-0.08986545537832746 -0.44378340837934327 0.160081579651536
-0.09038730115314571 -0.4800379500327683 0.1729399994079093
-0.09145321394922457 -0.5150565263465818 0.18205101716476177
-0.10452659498194207 -0.5620702193691045 0.08401023133320319
-0.10312118187791856 -0.6118514369831128 0.08751797332661841
-0.09634334997450701 -0.5571019870844209 0.18966039755335018
-0.087252008329234 -0.5508933280181789 0.18682585440636376
-0.08337006456542934 -0.5766842884626711 0.1874127586389496
-0.11343083178025724 -0.6015278998349614 0.1877762475601358
-0.10547487666904776 -0.5758462173548067 0.19089662884484854
-0.10208505225508824 -0.604488662024594 0.18903405094655756
-0.09387870305267793 -0.6089679171538449 0.18832104241531084
-0.12694943780587117 -0.5581160632577264 0.184984389852045
-0.12776121895295126 -0.5399713886585558 0.18329399432982557
-0.12587530476439276 -0.5770112571921671 0.18538462042609827
-0.1170977105276667 -0.5568393541183794 0.18888979951335882
-0.15840549038677992 -0.6145668473283928 0.12278769034612165
-0.0998620699799718 -0.6902116116080461 0.09689854789579817
-0.08846066539016119 -0.68591116515676 0.17572391390027653
-0.08121048408714494 -0.6635975286677935 0.1757425495688206
-0.10481143708669641 -0.6632944707790894 0.17953742959299382
-0.09810093442568302 -0.7256546590383235 0.10006863583302471
-0.09371448486653658 -0.7596221613672404 0.1019621374718025
-0.02407203954471527 -0.1333996651378 -0.020845488636458947
0.008374343359025396 -0.11850576336390456 0.061223421265750665
-0.0035456518843027013 -0.11844407000211121 0.06109456839031572
-0.0023899074472959435 -0.11716902979281785 0.07072326239039922
-0.015112319226173938 -0.12121697493461014 0.06739452265842165
-0.16934601086747084 -0.1228598798003544 -0.0033930227678791182
-0.16558729547551698 -0.08892726131347062 -0.012473547891215304
-0.0975211387322207 -0.06906943746474625 -0.06083694382594554
-0.1097629601241496 -0.06415849529770257 -0.057136062209612946
-0.08553209535806239 -0.07527010121014954 -0.06309144199350752
-0.10381709536996313 -0.0756618266284303 -0.056276684019720094
-0.07330900074073052 -0.0791096014585817 -0.07082540748047207
-0.07032118375744824 -0.07413247950938584 -0.07777756295047748
-0.05300484959146782 -0.07499779966200082 -0.09061448806647378
-0.1527172815319269 -0.37676016964581843 0.08045646304133515
-0.14928798617229927 -0.38249999262956025 0.06696739118446693
-0.05302540685708045 -0.3754169425560907 0.06677397900518649
-0.048138029283249555 -0.23101404966522116 0.10568377337742443
-0.12448202662631061 0.16781029278450943 -0.05851971691506454
-0.1316082806486507 0.18793890047251421 -0.0441761878842281
-0.1445729909173942 0.21095126894240457 0.023865048282937062
-0.13540186195846168 0.18381309582894362 0.03689496276768505
-0.04054187266121521 -0.037234444574062775 -0.0915032421813168
-0.044329371004825834 -0.06495069183383007 -0.09520225819060929
-0.015139101584079656 -0.12782609694977015 -0.028926246631043866
-0.07614385137516907 -0.1449481036363809 -0.046235518607903335
-0.10349278736110169 -0.15080298898645023 -0.04941469200757911
-0.15506234511827957 -0.13787126528992694 -0.029070396196435297
-0.16342835465242492 -0.12989798491857563 -0.01717112742051605
-0.16091331855136878 -0.11719321548644596 0.06536755873790345
-0.05658567909522261 -0.11927112915185334 0.09858468281360992
-0.056836147494745685 -0.1130102684405172 0.10137579018168853
-0.0560932830012624 -0.12622286730078103 0.0969394370304936
-0.17741126775226762 0.3489567333989441 0.039065002707668155
-0.2669278438518209 0.3351029172598059 0.058533890718617955
-0.26578177514315154 0.3486213959300719 0.05926965118783922
-0.1751206947041896 0.3087732933777845 0.057645855298792535
-0.1758696569864192 0.31471690106190375 0.04972102802885935
-0.24774457689964527 0.3160693026325953 0.015733607561753793
-0.25381425720784145 0.33064895162594476 0.01657762062725289
-0.2122268401107465 0.31810020002906325 0.0062411815821097425
-0.24653980496923608 0.3719716785927528 -0.012765011031476587
-0.2374130413530403 0.3681735671659001 -0.01589326425363432
-0.27972155845003727 0.2500922299661718 0.08745801834474334
-0.2659746993384831 0.33376326579785653 0.041515165943581185
-0.26604366018265385 0.31697742755892633 0.04600784991129315
-0.057575601999641915 0.1506535536135586 -0.11375969780375735
-0.0495325289839464 0.14945840555554427 -0.11576399083647561
-0.14106743077817588 -0.013213369777473226 -0.05110328228084541
-0.1438647836939271 -0.03137996174194618 -0.04662116909868989
-0.0007356269573017474 -0.11967879741729916 0.029247766039173412
-0.06242189915215897 -0.09108416870428587 -0.06270451662201716
-0.05494830150036773 -0.10180100404289605 -0.053422514856449894
-0.0329127523057414 -0.26999892527446334 0.07869101667287312
-0.040817397648058355 -0.3028034945107668 0.09225504579534151
-0.034245292914830486 -0.28554195861606513 0.07582861284896998
-0.040220784639360296 -0.32016783490298917 0.08038243439442454
-0.04124148192851459 -0.31802345560486134 0.08933298527128208
-0.04535580796778173 -0.37212544131255126 0.104597015954134
-0.056239152938862766 -0.4177009828282059 0.13292675949913657
-0.055505508040680204 -0.39796219244826125 0.13038170470031077
-0.04995700271995957 -0.3972511416687687 0.12245711425040998
-0.052568345423808754 -0.42120667525199296 0.1267931762697331
-0.06524978414559342 -0.45934216184705173 0.1382315348203635
-0.05738308274969157 -0.5800613427714054 0.1616568343413678
-0.06075320614039988 -0.559524573405778 0.16309405055799767
-0.05846091278607305 -0.5576794157818928 0.15610094876184552
-0.05985455548583019 -0.6187182616791085 0.16616533423159136
-0.05632095128774767 -0.6198539097320832 0.1590815204928704
-0.06455001683280753 -0.7053686598956684 0.14852053216399744
-0.06602104172287007 -0.7294434043039075 0.15436061166987985
-0.011484938503828925 -0.14399201028612496 0.03209039417048009
-0.007276362161481164 -0.12504668139484765 0.03638188875300365
-0.004201265384702573 -0.12641114707874673 -0.00852530019791182
-0.11975275881353666 0.5252787686452319 -0.02472249241067751
-0.1691346657863774 0.49029591779690285 -0.0338825515770713
0.005594414732472636 -0.11031893991497399 0.09995557663721662
0.0028825169776743728 -0.11371313013699892 0.09060494127239223
-0.005639011059093329 -0.1022401099149493 0.1090232126556007
-0.06918226994478882 -0.14027031489280106 0.10181799765055276
-0.054564721644180414 -0.13552413859036805 0.09566697952032967
-0.040078883203348806 -0.1314935384002054 0.0868666244127889
-0.08908771963863124 -0.15590566577976678 -0.0470520621625297
-0.19422271749425332 0.3439097601519499 0.003326521543432135
-0.1892756868750753 0.34673657382216017 0.008336056646126175
-0.18450538737385075 0.3892223160492261 0.004200313908618487
-0.32767489377288 0.03343553423783771 0.1012634390207744
-0.32098902530395246 0.04365594609609022 0.09132662838700416
-0.2658623469881213 0.040687784992843506 0.10109839385255087
-0.3012347332749662 0.01210978119136147 0.08540066008911511
-0.3094547094003196 0.013822027197624156 0.083847731241658
-0.27105231519669964 0.03444131116128224 0.14328560712327765
-0.2756839716286851 0.03884084601912166 0.14705943494347243
-0.2580186432868744 0.0523023342255399 0.13550725921438117
-0.24135912646902014 0.14216995109022595 0.0833341365095248
-0.3222094491584795 0.09191396337742137 0.10625276812147859
-0.32248096285236044 0.09339613197690022 0.11332864896136366
-0.27711651937953224 0.09406108339139317 0.07996110535756183
-0.27490393984425426 0.12092746170297353 0.07951064370110401
-0.3183500018955083 0.11792863424110432 0.10924717900937145
-0.3204596487757124 0.09096520626973312 0.0996257213897272
-0.2839200768193852 0.05095062096479828 0.08498696211356072
-0.2798172934359557 0.005557458856072119 0.10142780346138996
-0.2505216159655795 0.09183938316395228 0.09239205758918337
-0.2551005677654208 0.06397987486100512 0.10171874645982648
-0.26267694268274316 0.09327057831847255 0.08439148786647648
-0.27073842444730684 0.07285348094241723 0.08506175561867312
-0.3172134145790837 0.08764814146173285 0.09317202360556272
-0.32353108236368366 0.05770841281847832 0.12914672662863375
-0.32518743623162377 0.0633980775255597 0.12316013144397847
-0.31653234728435986 0.07091335181711533 0.1377926439346512
-0.28540833232055807 0.09798900231250839 0.15317033387621853
-0.2958641943774699 0.0950896272250079 0.15079460555086552
-0.23983448219214457 0.11656050092571128 0.09241474227406424
-0.24285346557748025 0.12370952980128863 0.0877338961051145
-0.24197745295498654 0.0994699473065451 0.09842883377560378
-0.24847732401935582 0.08303833586136342 0.13581888964330519
-0.25395710384529924 0.08412305036444516 0.14243509716931027
-0.23910775689709318 0.09442996677647686 0.1238402014357975
-0.30098037092947305 0.15611336151724883 0.08837366124041834
-0.3090641712565905 0.15726569539405047 0.10118973433006592
-0.2935894557983838 0.17962010136241033 0.12927573674317872
-0.29818297405246386 0.1781027018782092 0.12504183369107358
-0.2640990032169688 0.13813117834203759 0.15451456365046978
-0.27530620534470596 0.12026504369574621 0.1545692986897626
-0.28248949864557954 0.12303244857687513 0.15381706167970383
-0.23392741254177368 0.12557663135522212 0.13231230197598387
-0.22967530352746118 0.13091584723391542 0.12672562041573532
-0.21203349969969154 0.20486910747749482 0.10248839091439141
-0.21665075887998847 0.18512380102811998 0.10963073832945497
-0.22892075901468253 0.18633726729474173 0.06924717232023059
-0.2912710179751103 0.19979740212107952 0.09070424448582776
-0.29260835400335755 0.19220190491249944 0.08995642209531109
-0.2884456135694961 0.18973861972789094 0.08356013093206908
-0.23271116979391313 0.16788418212043682 0.07737164254099141
-0.2378835691337894 0.16865241885733503 0.07445458688501352
-0.2736996885570962 0.17396477873205834 0.07775998909483643
-0.26368949209437065 0.1667163578335926 0.07801785406855417
-0.27713959287572104 0.16717618264315282 0.07969954896261848
-0.2915941838794159 0.17300977870434484 0.08483360662288807
-0.2602022538520886 0.169090991898016 0.1524654317586608
-0.2568928709728795 0.17995653816442975 0.149373480938096
-0.22320079529898382 0.14755333899540563 0.11877194476787548
-0.2540557528299307 0.15249393144042236 0.07888275141827997
-0.2516740365203586 0.1634398472578354 0.07617022544604786
-0.3045295188042637 0.17425531102464564 0.10421578699177662
-0.30524937731517277 0.16065509668176167 0.09478257091144608
-0.21978018844332228 0.20402658132753723 0.12215836353615465
-0.24888092573458065 0.21869728972605795 0.04563727781907676
-0.25030215008833123 0.1978070556376444 0.0567650613242583
-0.2557285328705222 0.21501269125734726 0.048913082779274156
-0.2440065700918254 0.19688695913348356 0.056946380955302356
-0.28620616577806196 0.19949611901204328 0.08110364121973125
-0.2870052714325102 0.21121712234122647 0.08432539649886465
-0.29104237441695063 0.2070159826943306 0.10352836069987668
-0.2851328864705929 0.2259889549525236 0.09548143484838245
-0.1962438628075904 0.2657488470174069 0.09754481821786101
-0.21772459619455817 0.21981612460155697 0.05881611425963349
-0.28094804478409763 0.2378579216112941 0.07527263235502553
-0.2015981737927316 0.2369002891437011 0.08885021267633827
-0.22523349955685903 0.15502505270499545 0.09197126665719846
-0.30785492208413273 0.03775021817954574 0.14649558180721184
-0.30221622100423595 0.031551779180540085 0.14786677554137048
-0.2954466134565475 0.011462484261953816 0.1468667394617426
-0.3099743914101921 0.060080467177230895 0.08406936439422986
-0.30477170045387897 0.05327621538913924 0.08222268452755652
-0.3151292603195285 0.011077151743988769 0.08400925611568408
-0.2874430096046619 0.1554279455491611 0.08176793365137199
-0.2738098436082965 0.19863809871125124 0.13674125049239405
-0.2864277814024837 0.1575150916845119 0.14440392327374463
-0.27809791603578576 0.1570890960969403 0.15029231829268105
-0.2966304515975 0.16092360333148473 0.13384758459479787
-0.24999031882213443 0.19262700730590512 0.14465606561962735
-0.2790125020188727 0.20296167849841415 0.07187228172570989
-0.2820600395812119 0.1897770867024686 0.07793240367648083
-0.2683669048493467 0.22179250084178578 0.1291031191645516
-0.2844954084145512 0.1753480655936256 0.0810133109371778
-0.2844621244082936 0.19762644633684107 0.1287189884826437
-0.26308826528545814 0.2235427937079622 0.13212227873286092
-0.2550978135067665 0.2535426688941542 0.12338325220337937
-0.2761863860112593 0.22245134562835467 0.06365604747730763
-0.2730795913912306 0.2215942344602642 0.1245431406351256
-0.2783659432169085 0.21995400958146027 0.11891728028899254
-0.22877374641846723 0.25454260886426716 0.12341045295954682
-0.24755074663622692 0.21345693432984053 0.139039221893609
-0.223653102851161 0.25087709134128255 0.12236655141959747
-0.2871461221792276 0.05244537115493078 0.15116339843986754
-0.2926146200451917 0.05700217850374062 0.1512151577501767
-0.22816056139851545 0.13197548292621797 0.09992186429579847
-0.2281157483782855 0.12238856809153784 0.11235931045366271
-0.23031418442414622 0.12060278117093205 0.10471813878872768
-0.22250857310248084 0.15194728755734904 0.0995151860568185
-0.32465065407772126 0.03481192719945078 0.13213946336839125
-0.3261885043499608 0.012922475105323324 0.13332717203467367
-0.24765290645174726 0.07737900604783526 0.10489901571048331
-0.24548541209866845 0.07672973193060967 0.11289241103882341
-0.3043217605128002 0.0909579499511738 0.14642669039370312
-0.3100190922856031 0.09204548021633957 0.1412032817703031
-0.23163015373683465 0.15792333114135193 0.13577604148765507
-0.22496035813549844 0.1665940782280843 0.1268029481850573
-0.2158540275464644 0.20915283510956886 0.07166167584861169
-0.21487010725467626 0.20335304704162815 0.08038362211033638
-0.24814289981972604 0.16192576733905537 0.15051859076464394
-0.254658738050519 0.15535696949300346 0.1527667317419813
-0.2606582306691675 0.15963408588449174 0.15379304559974236
-0.22374385644517114 0.13976638149916104 0.11364624434609163
-0.21395197883317715 0.22127176539761073 0.06395225550125244
-0.2062557690090394 0.23775623748954675 0.06345921870645022
-0.30822148686951306 0.162155084905461 0.11695983872983635
-0.3042907855156668 0.17228705151179052 0.11906350667843535
-0.29438761090680204 0.19276648134796148 0.11911648950566237
-0.3300056859232763 0.0285053648311448 0.11327908054892154
-0.3269858781325795 0.05968716966040971 0.11615650158680929
-0.323921519520182 0.08001866276645192 0.11885846083700724
-0.28561770381491347 0.027614216436300777 0.08984102447271076
-0.28902523881468895 0.03242958389968639 0.0870698810464607
-0.2038356945987514 0.23721094420473934 0.07177495401875192
-0.21076254515605913 0.21259477907283195 0.08472697283821065
-0.29545084239175284 0.07703694112171028 0.07983124032277152
-0.281240903337395 0.22499486082255174 0.11042205528821848
-0.2588324457480656 0.13930523143751103 0.0805626174532003
-0.2689917736644707 0.14719007972348003 0.07997849083188409
-0.2651188596337217 0.15573341345194697 0.07971487916637512
-0.23405143148721913 0.1719083569649139 0.14041498639811273
-0.24716227094384594 0.18569025666740216 0.0639411891401087
-0.2539167256663065 0.18810269137401772 0.06361152285857342
-0.25779773014888596 0.19508899147067016 0.0605893693276838
-0.2670495265902012 0.19296751151052688 0.06663297441355909
-0.21664952405995827 0.20318923507974299 0.11644051207983235
-0.21999907874464886 0.1784131608393114 0.11870126243442095
-0.2622504199579823 0.21324234026862612 0.052987203132571194
-0.2626848324024212 0.22721358980885653 0.04793302849273973
-0.2815352083405591 0.0466075584367768 0.1500271365754128
-0.23415023461052592 0.2229862314238617 0.04516000403897439
-0.24958963640368498 0.13305456797286735 0.08274634068122967
-0.2471658759068128 0.14399187731060814 0.08115122693796484
-0.24657383637565788 0.14419263243149472 0.14814461456129985
-0.24068289568421375 0.18270703494599022 0.06618723076109538
-0.24414337161422203 0.16742085842706825 0.07407072535866412
-0.29719907042744226 0.19218282639292852 0.10502749616281463
-0.23823644395976232 0.19735828196309696 0.05767045058872595
-0.2848036753564288 0.21184797693808952 0.11610756083599477
-0.30855892412997105 0.14151104802252618 0.126953454868452
-0.3032280626234363 0.16570533243381433 0.12526453961640807
-0.15618516697518228 0.2776612998798684 0.00839394860085896
-0.1604034203353513 0.29290915861162303 0.014564314561409823
-0.13882224032722798 0.27619670252163053 -0.039104848112610134
-0.181250832998865 0.38798350035569873 0.023184313732680463
-0.18929649645619848 0.3110200866234758 0.033281712155843655
-0.19630072082856254 0.2906204798676844 0.037219617162055796
-0.16609216731565893 0.3156037361694878 0.007077909446088827
-0.1806674909772675 0.37214294993615255 0.028157839938817517
-0.21672119151826763 0.1848802060976676 0.09435614251933462
-0.2294082704366351 0.12254730324350287 0.12147335106366884
-0.2504970850832787 0.06388974526489624 0.12533100765699334
-0.09934662419653216 0.5636451294847366 -0.031980103169355206
-0.09855811611703418 0.5717197919580614 -0.03998090183338554
-0.13042297773866668 0.7358095937416959 -0.06260170498555934
-0.12380960284380144 0.6524492363628009 -0.07821964011843881
-0.1287671958424084 0.657325806543046 -0.07506846262682032
-0.10021734133250923 0.5792754162340041 -0.046938617858637385
-0.10460845147493528 0.6021006603930922 -0.05577281957980809
-0.10795212943943934 0.6217507455264236 -0.05816997622471356
-0.11196567287611574 0.6424879758159896 -0.0579841816253552
-0.043362647465875793 0.14452475930786038 -0.11636652239920982
-0.03727853231606074 0.14090929749747172 -0.11587461848460692
-0.03681187913080659 0.11125802136395989 -0.11963670737686315
-0.04177732060391166 0.10521934168442428 -0.1182950806743932
-0.12922906752650173 0.6917456979012774 -0.07118428810604627
-0.12488605848257094 0.6821182707640803 -0.06696185848292555
-0.122873594730845 0.6733954323679262 -0.07200555963793247
-0.13082330471945464 0.6898092486886842 -0.0678930805903102
-0.12956815721787046 0.6879930275974383 -0.06668988063911158
-0.13093962193144956 0.7162575147002577 -0.07005932982666804
-0.09399705591317756 0.5301795934424192 -0.05854392305343936
-0.09700097196918941 0.5374150794349252 -0.05366069522036057
-0.10212342809102896 0.5470130713212294 -0.03498813292878452
-0.10407598389503864 0.5547570471044284 -0.025058477334920597
-0.09731125089237468 0.5685517485460102 -0.0030874114698974512
-0.04859389576497643 0.5586031805937755 0.020125138255151144
0.013262671617898222 -0.11666697663439829 0.08397343995152987
-0.00034142345576374704 -0.11580008619097115 0.08067455404001894
-0.12892301734793626 0.7061048963968876 -0.06115909521337409
-0.12852674549569817 0.6943137224133614 -0.05680615709441054
-0.1189421235253198 0.6530978706943876 -0.07198262600460514
-0.12646427844616753 0.6863777361742786 -0.055133519038460685
-0.13173045236906578 0.7103899542240958 -0.0797738981593878
-0.1317435060467194 0.7043751396179421 -0.07468948873103347
-0.0807162366402256 0.6074161192529489 -0.17484483799432052
0.01318983939829189 0.10574437952779345 0.07791147050360295
-0.011838911980335343 0.0912389820320446 0.0899904477505173
-0.11672158829102405 0.06462433247510632 0.07696789111671912
-0.1287976320439681 0.0937988881483503 0.06725314970393284
-0.13841787361212474 0.07513513065311073 0.05603333371322752
-0.14966693730959313 0.08296376164203224 0.03513743025383902
-0.15434358503555107 0.0677545180019376 0.008863973801146268
-0.1536167390327869 0.05394216905727797 -0.015009700685303723
-0.1549322797917123 0.05537376191024748 -0.0027368951367265663
-0.14185757850866282 0.017859626279899735 -0.042937502105095324
-0.11043092938275015 0.016494701092545142 -0.06538746479105642
-0.120242281262846 0.030148968284462705 -0.059998565646570794
-0.06177480520378441 0.006962350416178461 -0.08056188376494129
-0.07311118894364425 0.01126102397107612 -0.07640197291985147
-0.026530237660742778 -0.00930025697358333 -0.09536602321750681
-0.028134070633254384 -0.014598284975556817 -0.0942149070296973
-0.01810296234200811 0.0004991594282310348 -0.09973006741484833
-0.08846061765952021 0.5340458070699428 -0.07084437214883725
-0.08705392789979378 0.5468268033280391 -0.07962364200881507
-0.08004522216048691 0.5566952504125424 -0.09062931787435631
-0.07452736490619902 0.5579643366218022 -0.09924096367027291
-0.08435011909971118 0.575854383589259 -0.11326475480939519
-0.0854324811204317 0.5718996573332616 -0.13060042634526203
-0.08616260643636449 0.5712979976652596 -0.1383181788585472
-0.08620013697098268 0.5713552898004616 -0.14598824443685043
-0.08569340218961873 0.5730445990366905 -0.15295729356105428
-0.08475354617933008 0.5759901548829861 -0.15867576061943883
-0.08196719762877716 0.5790478946230534 -0.16407206137372304
-0.07779527090356832 0.5881093672798836 -0.17042755015255712
-0.07554321631097022 0.6087731278031991 -0.1796276900719919
-0.07581442979833387 0.6141144599756471 -0.182727840244476
-0.07644047620054088 0.6274830690342125 -0.18487327018408747
-0.07714242660002413 0.6239271006825887 -0.18344211908766153
-0.15404876366808648 0.4846275674495375 -0.042953221579692516
-0.1343594022569152 0.5433592437981488 0.02180016809900619
-0.15528639427832977 0.5001484468864231 0.07045408833232107
-0.1059877117248639 0.5377042252087249 0.05004387913719534
-0.10778305772251033 0.5432143567405886 0.041637753903285814
-0.12775519204163255 0.5375541793695505 0.0410919843588061
-0.08905754024173912 0.531620484952935 0.056165253110186324
-0.09465051817477049 0.5275343986113139 0.061514416387392856
-0.21791801826343685 0.4918636627071102 0.01765590382356332
-0.2292993883263597 0.486861502465154 0.005649983970732624
-0.19434906334684876 0.45512027071787786 0.0740963306428935
-0.18001074743269266 0.45323050677364773 0.08186623369054524
-0.26203470580504673 0.42639464453159237 0.01898480752235351
-0.2651599276077968 0.4149539282621526 0.012442520156141433
-0.21749332115573147 0.4505140785418936 0.06066355014935106
-0.0911769038275941 0.5693115357338318 0.0032954516256433145
-0.0739948905260962 0.37680991202029346 0.11416823381253524
-0.11620701381486745 0.38500700222738576 0.11893784813923979
-0.09810163727804268 0.39782487757514884 0.12258451723214264
-0.18710859196398918 0.41002554121811063 0.08611124319227492
-0.2265440774668585 0.38194491177233814 -0.027924506787655807
-0.21627377987528915 0.37804268136057023 -0.027625749578852832
-0.19157546764962022 0.3920851738252676 0.08090829879016832
-0.2047974403300154 0.5044532791212978 -0.002965712451099386
-0.2632632529124177 0.42330033054519917 0.000794032911094931
-0.2662039358959199 0.3994915977783188 0.008132288551207756
-0.2500090145095539 0.40828900791124373 0.059655726961320384
-0.2501078804875367 0.42726080727209087 0.0463321158135947
-0.25581335923088383 0.4120055036764141 0.04831753819142218
-0.23365107898075738 0.4127074808636681 0.07241458772275712
-0.19385457482569438 0.39973294072688526 0.08287566795023764
-0.2604806708304796 0.3621153642172108 0.007711281784296995
-0.26041000902766176 0.38094452321244937 -0.0021836255264700084
-0.2641101392751804 0.39515103888018177 0.0006293582337213579
-0.23766012966421501 0.47135747059616206 -0.02957916204823282
-0.23521498304367866 0.46274774543377517 -0.03785963716792788
-0.23881501170975145 0.4770925717744505 -0.01902853444404217
-0.2313245171254826 0.47798475644919036 -0.02983590798291399
-0.17869162239131905 0.36653176924378483 0.03539619162369611
-0.1807541240549816 0.3806727694334612 0.03202503824563903
-0.1814604383905045 0.3831726280611522 0.040377449850684755
-0.18698630610381908 0.3878789905890384 0.07476054602596713
-0.1861641249941426 0.38103848442154464 0.06836641722212856
-0.1836248908308518 0.3651234314006687 0.0757550394893527
-0.1792233676864442 0.35860247197988165 0.06877064400410636
-0.1808194153136232 0.3782808199012986 0.011871070276184387
-0.18191679735033306 0.3815007850400747 0.047406600103377924
-0.1839306195952937 0.3797059581223123 0.059086113228621825
-0.20693658578798396 0.3663622431359293 -0.015322628066977607
-0.20865896789962418 0.35398166868401787 -0.008449883549982945
-0.21753743500280637 0.3592897261005861 -0.013144338593588937
-0.19805859283941177 0.3749145435494645 -0.01623724412169592
-0.19255255426639764 0.3758886450603804 -0.007265853524284461
-0.19342544732492223 0.3778465988430655 -0.019058240282923692
-0.20000560818033802 0.37850682459208135 -0.027830823493384123
-0.23250307068201326 0.4497533304994577 -0.042506003846881926
-0.22636303367247482 0.45922176189157127 -0.04514722657472967
-0.24586169482546924 0.38943840639361793 -0.02146334559302399
-0.23866855602922996 0.3439759353905124 -0.0018250619026017932
-0.19263162108693 0.3602290801151608 -0.0017278435720347973
-0.1844413898310778 0.3869722445183919 -0.000663437427617391
-0.2677053197822546 0.37719766527120085 0.03496476965493818
-0.2679800392277124 0.3716644877777669 0.029708915981499905
-0.26559571335373866 0.40590914251834476 0.0242930990011386
-0.26753133630710585 0.3914157987114616 0.020368326682607428
-0.22788338865492835 0.35924403953016515 -0.013059866703515655
-0.19649125477729248 0.38045842940356417 0.0852045165053439
-0.18745796221118438 0.3942476927294589 0.08016297139484187
-0.18600824915767056 0.39560634218552587 0.08298510716907927
-0.2672508912848391 0.3731331891483955 0.019649367235987352
-0.2456059388407915 0.4715363534483587 -0.007682148356655933
-0.23689544032730345 0.4816788975805045 -0.00742060738986398
-0.2546731802254439 0.39659141090695943 0.059374319143831684
-0.21773037791201233 0.4344217522204742 0.07050843728462838
-0.18920978085558543 0.40573704999973215 0.08378921071817598
-0.20249111304685286 0.4497951663836828 -0.051998401727863096
-0.21691125476003245 0.4348066600001977 -0.04830460178721773
-0.20003281849803545 0.4036931985835945 -0.046897552524073335
-0.21161294962424781 0.39599481747451637 -0.04028385216312888
-0.22299008165228346 0.4083862983544438 -0.040382878277034406
-0.20785466107547987 0.3825752346161282 -0.03322963830277769
-0.22292117690966123 0.3887667616919664 -0.03302972174526968
-0.20709539925752876 0.3791927697453177 -0.028870959157692666
-0.20606259970112886 0.37588170058490417 -0.024443561442605243
-0.16856725645272413 0.43951054084534646 -0.05438208661816876
-0.17250725416397308 0.44813536053134523 -0.051731528569434165
-0.181901083977788 0.4463864281502072 -0.05236224913104109
-0.20017427941247995 0.420351679188107 -0.04981000159729627
-0.22688066701267479 0.37198432835698936 -0.021745788047691096
-0.18162736945512772 0.38929187207164057 0.015455273176199007
-0.18152963051584814 0.38403597806625445 0.02060916050058694
-0.17966429133399137 0.3706691229389352 0.05716131192359655
-0.1800710553348497 0.3455841992438435 0.07464093726553962
-0.18434024349443698 0.35374594357926875 0.0801364742683053
-0.18591228024482084 0.32474682825879314 0.08656255970784604
-0.1922939322741222 0.32204650131744095 0.09350934570412502
-0.20557842183955977 0.2851672195458783 0.1072341431872172
-0.22247158093696395 0.23755093241601527 0.12402393735967963
-0.23616511841568438 0.19477101858416718 0.13921732366924372
-0.24546825566424904 0.17460796999175993 0.14901932254795755
-0.2375240156215513 0.17697007674806764 0.14375337906485933
-0.2510967508547675 0.17740514556716122 0.1497314988663988
-0.2009826612459945 0.35471676789403006 0.09220827108451002
-0.2534568903957358 0.2156861355993646 0.13845826453997337
-0.09686823298985298 0.6031869427447064 -0.15826290769709017
-0.07264960661479082 0.5939011936279687 -0.1758083488455371
-0.0789329960476899 0.5925857322319611 -0.1710684427435533
-0.26615133514046285 0.18818844995796147 0.14447330700740577
-0.27150993308510374 0.17718394809384497 0.14617858476182355
-0.2823792631552086 0.18735221147400602 0.13515933409686454
-0.27187703449700285 0.15472801445316772 0.15322865063376226
-0.24224102969806074 0.15950893401013785 0.14690500650922816
-0.2950121598713682 0.11434891576503645 0.14939124860479802
-0.3106050372530605 0.11239201738820957 0.1353004547879054
-0.31511293536020896 0.1135586562169038 0.12736083543043505
-0.3061730974711527 0.12194662393656365 0.13779168902409875
-0.31190098822971973 0.13989793163988223 0.09802533984230188
-0.30596129699142793 0.10399250769779315 0.08444999378580864
-0.3106017687569355 0.11330200943541777 0.0894152697248389
-0.29198312533175175 0.11474645266900703 0.07963025720752824
-0.24184608734075644 0.08526705882796613 0.11842128790083814
-0.23907869258061037 0.09710932822339584 0.10590787964137327
-0.24239727621072876 0.11818923282920088 0.14001535942965282
-0.2537359957721498 0.09950474351011489 0.14549483631499402
-0.3410080939147404 -0.04916577209147399 0.08957557637794651
-0.3331053928302333 -0.05780405661368576 0.08259286878993857
-0.32890070855860276 -0.07849732624022437 0.08051270724769741
-0.32339261283537896 -0.0672935436542409 0.08239157792807766
-0.30486066390071515 -0.059855844925356956 0.09440005679001341
-0.3098124033332627 -0.09117942729662208 0.0972688265367871
-0.2964485618934805 -0.05853846094086857 0.11133572295169211
-0.29727090570359843 -0.05191488875477928 0.10328290156257124
-0.316986935565687 -0.07718548623394139 0.1331832171843198
-0.3231174548448118 -0.07357083219315613 0.13460383832128267
-0.3294088882696617 -0.052911414228463176 0.13492510910864836
-0.3340614928423048 -0.05262581893547641 0.1333166027854829
-0.34632270526742814 -0.07512526831138078 0.1290409669236879
-0.3377581056625998 -0.052205167210040704 0.13044172787751726
-0.32652384418389824 4.7821317969711435e-05 0.08683373175820619
-0.3079474078261767 -0.015732283597478466 0.08573256351221593
-0.30683894537732437 -0.03211642110404073 0.08775447705951024
-0.2845933553768398 -0.020095354530617556 0.10895499141346589
-0.28617148830851213 -0.01618114372288312 0.10347068286391387
-0.2935121838189264 -0.03547750382542714 0.10157719848831546
-0.2975537789253251 -0.022401260739860367 0.09287101924289738
-0.3008874868037322 -0.06503774269283003 0.12612994717642523
-0.2825530078098796 -0.021080751380961795 0.12146380865869269
-0.2880353176320363 -0.03215200628520554 0.12777907425062923
-0.31618908895381487 -0.039105569515803656 0.08376005127331262
-0.3113141439459576 -0.06231309350495896 0.08843728076275752
-0.3377776435047179 -0.009588710033857249 0.1142135627179593
-0.3379006049079979 -0.03421736935487271 0.12445669008891243
-0.3406357645311166 -0.04047275417860566 0.12037783568463385
-0.34844235355468045 -0.06919300128233768 0.09712941747724353
-0.34636407700751687 -0.07071038050150924 0.09169449834187199
-0.3448225271209891 -0.05706850926881324 0.12022241339102871
-0.33693284535254464 -0.01964327054699513 0.09252677438648389
-0.33271899570300933 -0.01147409204002525 0.08930907946384768
-0.3377112210057097 -0.006426400330910296 0.10614602853090631
-0.29964922946354633 -0.006406725142505091 0.08856873185778635
-0.3007143365570304 -0.035048697059596956 0.13949412543901482
-0.2933989888740453 -0.0298276440677655 0.13721793369173876
-0.3121015677806181 -0.004673189609853938 0.14320955439459804
-0.3033355420021528 -0.014900930349421441 0.14398046610879184
-0.2945103615224771 -0.006552348732599159 0.14417538484751852
-0.3128446308968003 -0.012191548685839269 0.0841328968087504
-0.3214592410937438 -0.00013613970269540733 0.13897852883938655
-0.3312906491835757 -0.03305806905856845 0.13311804505241162
-0.32607935905625873 -0.16082841973512652 0.09014225217169139
-0.3131033100364789 -0.13896396314158588 0.07227974980543492
-0.3323144365175691 -0.17059417891980222 0.0771723855014284
-0.33767762805584095 -0.17349059246634074 0.07181849275557092
-0.34337464845471083 -0.17652456445345469 0.0709233902709747
-0.34486855211000306 -0.17415724300411584 0.06913819389704748
-0.35499033808079056 -0.180112640711597 0.07300907900649788
-0.35706595494788435 -0.1536350777195476 0.11875506610467056
-0.3267356097012841 -0.15547170101767804 0.10776456120271738
-0.3257197590175041 -0.15511520778929894 0.10272585154648886
-0.3458120516134025 -0.1666863830576641 0.06199630643781614
-0.3106930160978104 -0.12528294859040057 0.11433828076066448
-0.3164971663249217 -0.11146929369792437 0.08261425112839821
-0.31425042053002833 -0.13277431482319374 0.0705996141408881
-0.3177374464387358 -0.12840118268839368 0.06840455835733224
-0.32374316490391974 -0.14780228060140488 0.05344461479567737
-0.3269062850791262 -0.1456607848185374 0.052931353100715804
-0.310787206571413 -0.11675502646709457 0.12320914947947001
-0.3538832920569257 -0.22820360541359952 0.07001837300460159
-0.3322353179468979 -0.11103305590331747 0.13797838255989864
-0.33871882963864336 -0.11531435104565074 0.13718888876319435
-0.3422957291863015 -0.12355423053467879 0.136673151807821
-0.3339928285718236 -0.11697253541396851 0.13913750126547303
-0.3324683780876583 -0.17078464747053335 0.08904498754557995
-0.3404839902155108 -0.1892828965697582 0.08170386380510991
-0.333985068423675 -0.1744757172953739 0.10854661946526845
-0.33856702434728 -0.18734234855192777 0.09825914115465303
-0.3388542411374077 -0.1975918039431006 0.11477312435109996
-0.3418817665866762 -0.17130423704349357 0.14308047287459766
-0.34268646001811687 -0.10936789870238028 0.13405935139647615
-0.34658325897789105 -0.1151827739451321 0.1311711308004217
-0.32694733418365446 -0.11772754281518916 0.07173408434663753
-0.3309499021238042 -0.14461157973999744 0.05321388607418275
-0.332770758884026 -0.11952982310560306 0.07145428741971549
-0.3262840431758397 -0.1089211855316673 0.07684418501438922
-0.33181075219538475 -0.10336920383078235 0.07813311673595244
-0.33892387274090496 -0.18721143745574095 0.08878099032403891
-0.33591473623923407 -0.17616846325051919 0.08004590419726801
-0.3186648461667377 -0.1543808585416082 0.1381988100792089
-0.3167614428619852 -0.14726992009166417 0.13304601618412493
-0.3205796290723771 -0.16071396738602456 0.13308166830059528
-0.3185152273848165 -0.1513250915000452 0.1272510292664363
-0.32289492259198416 -0.15666934761360374 0.14386046640083575
-0.3200539622241046 -0.1547354540905011 0.14104506513927434
-0.346608613781838 -0.16117990114305203 0.059301536297990655
-0.3483278750040753 -0.15708780356150087 0.0629822749650611
-0.32638661478769965 -0.10858514760088517 0.13657651422825628
-0.3183650796175771 -0.10652971185600547 0.13252954906255962
-0.3230418084417004 -0.10696066999479487 0.13500522883879781
-0.3141526320786815 -0.1342106520347498 0.10766762751055264
-0.31407540266648165 -0.14405811050274536 0.08637393369341223
-0.3113519192694448 -0.13708566643797016 0.08523212093961068
-0.31956722355739786 -0.1550560584777515 0.08104045942861453
-0.3089600567174291 -0.10450416028787757 0.10746370679562105
-0.30946910478160594 -0.10176309023706037 0.11768814393847991
-0.308950818087974 -0.09744502039316184 0.10267829017691665
-0.308045098136518 -0.09475053869892132 0.1166788701080453
-0.3086764432106473 -0.10053538516006666 0.11189299540635833
-0.3108689095441873 -0.09961063125161007 0.12250939599770437
-0.31298007713795156 -0.10060105503785932 0.12654961855356167
-0.31720742563188176 -0.09682174841493463 0.08607813727427627
-0.32627497673918615 -0.09112157336059845 0.08009243186217344
-0.326082108580195 -0.10122702754568336 0.07903925001791784
-0.3215685959515295 -0.15824463665581978 0.05810385463533397
-0.3237499458308842 -0.16262402445689278 0.05898889113985101
-0.35209486091908415 -0.18843082460301847 0.07213406312527902
-0.3134858396528349 -0.13253120056737583 0.13069179801633302
-0.3147851342831226 -0.1309431382829912 0.13490823455003026
-0.3620513368436571 -0.2207979009484477 0.06834606954668328
-0.36364913716855574 -0.21595478508199067 0.07068352594396969
-0.3345417328345885 -0.193530533437233 0.1222505362919564
-0.36432153106937193 -0.1882892728135328 0.08624445312686582
-0.3641781170789167 -0.17959057584127658 0.08603080212393337
-0.32664499141854125 -0.1525644132454776 0.14583462331669136
-0.33160999351084064 -0.15378809886943284 0.14626677005118457
-0.32434483902501704 -0.09859693992480136 0.133846633727944
-0.31953267047186984 -0.09547612601556554 0.13176980725052065
-0.36106332312297024 -0.173549358214096 0.08012297867821117
-0.3601786189656745 -0.15712752635846317 0.08677445875252848
-0.34385599884377294 -0.1852002818766877 0.0748296260937854
-0.3458578666708589 -0.19208138786819814 0.13243342044181564
-0.3466022386884948 -0.1959991396539152 0.13140823121264972
-0.3544882527155067 -0.22764467338875083 0.0802096284220731
-0.3563319400327883 -0.2276453513792338 0.08223970674555545
-0.34788522902151925 -0.20257471501221275 0.07611868729723822
-0.35174131525948793 -0.20164410415906353 0.07238056986345608
-0.3634500195369213 -0.22372491457312804 0.08395936810688237
-0.35708592872849004 -0.18530516408691244 0.12313379671348929
-0.3456318177832855 -0.17416856654979623 0.1402448536506811
-0.3593693715597247 -0.20319986079563573 0.09547825774007115
-0.36036072083289683 -0.2009037243651002 0.0944392083592713
-0.35799971512390755 -0.20376281790998818 0.09258975045412242
-0.3623920201516909 -0.19534424812867704 0.09181738687640649
-0.3303453411825174 -0.16681490330743964 0.11420156687678043
-0.3591024243089367 -0.22799708056164886 0.06642784153067399
-0.3589880686754661 -0.2184827256417618 0.06778438745278739
-0.3461418016459311 -0.20223201089738785 0.0802175729750369
-0.35273157563877666 -0.1173731191677365 0.09248888316495887
-0.3530937875679435 -0.2279396373006075 0.07261726920404432
-0.35645226777341515 -0.22685001840839641 0.06721461915421116
-0.3348425426130369 -0.19630458261664074 0.13066814164112409
-0.34655134483117384 -0.14052201402938463 0.1366253559173077
-0.34058620643692544 -0.1848413789192829 0.14514222329248752
-0.3506681041379469 -0.11978140267146448 0.1261373548363335
-0.35440167963190644 -0.11651797961230809 0.11556523833271191
-0.3541616522951657 -0.14032713217761894 0.12333812679801694
-0.36715076202407115 -0.228331675925176 0.07796032027324665
-0.35323510056775864 -0.08571062462727558 0.11723300315739461
-0.35789485791463865 -0.13440500977319608 0.10170726220669185
-0.35976660829485463 -0.1451059419019402 0.09759117711880931
-0.3626773271593351 -0.1616534104377894 0.10254518919086035
-0.3575945996956888 -0.13552882998212457 0.10772908009357451
-0.36322402082444327 -0.19478234989235654 0.10026396272346112
-0.3612158477584768 -0.2408194244875214 0.08070284962123946
-0.36424145312525946 -0.23526762063765022 0.08109428376654693
-0.3670217895240734 -0.22736708044028836 0.07282831513125737
-0.36530756277319404 -0.23158415891152695 0.06858348291652303
-0.3469500567495576 -0.20383635126337196 0.09129835316317449
-0.35501543716671685 -0.11434404348980343 0.10457928527565395
-0.3570395893008541 -0.15351219443520353 0.07898889374033598
-0.33806667577573735 -0.1210103637040455 0.07278667618390401
-0.3414864744455854 -0.10608907460800027 0.0806449180998538
-0.3370148967005507 -0.10266480041846349 0.07899558977951418
-0.34345370673902104 -0.13901851024945477 0.0635917184279251
-0.3480746118803515 -0.13996366095600427 0.06906290545306205
-0.35465443175835654 -0.24479673936318563 0.07127257207748719
-0.34377403082312435 -0.09426163150011074 0.08304773371164233
-0.34585688436130346 -0.11029655907358271 0.08342558323738511
-0.3495148022414429 -0.11238468252700395 0.08747195733710597
-0.3185536318079681 -0.15485180888275069 0.07325136832953846
-0.31947359141957 -0.14723620497201428 0.1196661555650998
-0.35095518143458865 -0.07426548333680955 0.10350522725922212
-0.333558574394987 -0.07986146173666975 0.08055778657229538
-0.3385692446371766 -0.07831760965894075 0.08252752897419478
-0.3162564522421347 -0.08226982005217554 0.0870794098994436
-0.3051331836211439 -0.08415841633641002 0.10482972509982079
-0.3072156978423163 -0.09396403249772949 0.10995046445475568
-0.34128011849017365 -0.09150050631273454 0.13374305502832243
-0.352280459049473 -0.0785878344410959 0.11374934336495879
-0.34996629960475234 -0.07713090252076915 0.12446233413304117
-0.3429914205539996 -0.0733474941719337 0.08673555983252748
-0.343817331311142 -0.2052944374885881 0.11637499530493915
-0.344971963015601 -0.20571212720175727 0.1140407117460297
-0.34769680030383565 -0.2070261311569022 0.11451254668341403
-0.3323235908751179 -0.15219549162984147 0.04908576427182648
-0.31309984196539553 -0.13114147165276374 0.11189675023641879
-0.3130066145811064 -0.13224529141260227 0.11877275972672494
-0.34362044632917754 -0.19178472336849106 0.0768494084436765
-0.34757106664754583 -0.19281234890607585 0.07365022296891507
-0.3565820329209249 -0.19891847807894852 0.07177806586914437
-0.359039149236008 -0.19872068386131664 0.0724423692142243
-0.3541309628027594 -0.20606802171571378 0.09378169852209849
-0.3537598877671923 -0.2065398917999483 0.09202936412318824
-0.33490765297892006 -0.16973022123790799 0.06423043439798658
-0.34728347580864694 -0.12446405208153882 0.08019520151596798
-0.36265520650433747 -0.1992007988399376 0.1090015828543967
-0.31524443303873145 -0.09929740020614164 0.12886083502956222
-0.31300894950489544 -0.09916105574545947 0.09243675908194075
-0.3320007535467236 -0.09741824136645827 0.1351290965210707
-0.36145334022915465 -0.23973039987291717 0.06473858443747098
-0.3631848298662211 -0.18623790457265985 0.08117141445751176
-0.3370352442461135 -0.18884766193436822 0.10974852756966355
-0.35634700795479807 -0.20206994020563718 0.11639660894064552
-0.35796537878749146 -0.2066742130828837 0.11366976890750301
-0.3324728995305799 -0.17948417995924637 0.14673048505305536
-0.35052123803314017 -0.20655405540840283 0.1155087804477359
-0.3507384031704764 -0.20432798437790137 0.11801130377386618
-0.34872695968385625 -0.16674837903058518 0.13589736104893876
-0.3540107876326913 -0.089848691137981 0.10579576353863535
-0.36280930451465276 -0.23933672934531963 0.08091252416152907
-0.3562163501169612 -0.23747603586379754 0.07905732311248745
-0.35872932863002016 -0.22842386907117745 0.08335906626879479
-0.3512319366446553 -0.20675738660511997 0.09016763233560189
-0.3496480152368882 -0.20613042541307974 0.09363255056339884
-0.35900991199706295 -0.18758277349182753 0.07432232212490562
-0.35978423580532026 -0.18112493303943328 0.07651259166266917
-0.3571622913800798 -0.1334265240092088 0.09606020871192167
-0.3180597235976088 -0.1302423000527621 0.13853538582324856
-0.32153812548112615 -0.14523596052047993 0.14189153734540222
-0.3514794964997988 -0.09095288693811454 0.09416310058322157
-0.32770151489765914 -0.12420461332138331 0.14120618261621048
-0.3251241432348351 -0.15260763794554327 0.11279408770054027
-0.3033810036237627 -0.06464829500998198 0.12980000752960374
-0.3392663720483422 -0.13912287573801063 0.059917112498426656
-0.3078638742005832 -0.08943831598509105 0.1219656762403658
-0.3146264101186512 -0.08356484941060249 0.13113214992046893
-0.34956072768038554 -0.0861576594057466 0.12728840852935158
-0.3160497043643653 -0.1160464207240226 0.13355941396407847
-0.344571870044936 -0.1565430638317432 0.05550034413691658
-0.34347886355914925 -0.16300806555549063 0.049612496135638326
-0.342335231764616 -0.19645056947422718 0.0939619351584706
-0.3478531525738509 -0.187119862704272 0.13350106736965062
-0.34576060318889984 -0.18932117442653162 0.13514096789313126
-0.3556365634466629 -0.1978634080063592 0.12323689757449852
-0.3551150127973127 -0.2015989624574462 0.1214226705495173
-0.3396600364665831 -0.19079735111975932 0.09651209578817693
-0.364468781132837 -0.20759980983101733 0.0838374814666681
-0.3633466844499959 -0.19684846460056338 0.08734031325122407
-0.3095418251155532 -0.11947029114303437 0.10624998216474746
-0.3099825424007209 -0.11185043448546411 0.09904032971410372
-0.3103718465573628 -0.10289823364305212 0.09860900856259751
-0.31075219354691436 -0.12044954602263053 0.09637092785042357
-0.3400135019722471 -0.1526944643581678 0.05140656996528356
-0.353386275046918 -0.2274937325637208 0.07780854642096886
-0.3408160856133298 -0.1966138584039378 0.13241340129115067
-0.3408930718961211 -0.20161615805818206 0.1313468827329395
-0.2870937730595084 -0.023196073489789578 0.13319709174945746
-0.3530551416922896 -0.22830909333617938 0.07526249412008405
-0.3123578872292016 -0.0875377766691971 0.1288437204923818
-0.3537862892380583 -0.20276218188769185 0.1198000097909281
-0.3660032705255481 -0.258284722526371 0.0710801238682132
-0.3660301551466101 -0.24382750809563525 0.06884911224589023
-0.36325759551695264 -0.24312683583981043 0.06510618831252721
-0.3620731712984674 -0.2535581675657045 0.07705403403516993
-0.3645182388515152 -0.2537115862793696 0.07595087746571248
-0.3645405427170081 -0.2586971602621538 0.06413561024040339
-0.36561057652860246 -0.27173101331450583 0.0694764928092127
-0.36401453132856626 -0.2737851250171925 0.06609604496699058
-0.3633492577777856 -0.2706944539824058 0.06348577540610242
-0.36566381043941354 -0.25754816555074134 0.06653767184584834
-0.36338443438661255 -0.26052617958644947 0.06282895273882583
-0.36048145078077226 -0.2584692012588446 0.062361063227822026
-0.36103374506990865 -0.26520953263274766 0.06223553812012698
-0.35887100924843485 -0.2628094426751143 0.06278094821002748
-0.3593601716852032 -0.2681283530010364 0.06375938088885981
-0.3566876238258248 -0.25456272409573594 0.06445010853388726
-0.3612569995216296 -0.27170197730849516 0.06511331545054966
-0.36458921509733133 -0.2624806000496226 0.07366054200536712
-0.3635388972288411 -0.2551298281775423 0.07637527760148899
-0.36287521034575626 -0.2682315310308183 0.07361675631602417
-0.36404712073306933 -0.2718386463278723 0.07166425814344324
-0.3549642048973824 -0.24294746489590774 0.06857752896032016
-0.3548341281314424 -0.24544392935441356 0.07340550030870668
-0.3583033489902659 -0.25055771991070974 0.0761754481781894
-0.3584647307351398 -0.26587666552529976 0.07296594661322997
-0.35845546890360497 -0.26862679043280047 0.07148070301022627
-0.3568346031554508 -0.26368510366298115 0.07106602219476538
-0.3601767528814712 -0.2699177552162976 0.07237033362886901
-0.35852826768744034 -0.270522595640303 0.06859708968838484
-0.36230478616695877 -0.273952225431135 0.06795795211558238
-0.35817293899341657 -0.26849897786439114 0.06568822844844743
-0.3639164027213798 -0.27418880162385023 0.06865934081631
-0.36144337631808204 -0.19958373162766 0.07389084638627708
-0.34841211748398165 -0.20723232291266241 0.0853489661406262
-0.34691972172676616 -0.20461718251956817 0.08371588846232204
-0.35051506739114907 -0.21743638954385996 0.07595397846581768
-0.35880864214227076 -0.20678267125022376 0.08945439802121108
-0.36473377240803967 -0.202453183335916 0.07833873748984975
-0.3536590745111579 -0.21062105178808227 0.08809466061074438
-0.3519060231125935 -0.23642135394008937 0.0998174318341902
-0.35983463478484834 -0.21320634099906555 0.09597471535089538
-0.3468729850874604 -0.21026749957319485 0.11135757338880935
-0.34895199682590555 -0.21070417223612636 0.11262296695227916
-0.3569428575958803 -0.23661145757446767 0.09340651846102706
-0.34963851764401044 -0.20754589491155984 0.09508157987705068
-0.3511970235891646 -0.21366824930625322 0.09570302434406294
-0.3430424503657617 -0.20484311456711876 0.10772745858546229
-0.3513886602129222 -0.23401256350890604 0.10377552771589078
-0.3543435504813927 -0.2314372960463682 0.09527809091978595
-0.3659421531909919 -0.23120703498366346 0.1063176900019019
-0.35266692710476766 -0.2614513208452631 0.09929909825017583
-0.3548306077725785 -0.24317168545249127 0.09360095310657153
-0.36481170665854407 -0.2086137750921688 0.10227622627329254
-0.35649959399303854 -0.23746274282629407 0.10975740550902917
-0.35120526836921717 -0.22986065430008812 0.0998116276428241
-0.360962815615101 -0.2343860310763685 0.10987532849134202
-0.3541383141807346 -0.25721027970723687 0.10493738687286695
-0.36704693217221646 -0.2311777437230868 0.10309474063783075
-0.36449844309704477 -0.24394587135301893 0.10375540626230925
-0.3652542865301268 -0.2099197591579577 0.1055084884843203
-0.36425850220634215 -0.2117254090420967 0.1083422152198482
-0.36680610133046687 -0.23113187918354677 0.09967514705989235
-0.35539146425122914 -0.22429596884492908 0.09459233260266012
-0.3555548807387958 -0.2141327414850806 0.0948545540363335
-0.3525085913832394 -0.23369509135456823 0.1078391823660198
-0.36257278435438395 -0.259441982707166 0.10308413430822423
-0.3554850301062481 -0.25841714709746305 0.09250957398694948
-0.3567192492877859 -0.25789276619259793 0.09196580383950724
-0.3607901836968496 -0.25998411699916296 0.10518224961983383
-0.3583633540976125 -0.2585311057265132 0.10593288923127507
-0.35589064376996066 -0.2518302957099701 0.10676399585518385
-0.36267273567376723 -0.26822069444600866 0.1023848095682026
-0.3621672385620962 -0.2749474318270107 0.09360778510228472
-0.3625325014287004 -0.27044078839140023 0.09385980681806012
-0.3627695205211375 -0.27189103664178654 0.10089658742229354
-0.3639175459554029 -0.2817515493409388 0.09714750889990365
-0.36251391969354485 -0.2814963769907899 0.09375390089505597
-0.3632169263235402 -0.25900205556912137 0.09627471394083485
-0.36009191336715685 -0.25910746514682076 0.09242140187798588
-0.35823438738381724 -0.25824774189401856 0.09191145663538589
-0.3613517862672177 -0.27461774991177196 0.09266542468299631
-0.35943540524655276 -0.2749906072059648 0.0921609197885232
-0.3562252251318206 -0.27323743600816186 0.09236589790940349
-0.3567676955479503 -0.2773489046533356 0.09288693737997054
-0.3577721218632997 -0.2807122734853404 0.09365663117215728
-0.3586683409760402 -0.28311326665284453 0.09486364995081754
-0.35434765953408814 -0.27442067496096717 0.09460840813478932
-0.3562880422513037 -0.28118456168730427 0.09601308229874142
-0.35431714426038863 -0.2609929965970863 0.09359504725644767
-0.3622822595499413 -0.2850933260116329 0.09588780910338353
-0.3617714055564936 -0.274221486868052 0.10311612185551765
-0.35316783083470543 -0.2575294682255207 0.09592705501410424
-0.35280898761522406 -0.25909532707566524 0.10204948542088786
-0.3567211067380381 -0.26335654477691467 0.10507405144701806
-0.35481474322355416 -0.2764944296414936 0.10077231676161093
-0.3575949890427424 -0.28326185981745616 0.09930416135123882
-0.3586978418972989 -0.28185553110894307 0.10268840592460164
-0.3564781888163307 -0.2783073484260806 0.10266341113580923
-0.360469889368033 -0.285156247558804 0.10020439037357681
-0.3627775993575629 -0.28568700433585775 0.09928392069021999
-0.36093657762050435 -0.28451782029113487 0.10181784906777963
-0.35531745331071357 -0.27977851517724367 0.09839046852648942
-0.35759432257169876 -0.28236277898432127 0.1013486969966742
-0.35825050744499026 -0.28402305024684216 0.09692976469506946
-0.36333401325413994 -0.28142830219567033 0.1011597346543515
-0.35814955410397153 -0.20701278879740126 0.09562801404197468
-0.34671866640749116 -0.2148520128755803 0.10746279646815934
-0.3452112484539522 -0.20728087585101837 0.10146786870053394
-0.3476650283558974 -0.20729433050906848 0.09698536607992625
-0.3625859929835891 -0.20141424961951615 0.09971669467321057
-0.3523468584403466 -0.2121283458369918 0.1131137503032667
-0.3528618471990219 -0.2081884432216241 0.09457499949859687
-0.36395586268919045 -0.17793035519784628 0.10628580824578307
-0.36226195208316936 -0.16574887544874023 0.10829988512887151
-0.3427130759758819 -0.23128668135148595 0.12321599343021175
-0.3413459677483181 -0.23248794050602012 0.12535886502355637
-0.353924229588441 -0.22609517717637512 0.12239557626615213
-0.3548183547295863 -0.23053179905508167 0.12592079791370775
-0.35506745908270704 -0.20841966781944848 0.1230687602096502
-0.3486567495366059 -0.2324403905572102 0.12055360399321804
-0.34168428755883845 -0.22438318096361615 0.13014774998937567
-0.3418843700241864 -0.2102927883142553 0.12122952767615094
-0.3396378893241527 -0.20431184701749722 0.12121684706777296
-0.3463916687833226 -0.20782713810611836 0.11815332219475612
-0.34926705873555264 -0.22033654563986338 0.13320747932766708
-0.349905304052155 -0.21900083238589163 0.1208900445554643
-0.34745592876169 -0.22574343074321107 0.1208966070695578
-0.3544956420657885 -0.22271016995352916 0.13049708501656837
-0.3452978957368588 -0.24676106676338416 0.13332505907321715
-0.3422051003743189 -0.2337647721407632 0.13239136559525772
-0.3484519483539357 -0.23288915038116653 0.1330230951932526
-0.35621203575624444 -0.22167657668390572 0.12639017551509188
-0.3558879777052381 -0.22195119985143655 0.12844729488526377
-0.3395126375637873 -0.20404421805970557 0.13051188259681445
-0.34598863170715277 -0.23293584392923888 0.12062027362118075
-0.3537135793827747 -0.23389516684954326 0.12405562623804776
-0.3403343478016855 -0.251728769890662 0.12820390891689037
-0.3437772571555636 -0.2171506965420757 0.13217800293338608
-0.35277658514958155 -0.24455095932754833 0.12771542999270374
-0.3551311530014532 -0.1956258023733111 0.12605780993241017
-0.3521501875986671 -0.24886434776799182 0.12552048902224802
-0.34161309174325266 -0.22454044001708906 0.12801582307713905
-0.35073716473365707 -0.2571665772236511 0.1298547894402434
-0.34183425251021565 -0.24945258664951525 0.1315373706095122
-0.34769957036754523 -0.25245257276371597 0.13315886310706027
-0.34969664258590555 -0.2661542972508246 0.1227450838859087
-0.350486393158461 -0.26124690804245365 0.12333709615018688
-0.34946093384416393 -0.2651041534265298 0.13065582560784822
-0.3508081156132252 -0.2629046662193152 0.12558351853286234
-0.34764026224948996 -0.26542964888413306 0.12198551033185967
-0.3499347216113731 -0.2717030417269071 0.1236832187938843
-0.35009311005587 -0.2734864368920365 0.12474759777504413
-0.3444560727199282 -0.26926906510517096 0.12355336692486793
-0.3500838736358579 -0.27450054854446565 0.12607565205665416
-0.3480678839036287 -0.27070932943091647 0.13230763171231416
-0.34650304507743845 -0.2634192895801137 0.13324507765460217
-0.34625954420674043 -0.2707376122016015 0.13239657488385495
-0.3492998075204268 -0.2731625054373724 0.13114089142448737
-0.35092759789653766 -0.2742589888089192 0.1281747409664131
-0.3496957698637745 -0.27435554137654666 0.12981728535655337
-0.34199345052387686 -0.24899062654565624 0.12358245793071454
-0.34067330188449024 -0.25218187872762104 0.12613830014031877
-0.34253189832939746 -0.262548645964328 0.1320016481663087
-0.3439835104267745 -0.2691479360048316 0.13193002844650578
-0.3412872027112735 -0.26469038263621286 0.12793296348381536
-0.34364680786893187 -0.2712228799554319 0.12986413344504624
-0.3468493717695857 -0.27362144131114247 0.12995360179245774
-0.3423052026935278 -0.26650849860082854 0.12465909662315308
-0.34279759217720496 -0.26960662238671457 0.1268022200757358
-0.34509457944917127 -0.2718286961494791 0.12463682809146728
-0.3467933319394793 -0.2740561879114705 0.12760784480899637
-0.3508441978667544 -0.2717347739426796 0.12602240926169875
-0.3534472229292539 -0.21006242980061618 0.12168389801141367
-0.33796782400538944 -0.20292765167508203 0.12819394121924332
-0.34451348134266335 -0.22319201066046715 0.12164170320867862
-0.3463727276841412 -0.21162006332709216 0.11943848663938292
-0.3528347427970437 -0.1947747935190355 0.12859536233361843
-0.34334377260440996 -0.2121730989430124 0.14395043594298382
-0.344793753006442 -0.19161881890799531 0.13799632191197225
-0.3279156507975855 -0.1877574488171391 0.14259722549849316
-0.33870211447535525 -0.21844245596059486 0.14292864512404974
-0.33187977495673604 -0.20858290093342446 0.1503076914755845
-0.3307317896009833 -0.19615578411623846 0.13970193827248034
-0.3308076075724532 -0.19341752696454556 0.13732853722825258
-0.33384414381418887 -0.19571109094289185 0.13517779313835745
-0.33216099524965964 -0.19368691698283014 0.13407696210622022
-0.33983268697637 -0.21059628684923773 0.14105703753761042
-0.33189249819444383 -0.20893153581251384 0.14624464900690604
-0.33291438299461606 -0.20972347752451323 0.14404790867356734
-0.33644856111668836 -0.20986677955262772 0.14124707569439396
-0.34165218263159725 -0.21021553566725887 0.15148709479957612
-0.33317808094400714 -0.20928931560793657 0.15215841446714243
-0.33680439037067167 -0.21013252907782087 0.1532595572589001
-0.3440177888525982 -0.21133908470582408 0.14779914893906065
-0.34398009732302187 -0.21206613539965952 0.14571209515631287
-0.3355567886776729 -0.2161114374174455 0.1427335135497919
-0.3296923206711409 -0.19283278542878696 0.1461888564781701
-0.33189686629911047 -0.18909932974769206 0.147851833782181
-0.33132238336764197 -0.21614554772838873 0.1480039138691813
-0.33794981326151574 -0.23114130846147007 0.1468495796826414
-0.3439359924573697 -0.1871133273894176 0.14278027616929664
-0.3389181422398051 -0.198426207796701 0.13662141517321807
-0.3406510870953153 -0.22714894456165718 0.1508275670312733
-0.33930330481814847 -0.2312870068775471 0.1478771011216226
-0.33438130760077145 -0.22466820439396187 0.15667446546938701
-0.336124284879447 -0.24548683702842544 0.15819660510972436
-0.3384667734282088 -0.23955239504163356 0.15267618532787114
-0.3380388809593635 -0.24096756997545432 0.1499996268308645
-0.33637657325346565 -0.2429325815898795 0.14945852509022936
-0.33746248572949844 -0.23454251431759654 0.15612958120521442
-0.3372126013700102 -0.24750349916947367 0.15289382604447585
-0.333090341303795 -0.23664330556498897 0.14830594606572775
-0.3366056120945279 -0.24806679954173252 0.15445551755357836
-0.33568079680570906 -0.23650291955138938 0.15781576877145143
-0.3343593193236082 -0.24391877138973272 0.15894395559873817
-0.3337394395443991 -0.23724666030110753 0.1584112304581514
-0.3343185272306669 -0.24597646331266362 0.15842187740648275
-0.3350694538613148 -0.2281373304089698 0.1459917378035964
-0.33280447147106 -0.2274715681308518 0.14692228065201418
-0.3314389951816884 -0.23658528127147857 0.14980440843497408
-0.33060696872274803 -0.2245429053308316 0.1534873333570481
-0.3306328235020024 -0.24122359666623833 0.15675246422663472
-0.33009517194841875 -0.2352265959265119 0.1535381970617024
-0.33240069876185935 -0.24579729029580116 0.15726146859028095
-0.3324161122096041 -0.24303067224719965 0.15052346365793948
-0.3316209379343454 -0.24430907082573838 0.15311949920630713
-0.33341138856926666 -0.24702421655933532 0.1532030078174454
-0.33781749411238743 -0.24696190133263313 0.1566041208492261
-0.3437346638349456 -0.1933570102031824 0.13630922159942443
-0.3417526043291549 -0.19584033506927195 0.13622374118692665
-0.32881924109630495 -0.19147447093537887 0.14106393805452216
-0.33413995340538366 -0.19864648589221623 0.13744895495769813
-0.3450987302607205 -0.18983659343849407 0.14039224849083473
-0.33736964050461626 -0.19583838570689388 0.13463699353343198
-0.34566628141137823 -0.17215090951290968 0.05280915655000138
-0.3462924243860446 -0.18059562157725934 0.05066023220585462
-0.3299850528069373 -0.17088989823908451 0.05920722700937546
-0.32761956135360737 -0.1699462974326345 0.057499247114592346
-0.32882037185926355 -0.1773974197880756 0.04890718690259313
-0.3257335284720062 -0.16762397998784276 0.05212151941813891
-0.33034529840895044 -0.1736676353494893 0.04392504457242783
-0.3397633970694675 -0.17640141165660317 0.057299198919063404
-0.33667637769201025 -0.1769266283831955 0.05740192744017374
-0.3395588002746362 -0.17179540826298684 0.0608272147707714
-0.3291541279150347 -0.17472259231885978 0.045919721155942866
-0.34296233314710284 -0.17531934777422326 0.04283220014711779
-0.34554549961789977 -0.17550021090865298 0.0456915582451574
-0.3372952277176248 -0.17478663405144212 0.040710922971706094
-0.3331167461332985 -0.17811584716807896 0.040497684672783585
-0.347024340194277 -0.17974007267966724 0.04612946859797702
-0.3469660151769908 -0.18009220523096375 0.048433816379066456
-0.3428597666872082 -0.20683171853170507 0.030258531695380404
-0.3455790331285529 -0.20807157630556827 0.029030006768560355
-0.34019425605036724 -0.19805101575007408 0.031267069508100535
-0.3499180994350693 -0.20733753077652212 0.029092436503707176
-0.35222843010526717 -0.19904862470747153 0.03390270624326069
-0.34391439249062034 -0.19619676369488853 0.03157737964316078
-0.3408948479964777 -0.19669159691303462 0.03139182673991684
-0.3355071544614366 -0.19172967996589585 0.035339298194839046
-0.33707958805706617 -0.19810188876683854 0.03339716144556
-0.33883766581100716 -0.2028215577718841 0.032471551314386414
-0.35067328715569046 -0.19813874627478223 0.03298158609579681
-0.3444406538346995 -0.20939432507905675 0.030262974314406055
-0.33533948508558187 -0.19681168739723381 0.03629599403998296
-0.33806160445705824 -0.20295693598482462 0.03452516883910203
-0.34267230774562246 -0.2090681055142826 0.03226876029311977
-0.3384019468999484 -0.20281196466578455 0.03959388954938497
-0.33231092952526803 -0.18993945456989597 0.04428335183122095
-0.33163448963187914 -0.18718904409986317 0.041534871238108416
-0.3495425509541316 -0.21225663362982133 0.030213005535576886
-0.34746245004111054 -0.21124006086260413 0.029657197241742702
-0.35049904993425235 -0.21008325594675797 0.029033122797217356
-0.3532322616987323 -0.19985415660096473 0.03523913588931977
-0.35382026206152695 -0.20174325173126736 0.03685141572059458
-0.35373471108083193 -0.2064332519637699 0.03712086162295341
-0.3540336294249224 -0.2098583326019866 0.03167417438358225
-0.3517798144111034 -0.2118186289041365 0.03052313822194391
-0.3523496406288315 -0.20745675944065353 0.030193222769339535
-0.3345656433323123 -0.1812890870212478 0.05472101448741521
-0.33207904688951306 -0.1807584251531614 0.053486929331741664
-0.3322522681174414 -0.1864707145869992 0.05019552716631564
-0.3305071088879267 -0.18351031330927914 0.04879232780370024
-0.3357116957134893 -0.19224095477247294 0.04854217473927478
-0.33772733759722906 -0.18669205923569188 0.0536216582266466
-0.3444110738600733 -0.18893487987523522 0.051824042925528904
-0.3483105476784438 -0.1920674702763489 0.04854897368982341
-0.3470335770870826 -0.19917586460813927 0.04623990853925897
-0.3498184789105662 -0.20609271872260232 0.040918167536319
-0.341172847049629 -0.19816168761245123 0.04674134023978338
-0.35219311531680964 -0.21073733437654918 0.03544971298087781
-0.3477336984706981 -0.21071253869528606 0.03666425842906472
-0.34935821128283806 -0.20960709607649214 0.03807415598914339
-0.3507584748071501 -0.21249931284347523 0.032762610526686
-0.3535017070383911 -0.2110059497257476 0.03298668860052251
-0.3442262222246984 -0.20816086522864774 0.03847431801226689
-0.3423973864715732 -0.20854319292767193 0.03631251439269565
-0.3454060896593323 -0.2111622933549412 0.032656322784057654
-0.3384926901559835 -0.20414712549891098 0.1291712402627116
-0.34633184906786424 -0.18353391308767528 0.13882647981945492
-0.3374992196724583 -0.20145740212089347 0.12507927320322895
-0.3326219007206025 -0.19241216089163937 0.1286582050171935
-0.32614393509679807 -0.17865326570786616 0.1438945117322031
-0.3249784839000066 -0.17929818175111167 0.141688528787249
-0.3292108922015643 -0.18545448860046898 0.1458749027900606
-0.319887690753306 -0.15969818953522197 0.13621236854783092
-0.324115053527669 -0.17763604060797322 0.14022324079417736
-0.3532998592255709 -0.18516003534477832 0.12789933476568824
-0.3260480340718085 -0.18273707146372672 0.1352168782737883
-0.33598524553057635 -0.1923826538077621 0.14899990651106534
-0.32525619974441317 -0.16794997114054122 0.12572138961395993
-0.31123425926373893 -0.12749211871231475 0.10319212842266812
-0.3179021257858881 -0.14940270065787442 0.09036059271870296
-0.33595602526565166 -0.17802968699401892 0.08484119882334996
-0.34005304295662847 -0.18025316139231845 0.07645813510451178
-0.34836117787395177 -0.18177157753358256 0.07172811498241033
-0.342581491229149 -0.17002847986841635 0.06365162403646864
-0.34439631535878357 -0.17062981404927613 0.0665625982546309
-0.35214658321516257 -0.17047393626994983 0.07027767073895701
-0.3484384811275004 -0.17200047500995042 0.06867585456562951
-0.34940831934227623 -0.1614333685047793 0.06538604840397938
-0.34351347418113953 -0.14796182301662247 0.05794309244180563
-0.3555354003542474 -0.1587708541252268 0.07364562110173968
-0.3283168914744667 -0.16627491746214926 0.06328477738297011
-0.31555772171380125 -0.14328915990071217 0.12739227071575876
-0.31071502851756777 -0.1302935520403805 0.0830636938876452
-0.3155178364685293 -0.12436764353540741 0.07353871304576778
-0.3318279787768533 -0.11178522292749149 0.07573198095307228
-0.3370354992793576 -0.11235019576449895 0.07690939955576558
-0.3255759176245926 -0.13609902240430327 0.14318206146903112
-0.33141999474296396 -0.1344983913894957 0.14338900391544077
-0.3428637187592242 -0.14585859445996474 0.14058595254914347
-0.34903053379244176 -0.13655120776863738 0.1329522358005047
-0.34201322226708664 -0.1011833253377904 0.1339546778396094
-0.34623933867599926 -0.10580475449513377 0.13075833871136178
-0.3498599970931699 -0.10610877905814525 0.12566191886339284
-0.32240199013387166 -0.15725751608955774 0.05394313933017556
-0.32526951052942554 -0.16384839540006324 0.06251627937905664
-0.327250481495622 -0.16481447929816972 0.06825793382660789
-0.08900424116018318 0.6757355389891516 -0.1696802234231263
-0.11398226401817768 0.6805894339859881 -0.15848411283719635
-0.09038511724610179 0.6808570797824801 -0.17115776456896134
-0.09808476837771757 0.6833911123033436 -0.17279360450884382
-0.08901762422981005 0.6792718192054686 -0.16986007797091107
-0.10516769216739705 0.6790856656570302 -0.16719223692003798
-0.10402672713626947 0.6830172917216865 -0.1710150556955475
-0.10827321951883818 0.6791466272993009 -0.16462899101804337
-0.09167038680088281 0.67819209306629 -0.16948634414714686
-0.1025966980883486 0.6795535222537552 -0.16869630682730818
-0.07519558154179751 0.4239926046155755 -0.09649011699230343
-0.05412617295935067 0.43607244822354196 -0.09658829452686454
-0.11281455348286717 0.652165247476384 -0.05244097310282436
-0.12068767718124454 0.6813048794993266 -0.043752204903785764
-0.23738339025912397 0.282879873714089 0.020158750039647236
-0.2688788347921679 0.30169354612088284 0.05514754091923997
-0.26710805869504717 0.29505404786851425 0.09176788844164631
-0.1936191567606096 0.2678066320039523 0.05762863892954983
-0.17856912407795394 0.2957472364995395 0.06185342003459479
-0.1814756139188887 0.2935575907640068 0.07633144683983135
-0.2095450716422787 0.31398500731994666 0.10433131158958986
-0.2084771382497377 0.2818878532357123 0.030631427674829695
-0.2200758227336025 0.2854325497305423 0.020453632964230906
-0.26105414029851876 0.2822791556732058 0.10541580196526243
-0.24420028840798289 0.24953233770327693 0.12725062693013686
-0.18042457705504564 0.3097323684338009 0.04493217901514089
-0.1969218959202267 0.33915345239856654 0.09347280726520564
-0.2589082069227509 0.3197210762725702 0.028293138911854716
-0.19854253949893363 0.32242742834638005 0.011901694349675359
-0.19339805100719962 0.3250919961977382 0.016727668714450656
-0.26946244465921737 0.308778757307949 0.07136466677008904
-0.2664185624082245 0.32663669691529235 0.07141624083316071
-0.17408692895860609 0.3224454684088687 0.052342508195869546
-0.2501395449129812 0.2985732981067425 0.02241014358635013
-0.18868191910092327 0.3253698390473178 0.024599612861495358
-0.07615593569116662 0.17775208950851754 -0.10573553896913104
-0.10364248608311016 0.21768286271229845 0.07215613964965419
-0.03029303950343275 0.22055358088911708 0.08510717002343969
-0.03924735419121454 0.2210334569049905 0.08636559046713675
-0.11501400012237953 0.2017909122250765 0.060076466948969356
-0.11886718611156316 0.19211256518980388 0.05528504255852237
-0.14658756903113004 0.19979750009972155 0.0008564267742184101
-0.06776965918913856 0.22102831373065648 -0.11125839702959227
-0.12536127347116144 0.1893657851626755 -0.0534720704758616
-0.1325158111587824 0.17304807617399173 -0.04681549796111935
-0.143502245069011 0.19431156822019297 0.02024545804912447
-0.13524761820991435 0.2151108422021821 0.04537113760322748
-0.06606775528180232 0.1918369061663214 0.07985981991449285
-0.0749843109381417 0.193299033460393 0.078402358187363
-0.0705533731587794 0.20370633156169368 0.08021246165580809
-0.013606866980434229 0.20956475744225891 0.07700910241470657
-0.14824189918356467 0.23062462223231714 0.028253731618817217
-0.1500599258287631 0.22989559613776456 0.016571233983622865
-0.11507184408308038 0.2604484140721676 0.08730221118705539
-0.07376763618191015 0.2743515618587254 0.10051424184880256
-0.03869677723893555 0.31326717805507276 0.10418718398830633
-0.029400981898500475 0.3192427494351326 0.10229091021325294
-0.04956584702668108 0.29096028977843835 0.10338444485614832
-0.07856469760510051 0.38719392019808013 -0.10657553264724769
-0.07090618065038606 0.3827034613414605 -0.10747842604363088
-0.10117692184941032 0.37378207003313985 -0.10377581498149369
-0.10184691953146616 0.38418639461433757 -0.1020191886443794
-0.09759694947461715 0.39926899711924124 -0.09962407796165688
-0.1173996755156192 0.38412181014136865 -0.09542364306707249
-0.13147170634529523 0.37992545278646755 -0.08839589419169178
-0.17480327018514905 0.36502149225770353 -0.05144181413277851
-0.17682307468797798 0.362983073312493 -0.04596082907282861
-0.17914498925670375 0.3626001279098026 -0.03988372337815334
-0.1722797922081342 0.35540732969448463 -0.013365086478292026
-0.172198540222583 0.35366786265670586 -0.025043443253723437
-0.17019623402829678 0.35138126591451624 -0.011915824669095725
-0.1740088809966441 0.35458716359063014 0.01092472364181598
-0.1732080268889842 0.3555493924089025 0.0012139881754151514
-0.16248202928257405 0.33234332055766436 -0.028582465581262494
-0.16556384293547838 0.3418904414462457 -0.03749408397186432
-0.16921873307895535 0.34991107940876887 -0.04252854023753313
-0.09754457723913801 0.3406393665888806 -0.10537608495269084
-0.08421883878556591 0.333070924339105 -0.1070129755099872
-0.06920138520378304 0.3226049663709195 -0.1057959707568731
-0.0615732327358883 0.3102761835262515 -0.10529494256721213
-0.05815233750044513 0.3166269803333718 -0.10556561787232771
-0.06969828745782516 0.46882627038086444 -0.08459469432734582
-0.31460592141045923 0.1378063410216933 0.11269546736074429
-0.23735766858505347 0.10484460024361815 0.1286925723881681
-0.23277655612384082 0.10926789998444675 0.11806936666189156
-0.28410303111353374 0.13541294558512332 0.15205184410643202
-0.29108811727752976 0.1375216231091368 0.14749243721999913
-0.3145736258471473 0.11523629405466525 0.09526819458602412
-0.3036168826576922 0.13529424627291392 0.08622535704232433
-0.25653907017032157 0.11745814025316607 0.08325377918212591
-0.2494419530959108 0.11542615176635702 0.08636295698811793
-0.23435492597078697 0.10572292497480379 0.11071659698959918
-0.26383852048503714 0.08313080853651783 0.14870162472535342
-0.2677881793253376 0.10836758883125767 0.15271158683273328
-0.2578089028348445 0.06398048845886217 0.1402331258274703
-0.26295785264774785 0.06650693398404939 0.1452843414453454
-0.3251505980873446 0.06690387365787681 0.10403189492503813
-0.3246590577023335 0.04161312552967189 0.0962141636659467
-0.2773831851105606 0.08137281293590426 0.08105354314360266
-0.27460668683852546 0.04854738948104653 0.09037937210736152
-0.31798503197596784 0.08187350014193874 0.13302700284007962
-0.3192287474553461 0.10049459868642781 0.12357957181343762
-0.29741669673436233 0.07219635520688447 0.1508515813925887
-0.2764088749215524 0.09099686766858008 0.15269746366373826
-0.27294925698073114 0.06594772052567888 0.15000725733900788
-0.25447416075749757 0.05525452470016498 0.11103378155873261
-0.25381556765165597 0.05324469965878986 0.11952475448923541
-0.3142009925305143 0.06227515521566629 0.14187383746265067
-0.29861983642652523 0.053290255616488785 0.08163052416285436
-0.25956047103214525 0.04090938757692861 0.1299878720422926
-0.3306878576964354 0.016922945303180146 0.09822127506066089
-0.32277032332600136 0.02612953436700916 0.08978014469614017
-0.2733408981642737 0.014298098400019527 0.10566737537397651
-0.2984858701269182 0.039234327297399285 0.08318040859222034
-0.30688821192208504 0.033633520676591366 0.08321651668121652
-0.2809084414187633 0.019232550429550358 0.09532459099309065
-0.3288486337205477 0.024615326939612134 0.12517303863623122
-0.3298422874067882 0.02692850168148087 0.11935781873375806
-0.32436588737773175 0.00536070217910112 0.13633515953862568
-0.31248670775393167 0.033688190665374346 0.08436075068021327
-0.26723203229107917 0.01774960779959406 0.11832554825972066
-0.2693017826623948 0.018051131135278956 0.13293042832354443
-0.33090562249399463 -0.028965860187382363 0.08472120527274085
-0.28951321451616024 -0.014454680044179795 0.09846045630799599
-0.34268850383322735 -0.041948868776073955 0.11359464226055302
-0.33548577339230656 0.002088730801003526 0.101860034610137
-0.2937641344943557 -0.018570094080124718 0.14117268447260675
-0.30730660766283757 -0.009382262204897155 0.14403301675433872
-0.31898283194541116 -0.016705124617210323 0.0833528432698583
-0.3269556593122242 -0.03779231521307183 0.08262606771181617
-0.3254105299788542 -0.05368171277364709 0.0818553307207682
-0.3021183694826563 -0.042258591639403764 0.09309274156195294
-0.31067059909672345 -0.06015033930388008 0.1352258442895928
-0.3182910863055851 -0.05955883192697936 0.13615284657997656
-0.29800211215783073 -0.06262789579784944 0.12102925692295306
-0.3006344172356442 -0.06603403045688588 0.1041765137386217
-0.34402580527172966 -0.04537156647268963 0.09971056720061441
-0.3503492275119009 -0.07391185636921643 0.12000294636587394
-0.13912659315672526 0.5282434245589495 -0.011352288340457626
-0.1269810545677086 0.5172976997552294 -0.024075080925517953
-0.05885276297573233 0.5187404714483791 0.05455426263718847
-0.12066790397696477 0.5095434824320948 -0.03417399923701955
-0.10272969735593784 0.5003734873893507 -0.057652646417843546
-0.08400460370783314 0.49432182306513067 -0.07376478855078757
-0.02948841279563364 0.5344411192343553 0.03506960150494659
-0.12229940199943695 0.5348357038876134 0.049270372615611395
-0.13333178970623108 0.539459413448225 0.03230517173971696
-0.1521412900619795 0.24933485257171256 0.03255067200846092
-0.15004900141632502 0.23104439021967013 0.005253400985778791
-0.06966580312146475 0.23833753552592107 -0.1096762208510867
-0.1308937729968236 0.25291411323183466 0.07221010995284378
-0.13622681476516374 0.2444783141435962 0.062275630932342445
-0.14292589403911551 0.24516935674064835 0.05349871764734852
-0.14924071913701165 0.27680963164377836 -0.019018581629737477
-0.10567727079150026 0.2587671338629852 -0.07970601136102984
-0.05033588546779287 0.49695542129398185 0.06443568029232992
-0.10986013620190589 0.5089697852264963 0.07969465559854108
-0.14118617010671974 0.5104441831204569 0.06966798403428127
-0.15639081472911454 0.5087373743149912 0.06209602412307592
-0.17870248618235357 0.5028283097211129 0.050850094974718124
-0.17256497023930106 0.4975807714053604 0.061151595440496004
-0.23581397037615404 0.46211781552442643 0.03308852316060258
-0.2587639601277718 0.4163241972701731 0.039110989102869254
-0.2533643621482382 0.43416902982340383 0.03532080593753032
-0.26279373076828616 0.3948871931200818 0.04437907794745617
-0.26361961822504654 0.3575159892291725 0.06175531925751274
-0.26327936108446554 0.31477428083924053 0.08741077268084102
-0.259029977448117 0.32577383463672005 0.0878542551153957
-0.25582099089658816 0.31808314013134764 0.0946961166064678
-0.25148964746411245 0.31526571797679687 0.09880753351430831
-0.24614064720836862 0.30992481308897835 0.10322604147318859
-0.24398435590404627 0.30003622788320056 0.10750332335166105
-0.2292131182762948 0.29985494412582714 0.1105084704209397
-0.20377949808282908 0.3431584708919225 0.09562123132879041
-0.1940958065440858 0.3627598550154757 0.0872032641049123
-0.19001251184852053 0.38021806169939726 0.08005857718659255
-0.1880765875224445 0.387682842924446 0.07618078011103353
-0.18698412416384896 0.39036568759038726 0.07919664925971479
-0.18577283321531501 0.38875522068099466 0.08062858322473844
-0.18059047015674523 0.38347627388114125 0.08360925259234872
-0.1211964335412855 0.31317778512272 0.10496829212507428
-0.11042485321839801 0.29770402395494217 0.1028623148572336
-0.09696673951323749 0.2617101898013934 0.09402772905959368
-0.08401489261449108 0.22361714575948022 0.081839789930467
-0.07896641872483562 0.21219738085068904 0.07977070653097763
-0.08670767036766014 0.17232081714782602 0.0765052086384744
-0.07690503079883579 0.09099983526699648 0.09529873121059632
-0.009317514411754609 0.12986614770636545 0.07927940674940263
-0.13875166280977513 0.12161428309361456 0.047461757568413566
-0.11590734716847358 0.1146935237907957 0.07377066586208997
-0.1509808374851011 0.11494570889178012 0.008766809474567629
-0.1519290558120007 0.10445213658407554 -0.0043440309991709
-0.10080023216226092 0.07078649515384902 -0.07668738035320782
-0.05921397487245279 0.07682017430380855 -0.10447289397877492
-0.04628596759476485 0.07878863168176034 -0.10951414543694923
-0.09539160788190405 0.12091149075832802 0.08281924769678466
-0.08520066329059166 0.12271356910270885 0.08528923460576476
-0.09934447806483075 0.10303729037244479 0.08522421677469609
-0.15077666901107617 0.09944163122305602 -0.01690211094619287
-0.13222156640288218 0.09403803162631723 -0.05682419828062421
-0.13924719474872996 0.09750943537199179 -0.04832895145753153
-0.048958361052847385 0.13252269025232613 0.08545763542318358
-0.0488617241571591 0.12254282020617109 0.08689026817207028
-0.26392745507983684 0.32997304590316173 0.07689290076829498
-0.2609663767233173 0.3358641036246967 0.07953745593838493
-0.04862126345287653 0.3756341175409621 0.1050017631834594
-0.036218023288950796 0.3872518172620981 0.10116020279858468
-0.06754542809756223 0.3893208041557574 0.11146458276288575
-0.07760368783013383 0.3897459285649932 0.11778043654608746
-0.09767040619971691 0.41701795927616714 0.12080927258213718
-0.11020125842739774 0.4212669705112271 0.11818490524330025
-0.18241859366637592 0.41891472435176247 0.08851955923816836
-0.19279966441944402 0.41167400102087226 0.08424394198417205
-0.19870218952083737 0.40397180592429766 0.08383358539546905
-0.16617103682498482 0.4491674435421463 0.08911151001710373
-0.17346081918338357 0.3489325278872921 0.01631617552118012
-0.17436616637749533 0.33619246128382546 0.035091625763473015
-0.1763211809909799 0.33757058369813203 0.046539716673458485
-0.17890254713059417 0.34917001482942134 0.061371119704377336
-0.17576649678558448 0.3451853958661453 0.06936578381345132
-0.17459289240469658 0.3354514875568779 0.06308984709845986
-0.17716557153760626 0.35537120758307683 0.07332485282771478
-0.17098753083479973 0.36279998560809307 0.08623168891801915
-0.16257074704028618 0.368031529699094 0.09529453408758413
-0.15775934556592283 0.3774208304721416 0.10029047279649934
-0.1468141204455388 0.39517110200066224 0.10735149322908226
-0.16391494475708598 0.4325486470464905 0.09400445280590844
-0.11609187171218614 0.4428257210775769 0.11160299157382982
-0.10348658374764044 0.46654254096684494 0.10451134598057119
-0.11170921536093746 0.48126544885365924 0.09631999717824237
-0.12631619681721581 0.5183469623496268 0.06865182008027516
-0.12474978773147065 0.5081690730485916 0.07804510698282356
-0.11648828173383115 0.5312939293687681 0.05699452237156871
-0.161192395421515 0.3124967554980277 0.07190046097612164
-0.15265677363916894 0.3176722934985792 0.08775189005023032
-0.1286849898712768 0.34225166470795354 0.10969214912864837
-0.1316122361004241 0.32620794162552763 0.1049915226196652
-0.11304839401372492 0.3417615336734117 0.1137314783739457
-0.0882851965407598 0.3923441135992429 0.1219450243211379
-0.09747767539395533 0.3704585963955553 0.11888113316718711
-0.08278297070950738 0.40246267079743503 0.12032207985225611
-0.08997274387833541 0.42589771820821376 0.11741816612417777
-0.08259081433938181 0.43564633028068206 0.1125216563878029
-0.08312394482195389 0.4693219567667431 0.09859357592825257
-0.07119645600404659 0.46394218643200374 0.09453646345258757
-0.0598934788560476 0.48752909083922075 0.07543093589140502
-0.06930363564441115 0.5012407139272402 0.07200491198386372
-0.08335591766279946 0.5091235637190067 0.07351517720207848
-0.07220850954905664 0.5216417559447252 0.05852063699431471
-0.11228216386431569 0.5471260860120118 0.033135674711498586
-0.07519789661141787 0.5441384592097879 0.0402821194185337
-0.22389746706880395 0.3391781787108521 0.09940750320459293
-0.2490052856905759 0.3368484975869191 0.09197466636652753
-0.25505220682469887 0.3345661090913798 0.08806080833978018
-0.2508156519990437 0.34927896911845435 0.08512910731842013
-0.24025175112454286 0.3976320508094394 0.07406912839211832
-0.24583853537187556 0.36848426305227144 0.08064969964546517
-0.21002604525510538 0.38437853618762685 0.08827991999477121
-0.20848539690129153 0.3749577786093299 0.09026141802246244
-0.21592291418136964 0.36010912173393206 0.09448477871783478
-0.22002547298197148 0.36503687663013507 0.09286063288703235
-0.22343469301468882 0.38705949827286235 0.08574022161101869
-0.04786821070327756 0.3997242140501954 0.10175504241892744
-0.05071391258013041 0.41777227431145303 0.09839178114514784
-0.06796551030519786 0.41007656437633555 0.10949732370286994
-0.10512579131362117 0.4081784782844099 0.1216559339525134
-0.16523262563975763 0.4170325262414497 0.09624974400436284
-0.18245911589452418 0.42589670528267676 0.08772277824735918
-0.1899488161980261 0.41973500125247704 0.08550397494274951
-0.19745177445191792 0.4191027217061574 0.08335108205495438
-0.20667280221756915 0.40829516940328225 0.08363015873167179
-0.21144229473943219 0.4141965529825423 0.08129246987018607
-0.2032417118972768 0.426525732676178 0.08034789889907606
-0.061528792541688845 0.4267271572962327 0.10151831023565441
-0.0762672186242015 0.4229470421861645 0.11284874343642792
-0.04140572355986532 0.4273615990310887 0.09184802296455132
-0.05353397742626964 0.4355583776290312 0.09463990335819032
-0.13258469712853924 0.43192926286188166 0.1094312805592059
-0.129722368583563 0.4114040694508927 0.11393494636501768
-0.08624457134375896 0.4136048483047164 0.12000241238917787
-0.21313815055140992 0.3862289265262419 0.08785091823594902
-0.24218704405038138 0.35180359307678527 0.09002721985645924
-0.2260947725246475 0.39878683079885574 -0.03607461944585513
-0.23584036751887877 0.3994681245043723 -0.03170411642850039
-0.24443214728646173 0.4076253046267367 -0.028584241399056
-0.24929095201322968 0.4269364625036216 -0.027209997146628518
-0.25357990349655435 0.4364168037833963 -0.02123411622585655
-0.2564179467284433 0.4427214869525209 -0.013363474884346024
-0.2577189144353493 0.4453870261728816 -0.004352034898462714
-0.2573370158907244 0.446573202352128 0.005315208491146909
-0.25521070102956406 0.4475395997993836 0.015534503812164828
-0.2531086969693441 0.44506216177539837 0.025133215223266236
-0.24685451154421706 0.44570811554197065 0.03530476736339706
-0.24035005742481624 0.43399205515282735 0.05316486225850713
-0.24047260160380685 0.4286330726371086 -0.035165726643485884
-0.24163603689779245 0.45100186650054513 -0.03463601700763185
-0.24517840691485626 0.45934581222390564 -0.02755842354650403
-0.2501984968843952 0.45900914653572195 -0.01691638279651571
-0.2509056349937405 0.4620488660726225 -0.006959305063543149
-0.2506565158149749 0.46221033319267385 0.0037308758424063446
-0.24701513739355196 0.4643336425582475 0.013998718601239487
-0.15559674197774204 0.5313553724266116 0.025159193525861195
-0.12094334548704963 0.5500930858399312 0.021144618736229432
-0.10753711424633794 0.5581635059801603 0.01632983573094423
-0.09599686067422344 0.5597169924683402 0.019118566828090156
-0.09693691064311295 0.5497000827106354 0.03354098351340278
-0.05974868654811672 0.5491337683256753 0.03137132714675381
-0.04617725377778377 0.5411186665059867 0.03529006337729659
-0.020147550075446947 0.538577783330055 0.03014910548186379
-0.21953440496029858 0.16844836536675714 0.1157897572806685
-0.294777446936413 0.18337188406525662 0.09007702414195255
-0.28971314862103803 0.181442939205663 0.08408498000335278
-0.22209488199729635 0.18101674220017586 0.08178639750940941
-0.24336396340198319 0.20869802257143896 0.13957075291570567
-0.2768964246333911 0.17838709784688775 0.07757888912534643
-0.2963748139265488 0.1931922060257644 0.11217301147090838
-0.2280238004337811 0.19117035957166909 0.13203246324066625
-0.2491970396624167 0.17386005047729772 0.07151489054420708
-0.2576238449343874 0.1750602472627084 0.07326501901144748
-0.2691848431148341 0.18238849425661957 0.07356829528957941
-0.2220281124481762 0.18484985200601647 0.1233483408709135
-0.22047946933107623 0.15447676254670992 0.10634807535564597
-0.239727216263256 0.1858449528854035 0.14330475774090712
-0.26104732991448343 0.19233558800499637 0.14449486656919855
-0.2867205523022384 0.17372428988891445 0.1369108917367528
-0.23517028456433306 0.14799438089000702 0.08469301662557441
-0.24016059404256107 0.1550886510064551 0.07956186442869172
-0.2973226282595748 0.17340244204552258 0.08981138563001452
-0.2933869209100709 0.16248752375882236 0.08457088274556498
-0.2244061509995938 0.15368148881672672 0.12392274501524383
-0.21922159823607246 0.16164893356866827 0.11111888886914313
-0.28581209339998365 0.16664070810348877 0.08188417280855731
-0.23855852712418135 0.14854740753170234 0.14228973638924947
-0.24569714510344537 0.15699430430777253 0.07786854433485248
-0.2529424795388656 0.16648738626781898 0.15208431153904114
-0.1226851774249678 0.45943197714961775 0.10423603243929554
-0.11156215620174866 0.4595791117521899 0.10655406802136265
-0.08676827890297711 0.45039330817195533 0.10901999495711824
-0.09631725820938945 0.44769759905465156 0.11172629204352168
-0.07695737893788326 0.45173615439058185 0.10398813671120036
-0.06197147717649953 0.44703221047302816 0.09595963642513418
0.002248079749782534 0.25371849820695264 0.07685015256181084
-0.012469727256145532 0.17905658898094298 0.0747189165040433
-0.0229778394525617 0.17494986770216617 0.0790133882569845
-0.013344025139260701 0.150040988176564 0.07814473567530215
0.0032933603451599804 0.13331819351138138 0.07415793267602216
-0.015959692207424304 0.2580104931105124 0.08795017823620192
0.002776446709062503 0.1940274347867346 0.06549056325351868
0.0027410531725595567 0.20865586933225358 0.0671188582382905
-0.01811926600894224 0.3130464378661064 0.0967818549681485
-0.02233114826800565 0.33306829466852306 0.0997589600170398
-0.00996390327453936 0.4132566499320809 0.08579164960290657
-0.013499852357615263 0.4286004786935487 0.08120216161164955
-0.13443614279885388 0.35894677530632235 -0.0869371635541006
-0.16462410661421195 0.3500601152789192 -0.05445816481323011
-0.13983633076095361 0.33958829995209383 -0.07989528366866466
-0.1321869433257282 0.3361087992240564 -0.08617459302348003
-0.11913613858132066 0.33913468683906944 -0.0955554291058967
-0.15092548168507364 0.3302440710245147 -0.06095665461563861
-0.18569121337059613 0.3481824531337307 0.015122490591739323
-0.18138684051355722 0.354355316702631 0.024076566430862423
-0.07281565265548916 0.590078268763942 -0.1738435752102854
-0.07138166615126497 0.5628464089568571 -0.14773772289290368
-0.07272475583496307 0.5634345820647283 -0.15460864778400232
-0.06853691035636357 0.5988400472408987 -0.17963616571036303
-0.07458734243695359 0.59848411347808 -0.17763247703141022
-0.05870523332825066 0.5617704292349482 -0.12088226931187228
-0.07149251060922328 0.5758579350129943 -0.17147810298314917
-0.06742482563909392 0.5730701575371897 -0.17157977604193708
-0.07305572507077847 0.6226858476003776 -0.1854073923754084
-0.07009734142409817 0.6093383072999198 -0.18198895156499206
-0.06083659913207194 0.553117626232443 -0.11347958443619147
-0.0637196511913472 0.5646444737697326 -0.1290250414413225
-0.06039214337959274 0.5648231924851354 -0.12701443695678913
-0.05998012403698258 0.5640926648071557 -0.12370587009678273
-0.07381287883084492 0.5654766841765603 -0.16091363207175535
-0.05541970109039014 0.5156486470344472 -0.08245792891926251
-0.06090313294793261 0.500956310895491 -0.07786921991138354
-0.061144456679870465 0.5063756197841925 -0.0778998835473894
-0.07246011904446077 0.34358238822000553 -0.10878053936825621
-0.05687392021463513 0.33835705761321233 -0.1075513878036865
-0.04894535457724471 0.3918989791319553 -0.10686091082390256
-0.062110053544371734 0.4188812010406831 -0.10003756176200826
-0.06229731232418166 0.5113430600961503 -0.07923200964066192
-0.05398801703750405 0.5223857506194662 -0.08757957915846476
-0.040526953194493814 0.4322305317513665 -0.09929238819320284
-0.0505940703010934 0.31600279888956084 -0.10657557389136371
-0.04884669511835799 0.3384807280714557 -0.10789115110464288
-0.045469561931176794 0.45402469582799176 -0.09192912312156676
-0.05418667033808767 0.29541781188003563 -0.10773449999984666
-0.06324924579800872 0.48140226450839696 -0.08309941829566102
-0.04634215500988717 0.27644515955105353 -0.11325190904133703
-0.12673504949861888 -0.08842662557974688 0.09508953185669118
-0.1176611932872881 -0.09788478253055033 0.09982707120310062
-0.10988111487540969 -0.06980330940253843 0.10381727701124834
-0.1333352719619425 -0.07896745785664117 0.08947808156377986
-0.10249958888056479 -0.07566321452542607 0.10749631552337789
-0.12803688659202334 0.00021917748085292975 0.07285817214212265
-0.14098503394110065 -0.0004481756342315216 0.06294521290179747
-0.097196235355345 -0.08706667675337332 0.10780265117845765
-0.08457690813531613 -0.08521625613301004 0.11248036920027515
-0.045244220387368486 -0.07873387240436913 0.12328975383498189
-0.057580144300085706 -0.07757417835858704 0.12329708294784865
-0.1325122804864894 0.051429432466865814 0.06265793250118448
-0.11003166380499484 0.03242193938018431 0.08644375099233706
-0.10973739525397253 0.022916604356361062 0.088283259551152
-0.11745864685309673 -0.05015388116699848 0.09500974671108414
-0.10135270063388079 -0.051709125716111796 0.11022318897808354
-0.10699688440106776 -0.04840952938611204 0.10492033549840704
-0.0684673309907297 -0.07921014487730427 0.12091504672473234
-0.07793819935760204 -0.06868395046491538 0.12158849772088472
-0.0960318232740273 -0.055971023522177976 0.11438114474882341
-0.031096448557840814 0.06558094447097218 0.10565952293561302
-0.09770989608997067 0.08844183124929626 0.08821805428138256
-0.09745487733524741 0.06532842318097157 0.09030827586489693
-0.021738568176144356 -0.09610410757926346 0.1148063615828772
-0.0376040412442588 -0.09616328009036422 0.1153441099741202
0.020817975143605526 -0.09881024785903336 0.10791708495507797
-0.0005087080935983143 -0.09377387663953007 0.11203120611365976
-0.06632592930593607 -0.0633105424356109 0.12549432024662996
-0.07439277434108858 -0.052806386346055 0.12433186407842838
-0.06241378457620931 -0.046559978058608786 0.12780761664868887
-0.05126675573518568 0.01907803015618884 0.12411219943459187
-0.060557462476860516 0.019432510722908417 0.1219927671397706
-0.06977111260572125 0.012748586231795535 0.12006476295468102
-0.08738370240350324 0.041730300214861266 0.1011876498027757
-0.09839331311532178 0.03766996933707134 0.09461098358057267
-0.05166447595087468 0.03764593683945333 0.1174668412362298
-0.060506972570876366 0.03788821470848577 0.11544836458365476
-0.06971139583626268 0.027659891822181513 0.11602199385506497
-0.07749374235842561 0.05187470944479863 0.10346896154175086
-0.08847256699487559 0.01702352711554309 0.10761392163211994
-0.09950486809659978 0.007105901047820163 0.10143352586233755
-0.060032364622797825 -0.10229253844759066 0.10826229847755227
-0.04902826785310508 -0.08953490072193564 0.11910686346160208
-0.040852798918200046 -0.007450397103365562 0.12930852257339834
-0.03585091586398223 -0.01917242755895243 0.12976299296734628
-0.002473223982151664 -0.0004515853755711045 0.12461645353198803
-0.04049055388252343 0.01812538536720779 0.12530617169996727
-0.04251913063918112 0.039614583689633304 0.11762019462192357
-0.04110554522428027 0.07417064806381904 0.10191462935198066
-0.04188129552991974 0.0970525744561244 0.09364903279666963
-0.035329480246205504 0.13141610880572352 0.084236695987041
-0.03408430400059207 0.17526234707281446 0.08115456638740896
-0.05833075211268766 0.1715494210937894 0.08146521833722219
-0.12645605251114575 -0.25762196673550325 -0.019967487885993795
-0.11147419794010496 -0.2557963256773061 -0.023081066240739242
-0.07874004991164159 -0.31825933702441367 0.007581975886013202
-0.038504379478453477 -0.27191279434231164 0.03899317123922025
-0.03546237769601033 -0.2774511600201328 0.051833814988344204
-0.033256845796030485 -0.22204729336856283 0.014323389626845458
-0.026640732083780073 -0.21858595991548613 0.022571474655524525
-0.04079126502330457 -0.2070536731503544 -0.0038264199309541607
-0.16814939965387501 -0.25341717744534753 0.0265036125325193
-0.16240569919135936 -0.25626163202078706 0.010691936084433888
-0.12857074631016832 -0.3228286826637662 0.007159645040548388
-0.0165994553035618 -0.18805368039911816 0.04739813557305318
-0.043834676791874576 -0.2783741326609411 0.10111407108249813
-0.03289423713289199 -0.25478705703021987 0.08221325556047575
-0.13739257191464002 -0.2072497678604448 0.10483055257718482
-0.1255079504269798 -0.20432392113474251 0.11055145961481992
-0.1484660281326234 -0.21657926549537665 0.09690123056990123
-0.1377142229398694 -0.25525225185010614 0.11100406706732475
-0.12757502101069665 -0.25152858843239484 0.1180363757554181
-0.168691136931462 -0.2420217060547067 0.058590555398708555
-0.16460232403732847 -0.2813838368830984 0.06439588810640698
-0.16042168482750804 -0.27617248001442596 0.07913334179474349
-0.057468950265150844 -0.23519840395155958 -0.006114796461282026
-0.0603039387177796 -0.2699286449786866 0.00655643984807026
-0.08375076222933506 -0.22964876961995773 -0.026068906530785457
-0.07056996808797934 -0.22094214609218882 -0.021986777510266595
-0.028457936108666614 -0.25429714176855756 0.06041565315994266
-0.022888340365345802 -0.22132640682724358 0.0331822411563694
-0.020524814517780064 -0.2006825516891632 0.022276312949183787
-0.06446953552275177 -0.19875445819554668 0.11117829695420689
-0.04965402058346433 -0.18549043219342082 0.09952712933768838
-0.07532993759658974 -0.2647939427501054 0.12873008119445942
-0.0898691444828491 -0.20927241178747974 0.11882658837598553
-0.10220964519847076 -0.20888379497969523 0.11798581867302205
-0.1164551415293367 -0.250108636107467 0.12376046932729676
-0.15729915206442308 -0.22049463273633094 0.08602311575953996
-0.1537807999526801 -0.27715230321233125 0.0930183472864767
-0.04231200262481753 -0.20652104375144031 0.09673198243743251
-0.0548467808879055 -0.5802605858186195 0.13259634135023432
-0.053723927661780614 -0.5795871110085297 0.1420104764828102
-0.06956932481397611 -0.5958134827819193 0.17928066473646112
-0.07698271640540888 -0.6024966051770276 0.18384601116945512
-0.1525457123898944 -0.5564006220728758 0.16012327361234793
-0.15777434002127494 -0.5790381083915909 0.14930762433344733
-0.16202758332838665 -0.5741633174624765 0.1359217783100554
-0.14838396995909078 -0.6193583978023851 0.09789355391200756
-0.13630057954201175 -0.6336469511371321 0.09050505941858812
-0.13064660124317728 -0.6088715410692906 0.08440821940925396
-0.11388907132561393 -0.6416779089206854 0.08761066933211285
-0.0633776922344305 -0.5851531434808985 0.1132919182138087
-0.0855635711226726 -0.602262176981236 0.18732783868104136
-0.10675505695162311 -0.5564638001528108 0.19033081674988067
-0.14229743401697592 -0.5927858902631475 0.17168639836450234
-0.16164142573779106 -0.5886405798551979 0.12196013308224105
-0.060998980815157304 -0.5963319943959807 0.17005856710851666
-0.14149382931683344 -0.5647365774305145 0.08362183779228675
-0.15164707191694993 -0.5466725143614568 0.09050882145323107
-0.06315539561132819 -0.5227231484428715 0.12674610563095787
-0.08013150889424389 -0.5338042419508024 0.18055579426796167
-0.16239320276670444 -0.5228165766293636 0.12835927664934485
-0.1484160274446388 -0.4862901409792214 0.15315120466226081
-0.10407667225897412 -0.5352187605272682 0.08119707599873917
-0.10126137028266975 -0.5054326055739586 0.07665476631195081
-0.12661393832251983 -0.5480308728899324 0.07862306121012769
-0.16125273186602077 -0.5135992912259424 0.11498975989490408
-0.13784557385527005 -0.5181856961292417 0.17284917266835814
-0.1450959105160796 -0.5524290947203322 0.17016224108296488
-0.14653451587814262 -0.518128328652303 0.16388858807235146
-0.11116548287870998 -0.5010941134448033 0.18033361974954534
-0.06484571879313746 -0.4825306234565104 0.13596528353191667
-0.06477266347583642 -0.5018645312635672 0.13994673467501131
-0.06686723202630103 -0.49764377411238514 0.14641655630504494
-0.11765755188704206 -0.7072057206822409 0.09716744191181081
-0.054262536681779175 -0.6249100956677341 0.13625347971706642
-0.055993144385996466 -0.6158523159165 0.12692736191942397
-0.07615663535604499 -0.6810249010678453 0.17052791503187645
-0.07101512161077739 -0.6837712882203348 0.16562573161114816
-0.14337969267466916 -0.6532108614645086 0.15950055016492912
-0.148569532057779 -0.6752009706312795 0.13849728421170204
-0.14324822020045064 -0.650017722271231 0.09984576261209034
-0.10418213226380098 -0.6407838716065511 0.08983318137329788
-0.0875340360510712 -0.6519122371093625 0.1799485769311763
-0.09639663041455276 -0.6601022961452314 0.18010797149300803
-0.13558901554671104 -0.6640867422346769 0.1662204672368035
-0.12801186870633635 -0.6695162151526102 0.1712220265469853
-0.14749111474877774 -0.6842921385727851 0.12644468806196393
-0.06584437415970365 -0.6655626151135843 0.16191953339627058
-0.063173519404827 -0.6662630416064002 0.15631271776219002
-0.07493854255620788 -0.08672014974621178 -0.05771421034017549
-0.07427899730410452 -0.08253635816839577 -0.06363977082294021
-0.005941896702515203 -0.12616776972158167 -0.003013831405302939
-0.1660199441931226 -0.039532954583077595 0.004290743916761108
-0.15757260889462046 -0.053460709532769934 0.05523968271112547
-0.1485045531697989 -0.056473636970688246 0.06607347966476369
-0.04612446933461381 -0.11267211638954522 -0.04533943813321579
-0.029965010926236664 -0.12067619638140159 -0.036767172877423676
-0.03864596253755121 -0.1189864675899493 -0.039117397652275114
-0.16896495832388497 -0.07074433293658738 0.030337300899566395
-0.1642086471825376 -0.057239239817532324 0.04252800251630722
-0.15900175997947857 -0.06109566778508069 -0.021832616835721585
-0.15980017300501675 -0.04649437010851742 -0.022865248300272697
-0.153108849978676 -0.06135266599173205 -0.029241008313937725
-0.09826809232183167 -0.08799496954596264 -0.05604782898291133
-0.11364185578328119 -0.08575116448667884 -0.05376579329113459
-0.08781460368506744 -0.0904229094889486 -0.0557189888292412
-0.011713500473090182 -0.1278433900642159 -0.021023436892393967
-0.056188303063082395 -0.10708038487103821 -0.04956183296455623
-0.068874156547693 -0.09810275168096061 -0.05334648000914447
-0.062176553270317 -0.11076032142356718 -0.04909793531250256
-0.0023020865285779974 -0.12279322440238394 0.011431688835901377
-0.10946388543453797 -0.000840717211447876 0.09415724984376055
-0.05843879322024966 -0.004493533247580254 0.1272203296834643
-0.036831193085862295 -0.03652176455372144 0.12981938389947084
-0.04987977829605012 -0.030119796726714245 0.13026337083585132
-5.16048851608339e-06 -0.02641745995216735 0.12463991213072823
0.020562608494994868 -0.04953299910096903 0.11712820771878978
-0.04271663250627923 -0.08994279424883177 -0.09211526631675736
-0.03832398782553845 -0.09936254822281243 -0.08860991072414745
-0.04088484173104406 -0.0818761627505808 -0.09601012348133067
-0.0365878173711997 -0.07179628594348958 -0.09928064422693034
-0.023202529057823645 -0.0749500358379217 -0.1042167759086287
-0.015210505865240287 -0.07817863651183488 -0.10372425717555214
-0.01963149170888979 -0.0846541223731363 -0.10233963335496818
-0.026803710476273765 -0.0892959000215089 -0.09983932971998714
-0.030824213212429064 -0.0963307169881189 -0.09440816904041692
-0.026864030308823752 -0.1268153523710096 0.07694305985412984
-0.018826374662914837 -0.09411888825909903 -0.09733431612878875
-0.05962675104315227 0.11639689897155256 0.0892376624494711
-0.06776085815224933 0.10940636666236966 0.09145847032862339
-0.14750500810904055 0.10109511388630188 0.03594547855929876
-0.14225966583811242 0.10178655848629332 0.047777729537263926
-0.15118934176261947 0.09919549724228206 0.022996430011458607
-0.10751547237357802 0.10953360969417669 0.08001979738024927
-0.12034251552706009 0.09299357542288914 0.07454662417567423
-0.15377630148656735 0.08678735145550005 0.009576912086669729
-0.15384853149998054 0.07864634614234692 -0.003436204534971267
-0.10718732152662275 0.0667363924825585 -0.07124729150164236
-0.07913881069740171 0.05223571453636033 -0.08235797338365111
-0.04463767403489516 0.0480728761067957 -0.09660397498117752
-0.028395715554044798 0.046587407928754515 -0.10156212256472655
-0.061891422831181424 0.05147188957106793 -0.09156367156880259
-0.048307465215705885 0.03654393767209843 -0.09070250534132904
-0.13568778824576086 0.09520458626047158 0.05940130718918042
-0.131338816204808 0.07318223487289538 -0.05546084836956875
-0.13866536116372108 0.07667459233109514 -0.04759155803342086
-0.042718592941870664 0.11201731623971155 0.08864306101254052
-0.09741568399126162 0.20726924975426608 0.07173936000566516
-0.14727715306866582 0.18070424184446854 -0.002809937892495079
-0.14618043128122174 0.1804931379869156 -0.013513913783973893
-0.05731901266791609 0.1740485235546979 -0.11543686532876622
-0.11711756890853854 0.17780054637637172 -0.06483683534015057
-0.1335839065388806 0.1987655575248837 0.040551116372699335
-0.07328258387433463 0.15589119070377125 -0.1064648840630394
-0.12156652537571612 0.18214571550923725 0.053708246147031395
-0.13870538506484367 0.17621995644122343 -0.03572099680080209
-0.14483240706121245 0.18075780583553805 0.01752235871425192
-0.04805138037182145 0.21301587906421474 0.08485603320180829
-0.060747229428862785 0.2122111391583346 0.08368680253107043
-0.003830184125648678 0.04180141061678627 0.11374865514817033
-0.1425728355198045 0.06761789716216682 0.04812322543410734
-0.13471638873861633 0.0656210875454819 0.059380660075934684
-0.1489145874160204 0.06558782438934574 0.033594481625339984
-0.1520055296299914 0.055138274417147276 0.02257582166422824
-0.1550452709671584 0.046248117848449594 0.011290759580768344
-0.1459986826588804 0.04829346978742536 -0.036702935697590276
-0.13863502989819756 0.05672907575904182 -0.046553252599422695
-0.10645445944978812 0.04232731973104075 -0.06601577926053256
-0.12018535549340988 0.04611576370331405 -0.060148169547653
-0.06437995971656708 0.03973147430907356 -0.08500692199856935
-0.07788093070513638 0.030814042532769433 -0.07661185688626233
-0.05465976270784905 0.02334045329655288 -0.08519464626268211
-0.04003554153736414 0.02003663492034433 -0.09140427483977638
-0.03107992087138114 0.019776594111648785 -0.09378563726475288
-0.02055789752021182 0.02186457533054204 -0.09633285906846022
-0.025067769343803406 0.03224330230983852 -0.09663668683646923
-0.06874636831764232 0.5633192870181637 -0.13970711182765436
-0.05978170830890244 0.5625054465492833 -0.14539395917066214
-0.08071927363808558 0.7449695023092902 -0.1853874074147787
-0.08049343618512309 0.7574185656699811 -0.18072496918330375
-0.037672534589461716 0.6007782145861663 -0.010442611077505038
-0.0792044971923581 0.6479699991693012 -0.20160430934758072
-0.04333753337682966 0.6616037922519646 -0.013756743078927002
-0.0525212262385875 0.7565923931393301 -0.004603732902891202
-0.04022798184702744 0.7614359932336484 -0.00794021809494819
-0.07000295061517216 0.8168132158312476 -0.10893361136836224
-0.05963290939501359 0.8161071168574964 -0.11661358252496794
-0.08050270179793924 0.6885189300147341 -0.19039324059935897
-0.07341017426686937 0.6932629290916055 -0.193411263155023
-0.07181679242614847 0.6164398523933926 -0.18479423832267672
-0.05677832958987389 0.5412911435473812 -0.10351139643168251
-0.0763996991568551 0.6807257372182639 -0.18885003564610925
-0.06583953968448723 0.5652046843737142 -0.16493958332556724
-0.002613389325728866 -0.12517158960062558 -0.010815518364604931
-0.05135724869487714 0.4831467948159009 -0.08253264030336706
-0.042933178714649134 0.4803274381365961 -0.08348237847290901
-0.05694360124163077 0.4718111570482474 -0.0856685475001914
-0.040151319829104824 0.46584055851141204 -0.08922507307202965
-0.07228474790857928 -0.786792964603894 0.12461142490205847
-0.0695963261827061 -0.7886780506382831 0.13170534406115703
-0.0720438388748948 -0.7602001083269772 0.16293664599898897
-0.09997959460483223 -0.7814978368229338 0.1673156695739716
-0.1140951421829226 -0.756345485540322 0.16515638287560472
-0.12083079088812908 -0.7813858354119275 0.15302312278080818
-0.12271122192713195 -0.7953145100068438 0.14413320361014442
-0.1254739725728784 -0.799567715003843 0.13388269105351341
-0.1258219284267945 -0.8045303605343148 0.1239204665940574
-0.12344011613298624 -0.7839083572835998 0.10707443396862654
-0.07640649479189067 -0.7896306471294711 0.11653963338598752
-0.0809752979274698 -0.7907271528153197 0.16775573651745512
-0.06768839295789326 -0.796106754348088 0.1556380477149919
-0.06594796781133667 -0.7737749227455334 0.15231508602801005
-0.06705125308944883 -0.8090481497573875 0.1490976354232144
-0.06995098309602335 -0.8082602653101281 0.13095297915450088
-0.07004833004373263 -0.8204836098161066 0.12575385950471551
-0.07300201873625325 -0.8081451381039135 0.12089673396117712
-0.07108246777606508 -0.8267951467380508 0.16441790982033996
-0.06892190979969587 -0.8168277142253244 0.15949498220480607
-0.07010094445095215 -0.7946747306603906 0.16050799358763354
-0.0914741988610324 -0.813206579072333 0.16510755558318668
-0.08648728678904899 -0.8426416429145326 0.1649098542467038
-0.1168602258651948 -0.8283377351874507 0.15124334567853742
-0.11437463956776495 -0.7986493492154892 0.15721503790576535
-0.1118662182685726 -0.8287811901350611 0.15597815080025015
-0.12377720786854621 -0.8168200252261484 0.13425754555150585
-0.12060445779640318 -0.826278685113412 0.14412434712804115
-0.12477140273904039 -0.822821885129484 0.12402925537923103
-0.12421019403196232 -0.8287994973816983 0.11380594470204963
-0.07636050292623454 -0.808247960461671 0.11279436256851347
-0.07211936871972145 -0.8448354614753131 0.10317714249982075
-0.07591941476881446 -0.8263346169294964 0.16739924244927867
-0.1804191239420094 -0.9452779588904703 -0.03799101110287403
-0.17701720357079695 -0.9465273864532837 -0.03874708938366434
-0.1816952236855462 -0.9438135078363283 -0.03572258056345106
-0.14403665463419577 -0.9381688682046259 -0.06381347160118102
-0.13907792918359144 -0.938536176402877 -0.0626936448859073
-0.1467023609077418 -0.9365562031218915 -0.06263172383777874
-0.16783293697541368 -0.9473091415072624 -0.05055613251197289
-0.17054792897187726 -0.9462514261701598 -0.04925259371863268
-0.16699461989170172 -0.9494644253901283 -0.047975176768548476
-0.1920955834785944 -0.9448585491946415 0.005262251822919153
-0.19350097052977194 -0.9449332357766301 0.007831425890288795
-0.19074385848066552 -0.9474036483324573 0.006526876803064589
-0.18660961117292685 -0.9485341616454717 -0.018509277659636746
-0.14394815245557538 -0.9340570690868475 -0.05924288382491704
-0.13648982115815764 -0.9284754416530965 -0.042986065273337065
-0.13534456397519676 -0.9314759574012765 -0.051395481988302134
-0.13012743583849934 -0.9413780141207311 -0.0535016233373042
-0.1238643502745696 -0.9382876665125974 -0.04097586619501992
-0.13109695730485302 -0.9445151278566779 -0.03936601111540462
-0.14808506033954025 -0.9378658287923065 -0.05218981572488486
-0.1423432854507958 -0.9345908721661333 -0.035225958759654806
-0.16952187246897074 -0.94126203207008 -0.04210335836479996
-0.1612117050133812 -0.9368017239741926 -0.0275589124836144
-0.1677197786502427 -0.9398162546076028 -0.04746020940481854
-0.16099631227812738 -0.9351280601724168 -0.03839424852285631
-0.160788931601375 -0.9373634653891061 -0.044014243587541725
-0.15953501232791323 -0.9462649232072478 -0.04810221762964015
-0.1511976244589339 -0.9448688714795467 -0.03845827527390489
-0.15742672096561364 -0.9482709204544997 -0.04214626494946508
-0.15497570563638854 -0.947326869645672 -0.03218636358671282
-0.174971374580968 -0.9376428624240654 -0.026058929981577782
-0.17041611132772294 -0.9493987980268772 -0.032817823113714485
-0.17328509363126987 -0.9511054542124521 -0.03314250021711258
-0.16589762664222854 -0.9478112616068164 -0.018218082555030754
-0.1778362134032875 -0.9507291443104948 -0.030197995339672042
-0.18192311933968455 -0.9439175795659399 -0.032172095416216955
-0.17685019272314823 -0.9368233375003665 -0.01342643713848345
-0.18945162278869387 -0.9419079158758561 -0.007100984009319542
-0.18698406106963197 -0.9358244520968857 0.005979483658436546
-0.18547609687259806 -0.9366321377875257 -0.006182081772877615
-0.18597974133114756 -0.9413025168046542 -0.01537046862961343
-0.18047345066085407 -0.947008441460129 -0.014506480275018056
-0.18124462036561406 -0.9498233653732558 -0.014166743708156685
-0.1825665063905826 -0.9503072605266039 -0.01145727728367796
-0.17915902803095501 -0.948086857577833 -0.003475265144810601
-0.18554837368018476 -0.9504811822365189 -0.011766201563645521
-0.1954509185851505 -0.9381613572835159 0.01699282357270163
-0.19365340077905652 -0.9358509728930036 0.012687970726352738
-0.19206621609404714 -0.9374706911914648 0.008334764527211054
-0.18666830211925245 -0.9450571832862222 0.008220533017764004
-0.1847555756695698 -0.942425577055243 0.012949457073438229
-0.1868901853750014 -0.9473001509788632 0.008939469920983406
-0.18875615430622505 -0.9481608219069063 0.009696454027439372
-0.18453991748952706 -0.9460502221600835 0.01950186080937738
-0.14735586232685935 -0.9360158723714924 -0.060836649372814626
-0.1420095748665768 -0.935462022203637 -0.0626414379813836
-0.13429784279284593 -0.9247341302838648 -0.03266671736409141
-0.12965345186167102 -0.9264872554054988 -0.039347807373578264
-0.13963773267938162 -0.9277746973243082 -0.030767250970634496
-0.13478605425251308 -0.9214477597828201 -0.02340562957776732
-0.13340138083266267 -0.9385236499514902 -0.058032776892901324
-0.13633124960737494 -0.942109882613691 -0.06006177398536358
-0.13493122660086315 -0.9439549697742893 -0.0567246162528962
-0.12050722966171942 -0.9231794849617652 -0.023272370615319254
-0.12436700095847218 -0.9275236764766217 -0.035791438590290145
-0.1389205183436398 -0.9445887354817712 -0.058272677504950174
-0.13637100046191772 -0.9456472928650955 -0.05227192509823389
-0.12794868827056205 -0.9419298379162406 -0.021676527357862695
-0.12105654623849545 -0.938314498494585 -0.02207492917508088
-0.13495321959397014 -0.9438391623702372 -0.029888971375664083
-0.1479232641786563 -0.940291195889982 -0.05722741593780013
-0.13885740803042057 -0.9430188442878809 -0.03325179936897835
-0.14212545436379906 -0.9399271504555256 -0.03576507718320751
-0.14013779580295352 -0.9429079292025888 -0.028726015473784658
-0.1707265639710516 -0.944468265374589 -0.043330180224137455
-0.15994335816390057 -0.94374813609223 -0.027421040556599763
-0.1622098039565265 -0.9404572590747948 -0.02895030548270599
-0.15589176863951276 -0.9460594502892815 -0.023304694530784324
-0.15834741008248043 -0.944971143981489 -0.02015681520506644
-0.17040318897997098 -0.942610110076971 -0.049482156447525634
-0.16775018174372677 -0.9415683323080719 -0.050069295500697844
-0.14783556750288313 -0.9300344286170328 -0.02821610779277463
-0.15452197716412153 -0.9302607623544061 -0.026574847464186497
-0.1590688533178169 -0.9326579717603051 -0.025588190936403125
-0.16215136443892267 -0.9441773442235315 -0.050066629886962304
-0.1631192393784353 -0.9490078954529724 -0.0479364812415122
-0.14322695499198432 -0.9318899808135355 -0.030011411116112007
-0.1477332508561469 -0.9361106206314103 -0.033717723218530275
-0.1472073132048503 -0.9407969066401145 -0.03494460992561315
-0.1636159407121667 -0.9499049011415495 -0.04435831656366861
-0.14973474694141994 -0.9460817462905352 -0.02265223544600238
-0.14573718907642355 -0.9450178102783633 -0.027267049194750155
-0.18005115434433708 -0.9431543996288243 -0.03693516786127483
-0.16611136025208312 -0.9312363266318151 -0.014892418943202203
-0.17204820672393725 -0.9307681125545428 -0.002580057256796357
-0.16409228221258998 -0.9334760455098473 -0.02024388227344901
-0.1757970938914539 -0.9495748633882324 -0.03782460655432219
-0.1604423995343173 -0.9349923280682886 -0.021567418628876393
-0.16372981910578846 -0.9386096615102463 -0.023285234668329182
-0.1629396062098915 -0.9427561459746683 -0.024238655977230225
-0.17645307679466907 -0.951550973470596 -0.03243798470377036
-0.17999498481340287 -0.9503604740053389 -0.035072843881535726
-0.17832312705019296 -0.9507557857805131 -0.03678417647463853
-0.16983935913876047 -0.9463463870492304 -0.009672118573596797
-0.15847971052853252 -0.9460684355891475 0.00031692590044390246
-0.18197163148508774 -0.9475938044600107 -0.033684015826890165
-0.17600861237195403 -0.9434453348711871 -0.014516727622746658
-0.17797640902064238 -0.940248357475171 -0.015308489814537788
-0.17370861236736657 -0.9441243854966486 -0.0059505742068114206
-0.18984603853045318 -0.9458054864577439 -0.01226556546865146
-0.1892283900633037 -0.9465127277271113 -0.015622516384800732
-0.18937132254717923 -0.9433223517492841 -0.014499529978328832
-0.1857046924832953 -0.9431606891153763 0.003225861970978758
-0.18743086640857912 -0.9396210746369801 0.0038256257964935365
-0.1883400244774259 -0.942920068700849 -0.016001556691324078
-0.1784032310388338 -0.9307908069271786 0.004101699633957624
-0.17866197169380693 -0.9333618419363523 -0.0025265644808620505
-0.18341936920074844 -0.9462301078960538 -0.018534718171096393
-0.18361969196887 -0.9498180695055394 -0.018063723453697757
-0.17588392541083483 -0.9344675389733637 -0.005638674658153271
-0.17903056895896896 -0.9365494726237393 -0.0061846169560665935
-0.17827989256651033 -0.939470793861555 -0.007829933396341604
-0.18462447290191286 -0.9506608861730357 -0.017167500160681182
-0.17560542700568638 -0.9471443862758155 0.00251444272261785
-0.1747328247814025 -0.9463064221349086 -0.0032049827396749323
-0.19530326706561735 -0.9421391360594974 0.011378212052284028
-0.19499203216515998 -0.940575332550933 0.009109240503935006
-0.1903368036865585 -0.942851771154777 0.02555602107854236
-0.19079680587767203 -0.9322684587887812 0.01964929231951322
-0.19032361453965832 -0.9314219706397291 0.02910407898101263
-0.1883095844889174 -0.9322253391899726 0.017052157698031846
-0.1890282668301005 -0.9427620207720689 0.005265573790926902
-0.18925118683942646 -0.9468145880584635 0.005639919553311313
-0.1879480154921285 -0.935189081084572 0.013922255079120616
-0.18605411362499502 -0.9384467852569569 0.013100445650352075
-0.18617190392026325 -0.9332110134568536 0.013638722092125669
-0.1794841972588158 -0.9482904284427797 -0.03846216351878053
-0.18128239520880035 -0.9478827847077786 -0.036837961223364274
-0.14134064166066224 -0.9418614549514568 -0.06231652273804059
-0.16947621754531986 -0.9443017242160165 -0.050862987558289885
-0.19382609585140675 -0.9402078495005695 0.006686344067076265
-0.1881390122371755 -0.9456036982741678 -0.017510086015509012
-0.12982278730159982 -0.9327411415211031 -0.049698216277231186
-0.15804924481756272 -0.9395285248731697 -0.04574210780775566
-0.17941701037525287 -0.9490472558942182 -0.028974751157633993
-0.1873077612544213 -0.948028779129287 -0.0077557810665645
-0.19294602409365666 -0.9451504955229466 0.015019823907620904
-0.13638447667332174 -0.9360743162837349 -0.05925652615183334
-0.1186829324352824 -0.9336586882601636 -0.024691002086741912
-0.14586306764092458 -0.943051660273116 -0.05373379702331124
-0.16939940492833122 -0.946854374084612 -0.04351804037467278
-0.16658889310972744 -0.9428696229723006 -0.05072425459242205
-0.1453008220811761 -0.9431260076966608 -0.031799695072183276
-0.17379143466222918 -0.9448249572759432 -0.036037840355284484
-0.16203777017833665 -0.9451585180229752 -0.022335288547929665
-0.18691886377553987 -0.9500829797366506 -0.015576705123302689
-0.18421674501523674 -0.9426585132268561 -0.01693239012409572
-0.17674603067187694 -0.9428480052691122 -0.006664346809767781
-0.19189815885299413 -0.9472400802769549 0.00959148023450215
-0.1908692998369651 -0.9343006463196806 0.03291336950392359
-0.19031436826234374 -0.9395569645855895 0.006472142479041476
-0.18358661543995547 -0.9417697577341655 0.014113519177547726
-0.08608509511747169 -0.7919009465826427 0.10422350272817119
-0.08598340700737257 -0.8115089867871145 0.10036573874785366
-0.09167211599319128 -0.7946028016653808 0.1002465776870067
-0.09779165018899814 -0.7782487766716831 0.09935707910759127
-0.10963263957364461 -0.7974043754339981 0.0982309515879149
-0.11574042367967252 -0.7980414686126689 0.10095743290197275
-0.10367147544961178 -0.8090471546650304 0.09558555942694014
-0.10871676148149288 -0.8137943891492212 0.09567944499693193
-0.06575664337564831 -0.7358853688171737 0.1342627690092201
-0.10214506794589959 -0.7371209019744024 0.17200998732839629
-0.09618412222382976 -0.7198202359596043 0.17400294781452857
-0.1344666063426248 -0.7372456750431051 0.14674960979953475
-0.13133270765753857 -0.77537574808174 0.12434441839050885
-0.07318827841989443 -0.753935531780669 0.11957142120096695
-0.08806065237695042 -0.7339943515799743 0.1720980157760011
-0.06524289213922418 -0.7627318098094132 0.14468272672878765
-0.08478799927602934 -0.7665903119054163 0.1071678387886506
-0.09783710053079718 -0.8070811252678332 0.09618671393793114
-0.1056187430981808 -0.8277586100306834 0.09120708973536805
-0.11178034318848537 -0.8271088299956644 0.09366134249000063
-0.11565083301188302 -0.8402467963900889 0.09174943824020976
-0.09948978621672383 -0.836124754778625 0.0883775863776121
-0.120637656988389 -0.8587666412138422 0.14521784458700837
-0.11007626969016682 -0.8508500782940025 0.1560940106481933
-0.07869793292265052 -0.8469754753318155 0.16887212347650463
-0.08299883311462454 -0.859163254281553 0.16781352714857664
-0.09380317364931522 -0.8429360541587827 0.16078672144780873
-0.08591470692316544 -0.8560050986692782 0.08666277109709518
-0.0793680935464059 -0.8605828169552706 0.09112226737314588
-0.11129045895227747 -0.8543331769910181 0.08084433937308501
-0.10214600188897592 -0.8517085162606561 0.08132653509186194
-0.10478264077654928 -0.8611321298089349 0.07474911226617503
-0.1171994187554697 -0.8517342356648767 0.086372272267695
-0.12165517048526746 -0.8514603821244562 0.09290847516371296
-0.12176906579592094 -0.833271217016778 0.10472178687311862
-0.12045900593320573 -0.8087861542895121 0.10673593084171558
-0.11886121720169597 -0.9042039362397515 0.00929810345564236
-0.12451386168507966 -0.9096935571417175 -0.004473688977179877
-0.1288172531103555 -0.9053422046290908 0.005913907770460174
-0.1352094677671123 -0.9048514534101446 0.012202318818879891
-0.15704587251153956 -0.9168242403550058 0.013902202390883843
-0.15785092387442987 -0.9087333513653391 0.037989579203960074
-0.1623883835727939 -0.9147211463575857 0.029530924602224076
-0.17334817678638942 -0.9191759480375047 0.0448868956980814
-0.16784489398698588 -0.914586158440408 0.05315171442036606
-0.1739173295422582 -0.9208853465364384 0.05876159873342725
-0.17932015929036185 -0.9277503700267243 0.05906264808786534
-0.17767263816535628 -0.9322807630731054 0.0658560427591469
-0.10461223187752554 -0.9135682731366706 0.01913594701279945
-0.1139225251563515 -0.9184978056960136 -0.007118159071552922
-0.10771393489698572 -0.929827604615226 0.007393282383631764
-0.11516477954214638 -0.938134521028074 0.018104603829489824
-0.11878290023760979 -0.9395414867277362 -0.0007463335417363397
-0.17727757641060565 -0.9380706447792986 0.06313070446012396
-0.13082229845399004 -0.9419199692553725 0.023255610415094472
-0.15798396352794442 -0.9451611712816212 0.03730567020280902
-0.12934612548720917 -0.8950964000417794 0.02810922994734444
-0.12284412187358888 -0.8982717690673196 0.019483588817018043
-0.14137635053137218 -0.8935455185297504 0.0423501732096719
-0.14933482929167352 -0.8981331183034393 0.04929703101898991
-0.15671023463866698 -0.9035518028794998 0.06243102210582163
-0.1609716470999203 -0.9106646255239921 0.07316287803914583
-0.16338812207665046 -0.911112084766897 0.06427656423486099
-0.16446889069442833 -0.9213288446892429 0.08277929970736794
-0.1621829214844385 -0.9270144107528935 0.09128212875543625
-0.1495137349406497 -0.9056919691742702 0.0957378148564127
-0.1569052575785751 -0.9092637413184713 0.08263905057571891
-0.1483783086614433 -0.8936190006938303 0.07905429235112818
-0.14150281512848092 -0.9170848542717294 0.11565866886017888
-0.10849310432347764 -0.9185510865064217 0.1639188646655339
-0.1129376824457828 -0.899847781199961 0.15191371430663117
-0.12649573900519442 -0.9121245767637024 0.1379982403083361
-0.1355908560554118 -0.8911763792453843 0.11614459069295532
-0.1226994540764583 -0.8969201430322606 0.13936927842948166
-0.12618280840515883 -0.8838895619985605 0.13304304805671904
-0.11416571103409642 -0.8848614690509164 0.14922163162784302
-0.09136991171006474 -0.9157661644425714 0.1779233956620432
-0.09134639129549653 -0.9239074585643137 0.17768692929553304
-0.0794735464356536 -0.9203389368645011 0.1800201428966075
-0.07612318262777051 -0.9057757852282846 0.18031835411969852
-0.06388152300126022 -0.9121624237722306 0.17294343902107254
-0.08897577581446174 -0.903966037612231 0.17735749240766127
-0.09581516154104572 -0.8823010198189289 0.16323350824565594
-0.09345788982193863 -0.9050630494002438 0.17407199548874577
-0.08108121474944813 -0.8736689005307376 0.17178042849770817
-0.06638644079291495 -0.8945101050343836 0.17294652649235942
-0.06965391755154648 -0.8815824238267267 0.17254798017432324
-0.06393134266819071 -0.8820008793360107 0.15484101611154824
-0.05758031703486395 -0.9154291718307791 0.15491850137667287
-0.05807693468768545 -0.915715916932418 0.14630962764501365
-0.057631551666184035 -0.9243192819562279 0.15726523654477875
-0.10800118248727565 -0.9066790042128885 0.01980973513355037
-0.11424635830540146 -0.9003736225571954 0.019928515675012148
-0.10870713278034594 -0.8962328580823268 0.031754520642406414
-0.09928367921703689 -0.912451103111776 0.0335465523240014
-0.1484001985529829 -0.8937352016867208 0.0643094264461235
-0.13111111367041306 -0.8775241242762293 0.06254354883599733
-0.13168243685447045 -0.8859180178404232 0.04513451924165238
-0.10973695385702123 -0.8846719411816919 0.045417676361725105
-0.1194408916413821 -0.8817998913731897 0.04687285483730217
-0.1131706629071373 -0.8751315323319757 0.0577609526130155
-0.10184024742403075 -0.891884013792547 0.044625322384406536
-0.09346585343594206 -0.8902023432460153 0.05723349759094038
-0.09634349409243145 -0.9020114836898172 0.04443523789517975
-0.09384692386238844 -0.9112371502127969 0.046515483171901434
-0.08831855222526774 -0.9105744508710231 0.05997643439112054
-0.07924929235430782 -0.9094462088133999 0.08123259267717377
-0.07925653424232824 -0.9010179825952009 0.07611764172758903
-0.10073966078720387 -0.9261035997100904 0.035975168193227665
-0.09383548031488453 -0.9234127229806101 0.06062976801581779
-0.0960356159595729 -0.9285681811407789 0.07424333855671454
-0.08654427757915507 -0.9223823829475112 0.08182696159020754
-0.07172288568175814 -0.9118632374015176 0.10364801643723363
-0.07133328230031519 -0.9041929519568883 0.09917688785084883
-0.06830359419975944 -0.9132392439613393 0.11544137725092128
-0.0596578169469203 -0.9159923237689162 0.1388961800461874
-0.059681251892505775 -0.9229307676538878 0.13767663726696155
-0.06555403885163785 -0.9014938606725653 0.12550906344059953
-0.07119332022020464 -0.89318754159766 0.09794104419310279
-0.06768928598757365 -0.9051046800449706 0.11548190194349917
-0.06816028082947748 -0.8836153445449197 0.11334107814669285
-0.07633002942838271 -0.8909912884649344 0.0845872103025497
-0.08852466704286176 -0.8754322308748315 0.07451724924639094
-0.1626836965131537 -0.9389237453315652 0.08317057042614355
-0.1664838315532629 -0.9345220283126486 0.08341838687330676
-0.15450890496693523 -0.9317964928292468 0.1013902098983383
-0.1498661176206216 -0.9358047853415801 0.10431508832121829
-0.13177114803529333 -0.9343509088982631 0.12720324908392325
-0.13571706081262735 -0.9302843403180225 0.12478031561877696
-0.1203373564904828 -0.9276393515890813 0.14776005975180043
-0.10714525993469247 -0.9319786863722416 0.16351032370867585
-0.10286874052726638 -0.9368042646837074 0.16260795058515784
-0.09830124009591366 -0.9319710729739319 0.17073456872645495
-0.09728746335675066 -0.9366197577375803 0.16692762073148157
-0.06935292835984791 -0.9300787148681009 0.17361525961340998
-0.07684824280317903 -0.9299954620805108 0.17667444123691028
-0.07477147286550069 -0.9348144380059563 0.17291132082520655
-0.08473189590055645 -0.9284761396851862 0.178041346779318
-0.06316731854833205 -0.928336166729157 0.16931516137718064
-0.060263327713459 -0.9310401571221847 0.1437132940170123
-0.0586085134884963 -0.929520874997648 0.1543820471432902
-0.07250471362674583 -0.9249652923503981 0.1121004952040361
-0.08619176639815496 -0.9268200223710368 0.09193632317509971
-0.07942422123848343 -0.9230460522380197 0.09756115404333199
-0.1218303426446892 -0.8636257560944728 0.07852758613666831
-0.121314335878461 -0.8720137931123104 0.06386802787006152
-0.09762729687782934 -0.8698683527913416 0.0701986494417668
-0.10820294631768373 -0.8687244651522957 0.06706327202459789
-0.0796693892024985 -0.8725481031146372 0.08682961814577662
-0.07062593308172659 -0.8833857819759541 0.10303316964058956
-0.07417504848571853 -0.8712943231720152 0.09600198718159036
-0.06652889889604648 -0.8621634004186752 0.11564969082764949
-0.06624945667471793 -0.8703178548186543 0.1370468821998319
-0.06631369041650542 -0.8644279897339899 0.15349827130143917
-0.07012042257829379 -0.8628284876579158 0.16715586313813513
-0.07472852793912367 -0.8769409890346773 0.17380159187243838
-0.09237953472179106 -0.870693410437305 0.16300652398402246
-0.13846899097794577 -0.9414824167921025 0.05971698676204861
-0.1534937182171134 -0.9401648453929259 0.08943100605726621
-0.1437784684205379 -0.9414482260175632 0.07875112705647548
-0.12251350670773824 -0.9389571315485036 0.07872657275837058
-0.10701952696135343 -0.9337987409223507 0.07013138047272854
-0.1227655687842826 -0.9386632355070735 0.057217683592500374
-0.1114437389926931 -0.936171933790716 0.0779910307005676
-0.10797271723121812 -0.9337013503443816 0.04793033024464185
-0.12819069180192133 -0.9390523392581337 0.11839377202875762
-0.1397007673599134 -0.9379173105006959 0.11122628924765315
-0.11046343183704257 -0.9387250020826765 0.10314910766238952
-0.09892117861833324 -0.933604004644278 0.09010758635184857
-0.1034876283343191 -0.9362845786412165 0.09518444223599358
-0.09416810142405498 -0.9302360002042396 0.08644123297559075
-0.08345824703928875 -0.9319675743130857 0.1062373126243756
-0.09046812729005001 -0.9372593828227818 0.1158405045588694
-0.10780011776152311 -0.9393540595290182 0.14040628470922958
-0.12592814264265587 -0.9369925944771502 0.1298896621612107
-0.09394969999487103 -0.9388828802465612 0.15749467979855453
-0.10826496132730219 -0.9376218235163725 0.149317508206395
-0.09774012459191331 -0.9385398437050769 0.1616433564226983
-0.07403229888108415 -0.9368582386522946 0.16943805458785036
-0.06324730033033713 -0.9345798743918632 0.16437436895958768
-0.06470901643612814 -0.9369715809523294 0.15206680773770997
-0.06729348554436652 -0.9372225288624849 0.14126996514823856
-0.09204967855692091 -0.9389129781853304 0.152860234811452
-0.07917467419771229 -0.9378096486078906 0.16558640950351064
-0.06741612229138255 -0.9374637565398629 0.1568461001212299
-0.11325977024047394 -0.9316225942998347 -0.009433240892759044
-0.11853811568941126 -0.9284490273068571 -0.024222340848734765
-0.13578020810481742 -0.9437102704049453 -0.022807880164737015
-0.1691853766336252 -0.9461790085031822 0.022803350230215114
-0.17346933925643196 -0.9454528615831612 0.04491615241682707
-0.18314125950609486 -0.9401267731111577 0.04881999193933741
-0.18554221120418332 -0.9307151978157397 0.04729522852802217
-0.18009664017540827 -0.9242486392614231 0.03728585055482327
-0.17049072170465396 -0.9244477957474324 0.014211742888902278
-0.15719783513930405 -0.9239342275408537 -0.004299075528124466
-0.14726289672323592 -0.9241622552410167 -0.016024084329690408
-0.13000680030959857 -0.9166415480580652 -0.017322219788628166
-0.0689506202654263 -0.8465563205685938 0.1630251829420244
-0.06782688331576124 -0.8395124805851131 0.15728649631097572
-0.0730325180858138 -0.8466456977334345 0.1678466769166761
-0.06699003537934214 -0.8470930598136373 0.11895967438032527
-0.06843433361193162 -0.8446856305045094 0.111339371389763
-0.13345085619827596 -0.8779026418395534 0.11198715054700098
-0.13427469501005065 -0.8740981964078272 0.10130914358689623
-0.12812086640275755 -0.8622037170138681 0.09691036443700594
-0.1352509031666204 -0.8751380796339807 0.087747252572794
-0.12641143243227973 -0.8689802149997226 0.13132999438952392
-0.1275808091073702 -0.8619682488646829 0.12108358665964168
-0.1256072331031642 -0.8465226711565923 0.12364491776177557
-0.125951019107804 -0.8507830945458734 0.11163246268631143
-0.12435108671822613 -0.8510641006436671 0.10146960620648783
-0.020280192433871413 0.5519093057446953 0.019810037110581102
-0.031671514892475244 0.5613442518888997 0.014688073207093148
-0.01124727219182659 0.4865404159659806 0.05600995260300225
-0.11483642555501494 -0.4887311083879793 0.06426927358812912
-0.0973846472627761 -0.47994429596331956 0.06900546377530221
-0.11095263459049631 -0.497028050452626 0.06940978534680296
-0.12389227649594652 -0.5069729609098756 0.07032049697688912
-0.11934623824486656 -0.4987712525029445 0.06738442768264323
-0.1335158734162875 -0.502109773239168 0.07255805156529033
-0.1216986021609406 -0.4806097110283164 0.0598552608675458
-0.13022133261941565 -0.4812466553555156 0.06336655743050705
-0.0994010307128145 0.14483777201399892 -0.08373763979415673
-0.11798117149861177 0.11022670857217637 -0.0716822473459284
-0.10253136985078 -0.18398579742082483 -0.04289045306666447
-0.09991893753022313 -0.2203709460355649 -0.03297287742061704
-0.11539806336006375 -0.03147512024978541 -0.05875535577075202
-0.09445420293730102 -0.27678454542569847 -0.014075255460517626
-0.10055248339401912 -0.44140154846576096 0.04016425552282361
-0.08471883661274975 -0.4605924410429323 0.06901106326741809
-0.08777722473253109 -0.4723397789206827 0.07352787515445319
-0.1036668766941371 -0.40080989553775415 0.028246096132949296
-0.11036680807865133 -0.346677572375532 0.01176454020870218
-0.11521960249696685 -0.0018056044060142642 -0.06319110920463046
-0.12653397942496766 0.0010685053369576278 -0.059415987210544086
-0.08384112230109257 -0.3538719995504188 0.017765365873875564
-0.10181808140192779 -0.4272735951545293 0.03480120136661891
-0.1136577081850432 -0.054216739798871816 -0.05764345212963311
-0.13154935172038265 -0.15472489248582838 -0.043952797848832034
-0.11441941527216835 0.1874055044060579 -0.06762130587600698
-0.10455337290682579 0.1788478344237607 -0.0785518328445587
-0.11999148359986084 0.07210296880090616 -0.06461283061256685
-0.0970818786894833 -0.24950669729151304 -0.023968864674047016
-0.11573298191430795 -0.3196481765360446 0.00151457498322908
-0.1306784305157539 -0.11817337855518728 -0.04896045752413741
-0.11727936021145559 -0.11999795598914498 -0.05245442049033931
-0.14145787386712713 -0.10158555310937195 -0.04397488219217446
-0.12868139865168268 -0.0984672045018995 -0.05033636466874956
-0.13641667540234043 0.14583283446054443 -0.052663387552660645
-0.1480016426790973 0.1260195078560769 -0.037548286491030314
-0.1342269277180077 0.011180604094592319 -0.05251181413214594
-0.13782679021873812 -0.0009984390493953368 -0.052699384871201294
-0.1570600734652108 -0.1719730512462238 -0.021908257951099564
-0.17093967390926473 -0.2131751581237915 0.01891939716854488
-0.15273566094159022 -0.2585176963779399 -0.0027495041909383696
-0.14754383054852482 -0.28960603732538875 0.004902244617258102
-0.13848099689558077 -0.3302399760894711 0.017046583370066662
-0.14337973659803036 -0.38739295282033326 0.05393970173142708
-0.12269044876674406 -0.46571560927298905 0.05202434474596613
-0.1258626892362236 -0.4307190970927876 0.04007296255545642
-0.1287252475967282 -0.3735169113613841 0.029114289422167147
-0.14545448034214756 -0.0670716845287202 -0.03714333405619103
-0.15517392479109535 -0.07422342129615189 -0.027406179236399215
-0.15076131416835384 -0.0950085257795179 -0.035654930955001544
-0.14266044580595189 0.19273208833001032 -0.020775619571142833
-0.15764941991744025 -0.024082274341680972 -0.02895828723210633
-0.13122663659162653 0.026907743252096078 -0.05245035116751974
-0.14323147207030062 0.1789719140156303 -0.024457226654317564
-0.1444303929386016 0.09875526162880549 -0.03855897991570767
-0.15897107240190328 -0.31357720071362627 0.03921058161583282
-0.1435108431064658 -0.05442543492284657 -0.0401446450628575
-0.1445711058260958 0.07118230608942022 -0.03799745532208101
-0.14659162991268743 0.15770131123198838 -0.0302551474194705
-0.13005324353224132 0.05775794848783163 -0.05467819017577164
-0.1369719149644495 -0.4849018815464233 0.06999451459824725
-0.09661857956418378 -0.4878919118185798 0.0739059838317915
-0.1385841270660003 0.24336320287886015 -0.030540826185479788
-0.12732177355832006 0.229509009406078 -0.0487953200924397
-0.13817302025933487 0.22369127787009438 -0.03040072718564916
-0.1440960646181637 0.22148419723969248 -0.016774068738221747
-0.17045427583739825 -0.07397365240323717 0.01448916787460307
-0.16290222424261283 -0.0738080365267122 -0.016211504517128373
-0.13097879142643032 -0.03382725221444058 0.07798375716815893
-0.10810940623451294 -0.02469245596056604 0.09859423540880953
-0.09770089163697385 -0.020863738689056024 0.10731867609343855
-0.08872075760505878 -0.023251052626730963 0.11476213382780548
-0.06071629980918375 -0.030234380664201584 0.12849050350026683
-0.007313379686119769 -0.12750172890027117 0.005562230684864689
-0.011629081399815045 -0.12946016692188622 -0.006947452552625312
-0.14517837205786294 -0.07479174040821435 0.07601118990402632
-0.050968081629440075 -0.12056580859837568 -0.04307065294772131
-0.03192171668435198 -0.12591046198144412 -0.032954670973898044
-0.16361935270002462 -0.074386643105464 0.04856203181641242
-0.10362726377576506 -0.12406678524963033 -0.05295763564981628
-0.01701398744628494 -0.12984581318984328 -0.017516451493087802
-0.016649255302695707 -0.13353475528260939 -0.009736294128728246
-0.13167680274689264 -0.06522294142029994 0.08682082722363575
-0.04020271600870954 -0.050222187008691854 0.12872053181137916
-0.016689855189958858 -0.0605674450854326 0.12384582798860792
-0.006245869740965007 -0.053324331000514036 0.1231124668846029
-0.12415058419564542 -0.07274306246434348 -0.05032389987557753
-0.15277376189348177 -0.1105678973403299 -0.03339617242439159
-0.07293550271578017 0.6308600297949561 -0.1903704072054484
-0.09802793414536089 0.479084990692065 0.09800707041529777
-0.08948695419943174 0.48462078934279695 0.09229098063529219
-0.11076997629985517 -0.10853424519649775 0.10179564709178075
-0.0841146665700285 -0.13644575884544763 0.10382899625741093
-0.08357247206271881 -0.160149396760135 0.10811097089793267
-0.10987351994188607 -0.38886645006017484 0.14778219505707144
-0.13541924999365185 -0.4444611177315252 0.15211141376722073
-0.1392654114222325 -0.4698376840546311 0.15851614741428652
-0.1183315533360043 -0.7114062420152358 0.17057986199661376
-0.019936910733087457 -0.1284833958056295 -0.04943350725919146
-0.14270892113695274 -0.49369417854216935 0.16245911523073803
-0.01499567408858458 -0.1266526130643213 -0.05460528839969703
-0.007542906739825028 -0.12378829042744915 -0.05751500657185476
-0.11259361551902244 -0.12470905833509804 0.10143655746941607
-0.02155612407713657 -0.14105766311590012 -0.011856078395651573
-0.25258505704607503 0.3736889709199214 0.07253479706441399
-0.020382143859094388 -0.17383455479834514 0.00652485310269925
-0.028170348931491816 -0.24864614696450288 0.04679058380369834
-0.11923809682058864 -0.3066339368919161 0.13204069639992427
-0.01438973118906884 -0.13962162542745954 0.0015359867150013258
-0.05168492991220199 0.23397944795857908 0.08998957278735373
-0.02655769201848439 -0.12225734829309826 -0.038147293937082216
-0.03534372784772164 -0.2923842864245442 0.06905605582428762
-0.04626126793242914 -0.32807858917348987 0.10305549603753068
-0.04349299616650423 -0.3434802184682205 0.09168959650238417
-0.051694141881027264 -0.36230565470627246 0.11797337033041616
-0.0480877412191551 -0.40366027417858896 0.11837151060208169
-0.06768347166316668 -0.4453047810349444 0.14222060922528076
-0.06173525620678964 -0.46345381641966055 0.131853982095321
-0.06593900306593936 -0.523250109450417 0.15918205271165106
-0.054708781865802074 -0.5733323306626952 0.14976405273842486
-0.0542876322149325 -0.6213747125423652 0.15215683426606766
-0.06763231145433289 -0.7060569143330496 0.15865231691897644
-0.1464668062416354 0.49553333321122517 0.07780039143236515
-0.1357264996003678 0.5029556196840365 0.07778596772792987
-0.18803058835973538 0.3918036298966243 0.07795119843617522
-0.24322697408746877 0.41821513456627263 0.06148529191932547
-0.19339596283086657 0.37657148434532234 0.0838527510192462
-0.2453594605294958 0.40130711265439567 0.06829557461230448
-0.05210502895491316 0.19684313734888592 0.08191555193464956
-0.05990002489008948 0.28537034379842635 0.10310343339339559
-0.059593470264012724 0.08804390404670874 0.09838055319575617
-0.1338453139991809 0.38158671527219035 0.112822780725946
-0.15035874455670586 0.381588231397221 0.10494668913256336
-0.23533495384575623 0.3312867894154772 0.10007609761521429
-0.2446285091305744 0.3325326759194115 0.09630820842762997
-0.2575478701649081 0.34428286917073114 0.08026379765932899
-0.2104956323692861 0.35829925756255626 0.09463536267957967
-0.23199975980502557 0.4273382720297952 0.06516744873130924
-0.07453942795505204 -0.09067816265490891 0.11247801883281573
-0.09186275213509931 -0.062441974535024536 0.11648648923456648
-0.09084532242998776 -0.07341348670436765 0.11416364790643967
-0.08477071385850782 -0.05292531339120498 0.12018763666699026
-0.07914492467242765 0.018846239372405597 0.11351856188871691
-0.07854613069372338 0.03569276838931201 0.10833232429744818
-0.05868062099271429 0.06624063672956645 0.10411544326044507
-0.03160448759618388 -0.26769478969839455 0.05739132269677996
-0.01830476389367879 -0.20698821708162835 0.04536821409336785
-0.11552808075228767 -0.21712697209970383 0.11685799239328626
-0.09495733833974461 -0.2617166200852068 0.13168844445627156
-0.12317976661946178 -0.603113288765066 0.1840802382538238
-0.05396331631973605 -0.5996100729764334 0.1548329032898413
-0.12920115602363383 -0.5161753199691143 0.17858079811856972
-0.07096876063880862 -0.4820545604420364 0.1496469294395847
-0.12010032148806504 -0.6658824206235906 0.1757160828731352
-0.06147555618177567 -0.6677957431770726 0.15030411131628854
-0.024482880773932764 -0.12487792418615351 -0.030860358249166504
-0.01857526987560096 -0.126064279454987 -0.02939028940536971
-0.07715073332992038 -0.003198105366570723 0.11914650681381768
-0.0738663215107981 0.1254543901097654 0.08650978406134185
-0.07691000695433368 0.0694322228162399 0.09931183599954771
-0.10725440913726961 -0.7984106348012193 0.16204860545657002
-0.06808474775663534 -0.8363499400011344 0.13628631412102796
-0.09772463993584675 -0.9167307717735667 0.17331150227376707
-0.10458244319324554 -0.8962113012112523 0.1602693380782256
-0.1018745271631249 -0.8834814129081094 0.15922064312185874
-0.06787868868443067 -0.9198808807668355 0.11855053555621094
-0.06379170777966177 -0.913198269620134 0.1282767325294085
-0.06478766535408266 -0.8838338450248251 0.13872015904501425
-0.08595975268538028 -0.9354661000484212 0.1736910279904576
-0.0903450238648738 -0.9311252979245508 0.17559893739417437
-0.06305138586623313 -0.9288933408664064 0.1336705568524339
-0.06749631780839943 -0.8522430264765684 0.14425255556328406
-0.10425219277692765 -0.8723749069180812 0.15706342495847517
-0.08467976793004085 -0.9376450216380686 0.16956376688020497
-0.07061164929567919 -0.9366258038737951 0.13241765880837844
-0.08135115171932127 -0.031111622169668614 0.12019354474762153
-0.023160656509652263 -0.1286052612271631 -0.025512067179378643
-0.14276365347261624 0.4183498688987321 -0.07406560724732131
-0.10015620781308546 0.3044195331448064 -0.09332031849384016
-0.17328522235512137 0.5092324842825692 -0.017014692521801957
-0.15733875376169504 0.5303459832752097 0.00475906448922891
-0.07199333844127924 0.1243147462082609 -0.10746671044805543
-0.042549206079005746 -0.022795161367002048 -0.08942821126587745
-0.09777728085072578 0.29500625607824 -0.0912991287485656
-0.04761629515292759 -0.06974550047264466 -0.09394852204829271
-0.1586988439396457 0.4941575045082247 -0.033704312058592416
-0.04552839326041097 0.0033035817220092595 -0.08837110572308936
-0.16911194967373003 0.4663080673893535 -0.046261764994330476
-0.1602893705544453 0.4696913609836362 -0.04667062296201055
-0.08447586029448406 0.17649141964039247 -0.09926056645610812
-0.13241425817654098 0.3690007694151228 -0.08841697909485888
-0.02158221425393687 0.4804214187148191 0.06171475734673417
-0.15384279592336014 0.5198447216739207 0.05019975581260862
-0.09636066628520108 0.5123819797401578 0.07572617730711606
-0.08920583814748465 0.2555291313604854 -0.09386159786321596
-0.08326480416856913 0.07694738534809267 -0.09028039139530028
-0.17457231923776054 0.5192310325505932 0.027373958077914824
-0.11745854896136695 0.34782213674098317 -0.09747972574130952
-0.13024855771702062 0.34405026586684107 -0.08881525738324052
-0.1168559941823833 0.3251137294950255 -0.09338108835199822
-0.030535272343442485 -0.10526042782333733 -0.08762351714728014
0.022576733936057584 0.0020909675319408533 0.1192232781948816
-0.004529733031434545 0.01664472710710702 0.12228380376617523
-0.1118195606851446 0.6827661431203741 -0.16586746662332766
-0.11869065890840247 0.687936268759636 -0.1597548036517357
-0.12105933250272281 0.6931941838020095 -0.15675411187539462
-0.1264540709576998 0.7019380036139331 -0.13465209839234696
-0.13064620715424666 0.7054942652501898 -0.11592456266892506
-0.13323018811335244 0.7196184441740177 -0.11230639838677481
-0.12999376156731945 0.6912896469121825 -0.07652430767608512
-0.12517412419221863 0.685461028774944 -0.06665828952528889
-0.1250859340227152 0.6865011360370107 -0.07248679473564859
-0.12593665691082384 0.6883147581243644 -0.06763687527485393
-0.1274749142518022 0.6915858491613102 -0.07343991436972991
-0.12782084927588167 0.6905647902675853 -0.07422302381091254
-0.1261984826810375 0.6867420203398955 -0.06630985980201687
-0.1223329502267624 0.654529697582087 -0.07188596540334923
-0.13264048394112815 0.6599673604811912 -0.06751152044958289
-0.13247942804861834 0.6634189262777694 -0.06563029462215944
-0.1251073159285618 0.6669485222421119 -0.07517791839469895
-0.16620328943915108 0.4104588011350966 -0.06281183726660794
-0.19247654087473592 0.3817676585913016 -0.043594417535808914
-0.18608133944164457 0.38242079149318964 -0.049847029601588363
-0.12091316583812309 0.2876553697494012 -0.06971025572178911
-0.18983937648675286 0.3730370862357095 -0.03824683691021069
-0.18243431362479698 0.36399554472467255 0.05309125071478377
-0.18402294678525644 0.37456007682948983 0.06213685614140176
-0.18289793786177186 0.3760544560116591 0.07373499314621171
-0.08788139610864593 0.39595494497810474 -0.10315706062207207
-0.1313642772202109 0.28909412971250753 -0.056508111648619276
-0.19327619119299538 0.5005588768576716 -0.02160804458354124
-0.18840430523053872 0.5098765460462 -0.010467649057617124
-0.18160394804667007 0.4863390506366739 0.06360374057576729
-0.17645760405752337 0.4776224461146449 0.07239848412274548
-0.18329444802139616 0.3719478829148686 0.06646027091013915
-0.212291392483523 0.47210483241373974 -0.04487317459683755
-0.17563245413159442 0.359679697299329 -0.006617958041178223
-0.1296543938632612 0.25976133152927094 -0.049084298280536176
-0.17575472167765055 0.40052218373601844 0.09184130832015122
-0.14696599323270987 0.2865798504941554 -0.030080091170591843
-0.17757423245159132 0.3612172423754828 0.020398391256405645
-0.23463130401171278 0.4778671198769921 0.01579029522132816
-0.23277014277830196 0.47284478026567595 0.025448643161528027
-0.19852613182620646 0.462706035698904 0.06732693871563872
-0.1766953380191659 0.4092198274466304 0.09147158372946415
-0.1888989275315251 0.5134972137273567 0.00039731377296336963
-0.22187954884799124 0.48493215360331426 -0.029171973139257526
-0.22339868228428353 0.47522460318538307 -0.03900019421772244
-0.22943231592391755 0.485497422104978 -0.018660460686685757
-0.22068365033302173 0.4652288576904213 -0.045934173015031894
-0.21648157525643782 0.45416162371071933 -0.04973301202786067
-0.22061382115316852 0.49402022908271753 -0.00518914000572038
-0.19294213827364778 0.4608698842744269 -0.05004706008092402
-0.21077152893878853 0.44320320732328056 -0.05079919267777863
-0.19061379958012833 0.43353764542002016 -0.05267260549685843
-0.0842914059969205 0.3624202137026167 -0.10817607603118969
-0.11452219457117017 0.3700170858972338 -0.09870814618022129
-0.1596890362700689 0.36950567725382866 -0.06918406146609644
-0.1497808248310099 0.3579064317018341 -0.07544026606947596
-0.16931238712260072 0.37572613569772606 -0.06228267101756975
-0.16844960243605098 0.34673636888548864 -0.03443991676312056
-0.16729375450721434 0.34271345164864175 -0.015070989599292177
-0.1775344530001904 0.364519637468633 0.011838876011246908
-0.14017607963589646 0.26206758668896535 -0.03155967208742085
-0.19779487638928156 0.49322170747190697 0.0434794403060804
-0.21276427977567935 0.490227311983562 0.029182696493714595
-0.17292176070671597 0.37536150015094993 0.0883171482541579
-0.17149653694299224 0.3239475729624914 0.045567503536781497
-0.1710439973186756 0.34164899216810624 0.07713227568902098
-0.1440715298280829 0.3579641564148613 0.10534379250554102
-0.1761024010691164 0.4420696502939824 0.08669570248799255
-0.19837737291062096 0.5055560647882053 0.022222698312938275
-0.2107085095689597 0.42805015055824436 0.07706943299415271
-0.15028665503201802 0.3374494812222508 -0.066713490284586
-0.14250476094667447 0.32379892880584143 -0.06994189476090125
-0.1363389072888217 0.32723650477805666 -0.07945594353848848
-0.05541335053757091 0.3654017332248394 -0.10829254117290851
-0.048838802112317496 0.40519212796794546 -0.10459951888093051
-0.04000180847187017 0.4003616787944863 -0.10701097145571273
-0.15779053469756435 0.48307140269876314 0.07946264775373085
-0.17543856283385473 0.39205534691334376 0.09103377312023679
-0.18679646436369418 0.40887244163236064 -0.05266987997749326
-0.16970614571623577 0.36926405365820514 -0.0598154285582065
-0.16315128113423077 0.35688976849591725 -0.060939328847685784
-0.16590575122426235 0.42997931452459826 -0.05773672895566456
-0.16564588566872374 0.3977931838847939 -0.06592874172524435
-0.1563223198235624 0.38952396211085794 -0.07294854742422033
-0.1555123029822086 0.37547372763841025 -0.0733558414031744
-0.1463265469585366 0.3603831585281534 -0.07870550605057655
-0.14571703309154188 0.2525092087995097 -0.016665057557080996
-0.02642546424534818 0.14305531816354286 -0.11545040924765754
-0.027865064475981215 0.14488008837914168 -0.1157084474985741
-0.032082333929841715 0.1380078276472232 -0.115186806194578
0.0031555997869053523 0.17608127817007005 0.06583301826902156
0.011306041210705265 0.18535604861932753 0.061562820878497355
-0.00010286953279317054 0.1490651063715687 0.07245182960200872
0.0115764760446903 0.16913948442113552 0.06309810284184508
-0.025296268411404303 0.09106182145037116 -0.11806512177088635
-0.03742021720235205 0.15346352137693967 -0.11794371542531025
-0.04063594018555376 0.38396977348324673 -0.10942833216871671
0.010061630067433672 0.27011954054247217 0.07634832215805254
-0.03287764618615996 0.11886798209648472 -0.11855729780023812
-0.0005022548617729397 0.30422075125686543 0.08587119970186215
-0.04799298043349489 0.36554872185519793 -0.108735448135341
-0.008554806711364575 0.470947605071702 0.06246806781863586
-0.01337671839768429 0.07881305731748883 0.09599675504416127
-0.028413478205960168 0.07311031741570215 -0.11151868109200444
-0.010079756555714537 0.3860723032232214 0.09240411004595885
-0.012738825443422462 0.3985133907207744 0.09048826722718167
-0.04512784848839543 0.16640320998352998 -0.11818645899450729
-0.019050826463356586 -0.042738588720652 -0.09747276437482326
-0.01572945376092063 -0.057647906025918745 -0.10228597980825084
-0.018910099926867534 -0.029503151436932547 -0.09509717050701172
-0.0017390560618864353 0.028449999670496415 0.11852905625877473
-0.04497662504847614 0.21151192705454258 -0.11920791564820105
-0.058786109516052475 0.23527542775024357 -0.11518894586726287
-0.034027259970154856 0.7135972970279024 -0.18631495248961888
-0.026343234130037096 0.7140469810887458 -0.18098687286656856
-0.036163205237923865 0.6964464137210912 -0.1905262000230309
-0.016564185981184754 0.7082004655948451 -0.17373349844217895
-0.0027058524893010406 0.6709089247798444 -0.15754997636070137
-0.046411840878635494 0.6454123039082894 -0.1796727155246569
-0.05272866409717475 0.6427197084254191 -0.18244652841657974
-0.061028743970402866 0.6385984330876787 -0.19403773040989905
-0.056752786968421114 0.634464989504796 -0.1843372065431578
-0.05880992264863204 0.6527622024543568 -0.18845640813884965
-0.06122320992528639 0.6504737536823598 -0.19186196179558127
-0.06836420160071947 0.6423466467530455 -0.2013309247097152
-0.06602829125385035 0.6466939723436851 -0.19872001834728886
-0.05429621328193163 0.6369896797968154 -0.1829039112127741
-0.03742922660980203 0.6323266530072785 -0.17711810407741216
-0.02436776356980516 0.6040075891109018 -0.16113045601652926
-0.02937515183193549 0.6085172679024614 -0.16909186769160361
-0.029963974293297984 0.5918869585472712 -0.16012668208808
-0.0527968974205046 0.5728185941180931 -0.16873373552801482
-0.05679087796094165 0.5769889741648465 -0.1722243691908715
-0.053806761108438246 0.612390502894515 -0.1813324070346045
-0.04774608275350599 0.608315508125531 -0.17611954168372143
-0.05334692364212029 0.6087772748845562 -0.17894649335675714
-0.06269312141058085 0.6021809547938013 -0.18083200332821353
-0.040898307408373656 0.6094973855256879 -0.17471273010541236
-0.046070281329092536 0.6098806677252337 -0.17594756467353637
-0.056637496135648245 0.6010323838558177 -0.17914266573960896
-0.03383572906531777 0.6077318845606089 -0.17165624507811034
-0.04199472605429208 0.5898561523910276 -0.16816323932866534
-0.04992037158366259 0.5693958540868566 -0.16347432338296297
-0.04193497981800001 0.5755822686323645 -0.16142740735090574
-0.047277521186637715 0.5673898072310452 -0.15705956003298954
-0.03308260542644102 0.692261749109703 -0.1882295835632097
-0.023676482008411593 0.6736884202866987 -0.17276661477018151
-0.030195512240763025 0.675180817028612 -0.1761353874282755
-0.042721972764457744 0.6841045239305555 -0.183065510495399
-0.040263896872985816 0.7122296036209165 -0.18984845648996
-0.033529937070338064 0.7398400527930837 -0.18191057167480143
-0.018965247576027265 0.7343680966441093 -0.17286468006944114
-0.01663328027819726 0.7160140624302691 -0.17227494500276544
-0.008688664841253187 0.7087740489412038 -0.16414315946305433
-0.016515005331046266 0.6235338352385899 -0.1596407710556163
-0.02212536928611944 0.591646256203162 -0.14821243580398233
-0.0018326052736769255 0.6132690076098349 -0.12692358243004154
0.005927048337861943 0.6269488935971436 -0.10779866585790422
0.005153111739380606 0.6203651728646976 -0.10064496220514416
0.002583256252185978 0.6195588276904085 -0.11772807893492539
-0.013087660075093203 0.5726016428418397 -0.10027214511457111
-0.004737968306455455 0.5769281212554637 -0.09600101362199566
0.00304057872034282 0.5790927569907748 -0.0899476988339631
-4.695530107452567e-05 0.692328799377503 -0.1524288113797333
0.006810035833190183 0.7448957924319366 -0.141638889840699
0.0017829970796478976 0.7527633281515369 -0.14605235632084373
-0.022150094313355004 0.7685983207428848 -0.16261692262280636
-0.013890369184968818 0.7761940151263635 -0.1499345949732128
-0.009450830701652972 0.7611264502115472 -0.15547542241914963
-0.0022512949016831652 0.7638737412485754 -0.1448166128468363
0.014744784672674028 0.7642328691024844 -0.10912558237297688
0.01579592640908548 0.754753143909066 -0.11642792862673607
0.010917607850940732 0.7757286133560812 -0.10228156937265262
0.007880528721368855 0.7707571741886151 -0.12081117149872794
0.0026168086798560855 0.7854752989802039 -0.11031010282227262
0.004152230622187807 0.6077353296205305 -0.09707265456201308
0.005241577365923737 0.5999662926382631 -0.0914761651664778
-0.014981840034086728 0.8018647434506094 -0.11278819860465042
-0.006055579966514344 0.794149071196047 -0.11296284250312383
-0.010075995794303204 0.7909491138848936 -0.12678564303136688
-0.0018558338773169277 0.7949641647133505 -0.09867436934715458
0.019918206021972005 0.7451127244353847 -0.06657682350115196
0.011827812394096355 0.7536600999952204 -0.04587069552499673
0.014208122171012623 0.7634327433175704 -0.05837710007116591
0.015610427757629417 0.746611489207312 -0.05200222523797817
0.003900169082880481 0.6872991272787429 -0.032520388348895535
0.00232584216827271 0.6747568381120702 -0.03529424955299909
-0.022677261205445706 0.6919023556908208 -0.18180686970457674
-0.017105627669075373 0.6933914953112505 -0.17652319398262942
0.018977239225799015 0.7390759051028277 -0.11357557688001643
0.023565763378622595 0.7270403783109581 -0.0814206723780201
0.014644043260604445 0.6504695748959365 -0.0730196686664191
0.010521860665757367 0.6404740615921707 -0.06503230478699264
-0.006389067905605223 0.659285062717264 -0.030987696381403914
0.008298886478378464 0.6506392866852393 -0.05655990363111078
0.00942556631917545 0.5939537084867516 -0.05353966522278942
0.011575002987595284 0.5925182378143211 -0.06211649793479777
0.0013907137725683322 0.5976526159960781 -0.029058960526690235
-0.001291026164235894 0.6057108754608309 -0.03282334743336069
-0.030512351376899692 0.5482500367646091 -0.10182006011085172
0.015449709078775058 0.5813268388006365 -0.045448916339276946
0.014292077635955948 0.5838185649283385 -0.03535530228761567
0.015528717751673362 0.5785812327954447 -0.05244441609296536
0.010973241838150079 0.659206864590061 -0.05682134158967096
0.019308016509115167 0.6662358947069443 -0.07097011189452773
0.014324661763530791 0.6574140825062663 -0.06503549788760227
0.019600748610480525 0.6751251632663882 -0.062345195200409036
0.012215368356202705 0.5822053804903587 -0.024767347914811833
0.007919888131571616 0.5900489467275313 -0.03201602256407524
0.0021879552796079285 0.6119788755425558 -0.04662621264324719
0.0064605101780645015 0.6391837078905231 -0.05688027585288935
-0.0072943036355882125 0.6488896389194774 -0.03335764576915697
-0.04963944169966074 0.6587735630011687 -0.18038850770735582
-0.047835043167639556 0.6756225832883054 -0.17616570311419372
-0.05398858593760041 0.6989652523182103 -0.19474629963698317
-0.061811790892957325 0.6900121174867926 -0.192739744024295
-0.024083630246294292 0.649511065438535 -0.17449750574453674
-0.0323219575895844 0.6684360576092552 -0.1763819297113169
0.0033611057424793567 0.6730577237397196 -0.14832435010372466
-0.0049357748592264656 0.6842174193323767 -0.15921643555640627
-0.049659777796844384 0.7815005185398733 -0.16758029407854547
-0.039824633585979874 0.7795430871042883 -0.1657776301640996
-0.04786439661970397 0.769154955629937 -0.17515291254071833
-0.03646575949019593 0.7898050101790105 -0.1558333155360819
-0.024862739883818718 0.8082200812492049 -0.1125290117598317
-0.020686396600098692 0.8098745497259772 -0.0961854492232883
-0.029147686915648032 0.8043091001305258 -0.1285222028849474
-0.03588490114513792 0.8132097201738036 -0.11263151836214834
-0.0075653987304793 0.7750309037360823 -0.031215482679809513
-0.007484048475448527 0.7631495969686185 -0.024166155581524427
-0.008223609802960987 0.7863363253268874 -0.0404000794139583
-0.01787350172882456 0.7801116856131232 -0.026809625532166818
-0.002711512757297327 0.686517340681622 -0.025016093633097442
-0.008405194796052388 0.601622782727709 -0.02074187009450152
-0.012996376982161714 0.6024604164037142 -0.017632059104734494
-0.05213864190475543 0.7296651419403647 -0.19055162634730613
-0.043718795081087426 0.7448705527794953 -0.18505160380411756
-0.03316615265620597 0.7531373802062162 -0.1771322057499579
-0.009370874977095064 0.7350094077493484 -0.16407348497419671
-0.011105708568023325 0.7471842528241208 -0.16294660483077342
-0.0017801354562816223 0.728625461346606 -0.1566037890860078
0.006902439854963831 0.7236460598729494 -0.1440281847427389
-0.002482022176969585 0.7043130921151705 -0.15601176272639972
-0.013982133445735363 0.6615736431698903 -0.16963621741561813
-0.002331980037298822 0.6549314124204095 -0.15485676696073772
0.004798728223056279 0.6418446526365634 -0.12978330122897402
-0.001769627626129381 0.6224439446471446 -0.13522917635978376
0.00795331061424708 0.6419832622731758 -0.1177287088111259
0.0156614170450081 0.7446609147489616 -0.1227496999264823
0.014790516171000287 0.7347258731444422 -0.12714101844276665
0.010177011516471697 0.7608844418260745 -0.12644790800829853
0.011687965507823701 0.7512210460695898 -0.12941669199614483
-0.002065364536178926 0.7737568134136691 -0.1364772614288824
-0.013853471428706065 0.785863891461817 -0.13956385616581413
-0.022948540745723476 0.7927609460744536 -0.1415268381620269
-0.03297521603235504 0.7981714906487143 -0.14319197457549945
-0.0435017565096301 0.8016503306421913 -0.14450075322065722
0.019979263563713007 0.7527885834656495 -0.10009559505211221
0.015301552131677786 0.7700413695681213 -0.09204513838680496
0.020697565556803982 0.7529776131205136 -0.08833842242956119
0.009073710163513304 0.7838618310484564 -0.084557253129071
0.0020604427082054656 0.7931876184734976 -0.08457300458295765
0.008413013084366665 0.7845833197979005 -0.07218849284751998
-0.006564122363148702 0.8014530392679847 -0.08222792682391483
0.015594041202166377 0.770244096517509 -0.07953146607391824
0.02285784268433969 0.73619493317641 -0.09140304852911556
-0.02784663419604154 0.8145448195132887 -0.07842464662902528
-0.01668226699646538 0.808772906878916 -0.08007043004138678
-0.012870426284097595 0.8042535635027562 -0.0649373091956659
-0.06246878559193358 0.6277276689071131 -0.1852561044132509
-0.062489433106132114 0.5954051563756464 -0.17786567876952702
-0.04231959457801803 0.5682195261485269 -0.1422699905414205
-0.03869131148365662 0.570945317326281 -0.14735849661330622
-0.04881097390988977 0.5649852238626207 -0.1500557485341807
-0.031771657242173776 0.5606951307925049 -0.10878767533758579
-0.022189716814792454 0.5606587240676438 -0.10203820887450223
-0.06333594713913557 0.6371488365923516 -0.19151531776099584
-0.06164941291015163 0.6362828925453392 -0.18916113814745972
-0.045105748855200974 0.6118560271210228 -0.17722603129713507
-0.06678086314617349 0.6140614888408774 -0.18521664698088222
-0.06539633526380673 0.6167310045781941 -0.18601533258500463
-0.060948252150510245 0.5996615724097443 -0.17986480065204172
-0.008365295684547134 0.5947537238094485 -0.10930555901996758
-0.004754961176594446 0.6025676458499211 -0.11200633606348567
0.012300908392078265 0.5801980931544135 -0.07368837874520705
0.008508315154166094 0.5801593564926201 -0.08276135573898565
0.007804535082591258 0.6141879632658601 -0.06120574405734161
0.010356340197407275 0.6086058467042877 -0.06728204571448508
-0.005297261135498519 0.6376685978617748 -0.037628601775457994
-0.0028870026135182554 0.624798387506195 -0.04036556063446513
0.006828796173910814 0.5957715974275187 -0.04314766498707604
-0.013369924188773771 0.6401207132228397 -0.02651574338251689
-0.009226331874079254 0.6281880990671643 -0.030246248016352267
-0.033199623722349976 0.6491212815807607 -0.015862801135152902
-0.031356072742305514 0.627214999863319 -0.01580575773287714
-0.03358233419291352 0.5720980473207521 -0.12071364995830708
-0.04420685333557573 0.6162157580791027 -0.17887443985556764
-0.06821055923401662 0.6304918194126893 -0.18772856058672066
-0.06259058692494852 0.6325363935620233 -0.1859926512083923
-0.06305030347687772 0.6340305065922164 -0.1863974996821481
-0.059191447616063486 0.6361489950181903 -0.18994691569129937
-0.06489095616852326 0.6387908927558678 -0.19758939848080828
-0.06584465437937446 0.6346607428516081 -0.18800166953836914
-0.0666293480051685 0.6373560996789895 -0.1941975822735835
-0.07264996717067676 0.6512576879235041 -0.20094300806896612
-0.07185287926826107 0.6380980899924894 -0.20172663675487545
-0.07183714304479041 0.6351787377197319 -0.19902240648707167
-0.03983737594839547 0.5627408797699377 -0.11613993599174156
-0.04199935046334969 0.5660689010498768 -0.12071763028532909
-0.06424506401056639 0.706022284800715 -0.19465690819371695
-0.013560997354663746 0.6506063746708454 -0.16813528285075802
-0.0074131197416783465 0.6480817987681183 -0.1604849617413106
-0.03802377071104662 0.6169636049537103 -0.17669854945046448
-0.01678530704151841 0.6968857456793993 -0.17656720983724622
-0.023663373905228397 0.6967203617562113 -0.1835425957431454
-0.03835680041099783 0.6868872686142957 -0.185133793840964
-0.03161264919511583 0.6858726697912496 -0.1834866584469449
-0.03054992602418038 0.6885517932529889 -0.18498540121916252
-0.013515811393056718 0.6788710477183783 -0.16638198324168507
-0.041101415061917376 0.6542819837331687 -0.17842012035751725
-0.03775212470183655 0.6675015320427752 -0.1771863071254544
-0.04435413541784618 0.6915522964987433 -0.19096288338764136
-0.051658261470089645 0.6890528027787807 -0.18986366270808372
-0.05735264523872097 0.6867960852229847 -0.1894328527971822
-0.06449872037306661 0.6711643371181008 -0.1880419970890839
-0.05159489742579606 0.6644348302874065 -0.17946191125883218
-0.02794545085799911 0.6595793791117391 -0.1759229026310813
-0.01454081759203969 0.6853660033670288 -0.16914791375790333
0.017632573889530545 0.6606869811508334 -0.0777984507118411
0.01170854932877464 0.6522626120008662 -0.09745571839649303
0.010250812044337525 0.6475704310521723 -0.0990590029373116
0.022225824507447926 0.7140662908812945 -0.0960554887261175
0.02130814701992918 0.7064436191036436 -0.10492259809326017
0.020828092884812684 0.7048620257676506 -0.10665838483498692
0.010481769528131504 0.6480603809597435 -0.09566465111104243
0.013206100089781904 0.6477545752776243 -0.08555684907691298
0.014923739229357426 0.6958094538979618 -0.11758778301636644
0.02180374742590618 0.7450569319925957 -0.08074878620358694
-0.0005090015905425358 0.7893450411352789 -0.055640663067795686
0.0067641139912558825 0.7819504665527022 -0.06015866752477117
0.007496268885329836 0.7732986437472975 -0.05050895782631776
0.012123494872966599 0.7741059663090383 -0.06489835569588075
0.017265875253165443 0.7626776041175427 -0.07108766152384759
-0.009964177491474829 0.7963786425385153 -0.05167000666903552
-0.021344914917612794 0.8025881948265707 -0.048622803077679966
-0.02977287701447871 0.7843119355234778 -0.023807430638033075
-0.031697212116836855 0.7967132108602202 -0.03427311677019309
-0.028679779197757004 0.7706846000942862 -0.015558970589831606
0.012181430714146369 0.7374837013014495 -0.040734864467794195
0.022909360268344607 0.7086783354965503 -0.07214698985209378
0.004920334578004345 0.7393722156534048 -0.028951302250035737
0.007090197031764554 0.7597451377075768 -0.03968819516220528
0.00016454968035089983 0.7428798397357889 -0.02368015478131243
-0.006681763994850084 0.7454612551580869 -0.01770855328864547
-0.015071632730801561 0.7473663596983854 -0.012273016714857799
0.012996758030516253 0.690017027962637 -0.12290278321764651
0.01233599985289373 0.6776802431646688 -0.12401322593444743
0.011189324434080718 0.7001741454896936 -0.039378898405684294
0.020311724953823645 0.6836910918388981 -0.05889731778052618
0.0013687069962605139 0.7017291355365658 -0.025118039922173773
-0.006188357875198117 0.708152421036688 -0.01601044810992037
-0.012806561422162282 0.7124529738845742 -0.009924435818776669
-0.022361694501084623 0.7008811323020245 -0.0063625020608140135
0.015089622543187494 0.6540673267066565 -0.10256602081486807
0.015570084199123126 0.6564086429222359 -0.1050810575667744
0.010332987842310631 0.677450222733502 -0.1332320831301743
-0.0371646144908936 0.6466170532879186 -0.17819297097774175
-0.05700844159976164 0.6648840036908692 -0.18327659975286387
-0.026536390526111495 0.6122300697059344 -0.16778710001597313
-0.023166435869699346 0.598754452067529 -0.15594963017842706
-0.014364330222741209 0.5935233697693388 -0.12988872592561782
-0.009544562691025583 0.6014812966913671 -0.13167735699070904
-0.025972387253737753 0.5814751788895901 -0.13935586481892773
-0.04455154832231402 0.6618444693587766 -0.17799930595773517
-0.04972231503214389 0.6513660851978457 -0.18103659472609546
-0.031656932915230064 0.6306123357234362 -0.1749450942374476
-0.03751938821068641 0.5713755161254106 -0.12875777580692385
-0.026080668038877798 0.6267074364498786 -0.1709830188234348
-0.06533056252136238 0.676145833203522 -0.18761115033151693
-0.06910305612804189 0.677761584251919 -0.18939179839789025
-0.05412001426583429 0.8030241133961356 -0.14527612659127628
-0.051076116631607445 0.8108714150581038 -0.12996927462912888
-0.05695359223856339 0.7931799890789664 -0.15828916650987299
-0.0402438455913048 0.818763412753073 -0.07773681298031107
-0.037032722099364465 0.8150980102214492 -0.06132607743713354
-0.043817152137895624 0.8190290930065787 -0.0953020363353746
-0.05894385806799484 0.5705685495555336 -0.17000985391132356
-0.06767033879719993 0.6255843506925777 -0.18663338068001237
-0.05494603119386895 0.6760556078500514 -0.1770826010131808
-0.041187131702559325 0.7009702476960981 -0.192058271649137
-0.016064466944725558 0.6922015855455084 -0.0120757900143034
-0.022267409893583733 0.6701322522950309 -0.016278090097136183
-0.01894037142445389 0.6572832624617891 -0.020649371654166717
-0.019756520788339314 0.6020546932466988 -0.014059784396229368
0.001021046717920371 0.5821114122336805 -0.01396805803097056
-0.005962621753702228 0.5789045170528241 -0.007458489661048358
-0.04960273846380788 0.7574389311833438 -0.1816708042512734
-0.06673702505351387 0.6365572664116129 -0.19211247269449885
-0.024810844383305625 0.6157136904220876 -0.01616351489807882
-0.01977513829945996 0.6260182438603279 -0.020330176973320985
-0.01484112885946226 0.625627981432832 -0.023753553259582352
-0.06484158462276525 0.6373189956154015 -0.19574517304139313
-0.0623848859242421 0.6367703916239104 -0.19281549883698265
-0.055781598264775537 0.6717885901844026 -0.17857606007700808
-0.06059569118704802 0.6319557188886838 -0.1855179933577413
-0.07020639590683282 0.6306324804659902 -0.18888163393288832
-0.010367033316288875 0.6182366947028315 -0.025974547998199735
-0.03647812315177539 0.6844410850688947 -0.1838110805474542
-0.07167307639704466 0.6338503062025185 -0.19541425386132544
-0.06915813271871685 0.6357661750611141 -0.19313639130788118
-0.017648401630280836 0.6634666279726572 -0.17172856460263194
-0.005504502318493178 0.6377470358512829 -0.1507208887471402
0.0020466560073788107 0.5583053984766925 -0.08687622334236009
0.008457297295327798 0.5621023224075173 -0.08051050618312486
-0.0016874947305995799 0.5879072432766405 -0.096955821285662
-0.06492544793516886 0.7800096077816543 -0.17004257856915517
-0.0616691616699814 0.7696710156593001 -0.17666389264097812
-0.03005994444834286 0.7030554378721391 -0.0031630087307054147
0.013323476105359167 0.7151137670350401 -0.04084796026325037
-0.003144761675627081 0.7247147432864445 -0.01774863648830899
0.005249395769197557 0.722771587154321 -0.027538622436286415
-0.009827317698083619 0.7295795979294455 -0.012400024711804958
-0.018437520998537467 0.7299824657234824 -0.007023238173372695
-0.03420385687325342 0.8073712962064421 -0.04682318468738081
0.012922718428629174 0.5637038620746658 -0.07215016756323415
0.015257277808315307 0.5681990486039085 -0.06301369262799082
0.007380779704834941 0.5836973527762568 -0.0207469096421197
-0.014484269375807544 0.5786569472159856 -0.0037468353697924436
-0.004774143840392765 0.6610520667061938 -0.16041474111662604
-0.026254440804722997 0.6813859384735268 -0.17494092897627192
0.003400333912127595 0.6627010769639348 -0.14654670382295518
0.0066283148524598125 0.6262270479926232 -0.05920099030819782
0.010718981526901329 0.6254064442686258 -0.07049714820797949
-0.010114722491705598 0.674539079728708 -0.1643589278307104
0.02079368125761652 0.7019435324187799 -0.059007407039080154
0.024300217323183028 0.6913956635832987 -0.06895666252626312
0.006121472725525083 0.6986950355450047 -0.1422438730183004
-0.06172124505848694 0.6766405540497346 -0.18379615431029767
-0.028483577858763768 0.7297606991920149 -0.0028469735804280936
-0.024940359833532766 0.7428276093992865 -0.006471306780313674
-0.03131198940920299 0.600417515090162 -0.1667864526081158
-0.039176941900009796 0.6009769156570344 -0.17115745618925657
0.005494414106587815 0.6314768353980692 -0.12113965524959742
-0.007752246076484528 0.6078753626086898 -0.13561717810824278
0.010598452657410466 0.5946379143801063 -0.08008196655176417
-0.005836952555627194 0.6160655885511354 -0.03112079980929993
-0.02969571674902319 0.6044488207060197 -0.012318768856327808
-0.03151915704069864 0.5674173727029747 -0.11263265931414512
-0.044027595041703074 0.5674075750464603 -0.1251027971699209
-0.0197887511567601 0.6426459664795077 -0.021268951401890085
-0.0639214799902285 0.6359808713374006 -0.18824800401633593
-0.06083933818186377 0.6345101553912801 -0.18725469052829988
0.007854770282835566 0.66742726259608 -0.1381577995808738
-0.023400019766365326 0.6822889257902678 -0.17404087017765887
-0.027143142271403665 0.6701892658446987 -0.1745462024437609
-0.018485955302572098 0.6846159043698632 -0.1721705459526058
-0.05139713536797428 0.682742797443969 -0.18008927068459282
-0.05479913125815687 0.6809755098230795 -0.17941191407120982
0.021676624813652456 0.6962767158372655 -0.09633298446102888
0.022611857872076792 0.6939572635834216 -0.09974790949464538
0.02390613089262795 0.7005628798498964 -0.10552859004643102
0.02410114072568969 0.6982225847158575 -0.1032196591865741
0.019896677760670303 0.695691894227145 -0.10601428228107446
0.020971142856236084 0.7001728837248533 -0.10679904556515951
0.026420775379889516 0.7055334916355244 -0.10514726455113395
0.026225512173497518 0.706656500205349 -0.10571919978610317
0.022225528682211212 0.7076826485070697 -0.10376328176950494
0.027146719708808085 0.7101278366562888 -0.10314092240040808
0.01810743989522255 0.7054439806848465 -0.11123878141313044
0.030460338544705177 0.7114242750550368 -0.09799545969761976
0.03321415449671804 0.7093409453654288 -0.0928181420913221
0.029045720688484943 0.7120767806338362 -0.09509891002952676
0.013986703306344895 0.661552013582744 -0.10820513003014738
0.01756141786159451 0.6668629883767604 -0.1016890672578879
0.03695095759375655 0.7028607614412952 -0.08973159093826627
0.03636769027784723 0.6985235149809074 -0.08626261517845836
0.03342202077203189 0.6980955279183362 -0.0851309500150863
0.03813714390243442 0.6948523616274033 -0.0859162957370527
0.03660408941045953 0.6897907224738039 -0.08334329898980981
0.037159237576983264 0.6835361925391262 -0.08379999470357323
0.03833811688107902 0.687708977342532 -0.08419679988184138
0.03477066871829404 0.683096736420278 -0.0834596670401522
0.03519297303367646 0.6731372658998952 -0.08652085035250341
0.02362470329392193 0.7108675655133122 -0.09218009797607017
0.03150083027799863 0.7092128756650413 -0.09054911636550536
0.02298748293781669 0.7117741923555824 -0.09743452524846706
0.02237562286782568 0.7104955555072485 -0.10059537128775094
0.030243527252801418 0.7087348954043711 -0.1009115972710644
0.017018808012785835 0.6953057914100566 -0.11016737300690102
0.018526033795064786 0.6817277028608101 -0.09679333957726552
0.018710839277426977 0.6760828748009688 -0.09677197203754287
0.01844661402141022 0.6725811274415155 -0.09692935706780395
0.01854605096036129 0.6742036335986835 -0.09502626930237675
0.01744264507298855 0.6806954616412666 -0.09457010349321683
0.02088763329921395 0.673717514748143 -0.09319315093990277
0.017044480079316436 0.6771646790537562 -0.09274155014864434
0.01436828694501434 0.6716875249107336 -0.10662222840309267
0.015514030333453359 0.6812312601493438 -0.1039916182855015
0.013557233813341516 0.6558608960569846 -0.10706932908371986
0.01276000465334529 0.6517059479187909 -0.10303428261225486
0.02378442599655718 0.676384122320719 -0.08151556265196268
0.024801356819261714 0.674787994692055 -0.08460363014448219
0.029998417290558063 0.6625841755417947 -0.09354372151222251
0.032991101456924576 0.6673250722083723 -0.08947898749249988
0.030116388679770217 0.6655213552919175 -0.08949385674911903
0.017134632346883717 0.6545191735806105 -0.10103200284880985
0.0232346218099297 0.7055185040754347 -0.08729089161214904
0.024345009912197686 0.698120645895873 -0.08424567953761834
0.03308415558492832 0.6752605475452739 -0.08506191016539459
0.030349835300460506 0.6864000721367943 -0.08351393893897871
0.026518487795637074 0.6818739042128497 -0.08335811768729895
0.033456946701550756 0.6715716574252188 -0.09013296538253075
0.028943578036582082 0.6958690184334054 -0.08426822300676147
0.026205570907892578 0.6896973386052184 -0.08318701437618677
0.024146923149598015 0.6639589085183736 -0.0996097169962573
0.023471050647023883 0.6604484199569479 -0.10128318247750248
0.02658447247870256 0.6592789220008528 -0.09774822836993005
0.02038365804635268 0.6661079387435457 -0.10023271804197398
0.018421327560900508 0.6600061207361242 -0.10393215862283924
0.024525818028652537 0.6736175967824748 -0.09286463411298418
0.02764293050377181 0.6718737080910043 -0.09352765208572068
0.023544910701145567 0.6701604010669625 -0.09569774208833802
0.020908901462371673 0.6789803199337473 -0.08891313447337683
0.029526367807707694 0.6865516892029809 -0.0899013738912552
0.036255173833641796 0.6819390679511287 -0.08814995416827998
0.03468375050503035 0.6886374771036442 -0.09024565765519649
0.03807821609632654 0.6908763246788396 -0.08545908563967317
0.03048403609267547 0.6915063224696124 -0.09211569656033106
0.03162727084414543 0.6934050257351488 -0.09254147263996836
0.035606167704798505 0.7005605023038161 -0.09028051820743448
0.03559646138566949 0.6936579758751159 -0.08961429428044038
0.03342447491451834 0.6955274089102904 -0.09191780910993853
0.02655567072605483 0.704414252053646 -0.10035566084959766
0.02430641954806083 0.701397785063799 -0.09968978532990369
0.02337429362255595 0.699143387456185 -0.09892576824648266
0.024013549482169532 0.6989060075377722 -0.09774945663806668
-0.033667245304165525 0.5223284185515874 -0.08875855275443165
0.02584062709356369 0.7004199612781439 -0.09817212873963001
0.03241759525625628 0.7019862170601774 -0.09458784719005144
0.032562424565637633 0.708053453592828 -0.09752605662651359
0.028667483508886583 0.7043453221315563 -0.0981367755895218
0.0281924894892645 0.7064618522301809 -0.10142408190703478
0.037073651379591684 0.7016189204413311 -0.08963035925474988
0.013922773038514526 0.6782922557132905 -0.10914119913336488
0.028767654366775666 0.6829780320693748 -0.08965981934723882
0.0330661248797815 0.6827667681914512 -0.09028917798172599
0.01775425566226113 0.6813460060290598 -0.09181166755727034
0.0281658756095727 0.5202428244086926 -0.06857704032439829
0.0207436243386312 0.51347688234779 -0.07298909402604706
0.041278524171909206 0.4656552937601786 -0.09882376671182427
0.05566213704107985 0.48632132538140743 -0.08948616842060683
0.049845020489885664 0.4526375848552927 -0.10442100916345391
0.0380483321751933 0.442715993089521 -0.10579027396263581
0.03817136160134344 0.40395380584761864 -0.1220825853611965
0.02037836528762272 0.4022680545683919 -0.11956151620927702
0.04404099655126263 0.3216463405447044 -0.13034331756475737
0.11632074034547943 0.39931524036930255 -0.11757014993787442
0.12441337200377604 0.40074688217970494 -0.11577904675006907
0.11862886568562733 0.4084540471028907 -0.1181796440618698
0.12553302702113145 0.41024568740130446 -0.11817432555068691
0.07286546735249604 0.5347030695442792 -0.05736450523939311
0.08309350647518896 0.5268087788189116 -0.06234984307142009
0.09391739835523784 0.3396767294026754 -0.10626281283875011
0.07083025089341133 0.2500090501592479 -0.09120626367321874
0.13189475694963376 0.26729203511919564 -0.033395490964722684
0.1360347767018521 0.2978535288409241 -0.031211686346862222
0.13743302593196471 0.2814486176883972 -0.02178531321439131
0.07020942607690321 0.4023541177254206 -0.1255731304333977
0.05943613908119828 0.3879624009643413 -0.12891024996991365
0.05395422862729993 0.3997859998662274 -0.12558458642815984
0.2069048317958345 0.26562147010690723 -0.0752364599465443
0.20035878707910104 0.2638518657335872 -0.07171344534036209
0.18782345629458702 0.4365706321495959 -0.11465789557755453
0.19383040340572363 0.44246217208199634 -0.10836460530747162
0.10071872426592096 0.3796401806970714 -0.12139852931488032
0.117762513729466 0.3890481663444648 -0.11477660346028348
0.1314344243955507 0.29947198418263365 -0.04137202592864379
0.08817295282740083 0.39087222170436126 -0.12577433237521876
0.033659816181977505 0.30236025428593055 -0.12268511939940434
0.11828855999384764 0.1499915965892259 -0.08652986640133929
0.05539232489017188 0.2759252793810871 -0.10425772776562163
0.0431526589237391 0.27733948036052725 -0.11155887713220802
0.0919725574060368 0.14110954186844965 -0.10482438977923207
0.08552131878894426 0.15838410611774523 -0.10149527684790494
0.06686509140970323 0.15586406558645619 -0.10773238834004109
0.043935362598453376 0.4306676253079673 -0.11230751906563223
0.061715823976398444 0.32211705103456745 -0.12369865393770273
0.06994176870357714 0.3226129991587411 -0.11820789470133393
0.13362556635644993 0.38884022463980944 -0.09777689078623664
0.1339305942377461 0.3817289941438954 -0.08128038537096101
0.13875602751662516 0.14295073920367757 -0.0484423893624053
0.13463228332569294 0.14924196030268222 -0.05865418794926719
0.09379958505844796 0.12255941203430727 -0.10772226487850724
0.08094403838701693 0.12892996306721255 -0.11034952362680228
0.08024490807198444 0.11330757474158644 -0.11217374964720848
0.14768801946015078 0.3930351867857259 -0.03175668400271517
0.1433123262349087 0.39399229067709135 -0.03855068257471061
0.009500806003351613 0.3204959037510643 -0.13259164236816756
0.011498704747125239 0.33084592631923687 -0.13520602587839112
0.05140231373971151 0.29705759928506564 -0.11287499376260343
-0.0022290290300581712 0.31017612142907613 -0.12789546411401162
-0.0007814659704795799 0.32450684612304265 -0.13196549586285092
0.010936818689163614 0.4363683483779127 -0.10063578621715887
-0.004051593617455392 0.444578379607801 -0.09633137053266026
-0.003593321009849836 0.43684490946536514 -0.09885690926600704
0.005271032310050082 0.4548284630268876 -0.09522071841238718
0.009132311849243242 0.4470695277992165 -0.09713348413342948
-0.015671919272529082 0.4659953085304059 -0.09291611883300824
4.6731735826756294e-05 0.4741948442832464 -0.09470153176601766
0.006089552811879715 0.5079110155435625 -0.07788076595215986
0.05889576561702371 0.30634409300115484 -0.1137568795007423
0.12219290226945748 0.3812201861401164 -0.10683904914980151
0.12088971742344268 0.3731671241491365 -0.0998708518369399
0.1039185001841332 0.12600835812815814 -0.10297726302751255
0.10155462547314488 0.14320918976966918 -0.10025569222371501
0.11292814381190121 0.1263933023819387 -0.09731501832715884
0.14152946551075782 0.4757556230283409 0.022147531455520002
0.08754848174776993 0.5112128994094971 -0.07581016174006054
0.09820246668227393 0.5202113985896831 -0.07201106665596102
0.16853068434928314 0.4190108076691275 0.012661481140573295
0.16974143712794162 0.41697599353464776 0.010329822651784396
0.13273960820472205 0.1715383163156525 -0.014914403636105536
0.13329850704264515 0.173612565409157 -0.024784725442814647
0.14825591933926038 0.3208217225200347 0.02205872469410362
0.14236346990562163 0.315362277684544 0.03370041681831557
0.13764157652478148 0.31873221636307314 0.04391134786754875
0.03809953542503601 0.46937070220988536 0.06208919739419272
0.07509821938878114 0.4910704508356691 0.05622597143330157
0.0748590254245965 0.5074090612002143 0.04522666726005591
0.06332985287502003 0.4916037750470481 0.055431890094659174
0.1151544434068777 0.47621746322778924 0.04534822530433196
0.15555422064923818 0.36249425729172247 -0.013670800796216931
0.1555101407845965 0.3715662189115537 -0.019268362101882718
0.06922177250327699 0.5463004759646094 -0.049708263354390325
0.07938098685017517 0.5455065050091518 -0.04539704925791499
0.02736486718873708 0.35966815916030526 0.08924078745411551
0.16496583880290994 0.39548695541997037 -0.004984662407041605
0.16318454757908774 0.38404176678393204 0.003946788301163506
0.15514955234107825 0.3549501881592946 0.020992755890082412
0.041315025416892644 0.2866137492628099 0.07905959354753601
0.14375905896737043 0.3484665440895679 -0.039256719104906114
0.1498214101199478 0.3267711257460074 -0.03601961056443242
0.14552790054515558 0.33825691652679885 -0.04582846585234548
0.11822555551229308 0.5273415972641765 -0.0623367337999456
0.10366773884688717 0.5336827573049073 -0.05440035489408274
0.15274853685147363 0.3741691175193131 -0.015368548267280792
0.22426692027495101 0.2695119609107848 -0.0765430088846727
0.15751389493728205 0.32395516675248753 -0.012134909042818021
0.16600529410164322 0.3121941011810514 -0.0049713005764019675
0.16894998023000501 0.32256533266453424 0.0010380669851828737
0.13618211715901585 0.29334098635418626 0.03255975984345104
0.1177108697300519 0.18847206981405562 0.013251055996180844
0.11982339961268508 0.17695887786538234 0.012791626684697181
0.12514315509360044 0.17569415175552552 0.004183447515767877
0.14298990976797835 0.13779673521836494 -0.027103836132149183
0.12595351351072714 0.15134151989898334 0.014980036418186106
0.1298792922972822 0.15690630021930196 0.005328334133956033
0.0545453269577396 0.5589015697379452 -0.01862817748159484
0.048209541606799036 0.5586621893518308 -0.01004365024923797
0.15972566301397642 0.002374954739538417 -0.013102879957119595
0.03304537581766085 0.5497216053249104 0.014175511944373803
0.15425082067684068 0.040569683303144866 -0.020586305120271438
0.15212190241209514 0.047907982239452584 -0.006571588065622798
0.05165284347712276 0.5598187270163323 -0.03696188095157893
0.03957785944715116 0.5543973156423218 -0.050473549485016145
0.03686931045480747 0.5473960985130378 -0.05489975538574917
0.03542397566051007 0.5336646983319971 -0.061359943156124974
0.029582363514775778 0.5409361143575043 -0.06059036440682877
0.15662492321771354 0.014826695446441666 -0.044090580692007254
0.035911925715108386 0.5600395074317925 -0.003798945762636423
0.013215603985561116 0.5764853868674361 -0.016036168273424866
0.019968137863008883 0.5742532016693281 -0.01808417520637158
0.006503215428253988 0.5734297367780709 -0.008402618485052353
0.13902954594142858 0.149022136353735 -0.0156685228571343
0.11836730660934716 -0.0994678638066811 0.0711918689540721
0.10862365876428744 -0.10787958421171823 0.07326790856030135
0.1087611483299898 -0.09926658474472407 0.07593241881636403
0.0713684924182696 -0.11100200648345077 0.0838695028537569
0.044169054531368226 -0.11153063528803231 0.0946830950751893
0.05524728086867631 -0.116257510861429 0.08423776617508612
0.028240868774546277 0.028021776959896383 0.1128695142767229
0.06302102165054331 0.03320702068884385 0.10347897883522643
0.0467624810673516 0.043517445583671016 0.10308130263750437
0.12144370928569631 0.1427603232271294 0.025051504250875836
0.1368891708198628 0.13261088822170597 -0.06002129618974643
0.14177271737374006 0.12569420194601355 -0.04889751208489969
0.1675671930563628 -0.1353677712712767 -0.025367201803094562
0.16833709081783743 -0.1723153001470658 -0.016224926262718525
0.1651186592147877 -0.16010837507378073 -0.03637945448893673
0.16850514037088538 -0.14765594207102106 -0.0038897472963920062
0.1320436263059871 -0.15141001694467904 0.06122925792732167
0.11855291596063817 -0.1566646756902646 0.06835948197707686
0.13242362511348002 -0.13442141944864522 0.06037323090999346
0.07087352914733441 0.10078572141088052 -0.1134023828593709
0.04823396947950058 0.10545614296352471 -0.11734851493054918
0.004431304302260971 0.10804088528635858 -0.12553182379134575
0.007198433944791101 0.094851708428426 -0.1232309792401387
0.001847488441741503 -0.02622362215271123 -0.10023312557718558
0.010837591659817356 -0.020301777331418105 -0.1020223443220227
0.13441031537887788 0.010009133163185415 -0.08656470660416901
0.0667814255690328 -0.12184194453624131 0.07615085530454303
0.03785097864197086 -0.12041100465324761 0.07949181334470838
0.04884813847110673 -0.12581866212752701 0.07256296495572935
0.15878432277672086 -0.16814318551209984 -0.05178797366214191
0.10632721922970445 -0.18639200635392952 -0.08598814155353116
0.016595660680434044 -0.10546782472307614 -0.06395197672709202
0.06065523586201641 -0.07614052585232467 0.10603564688550145
0.07100497302056723 -0.08142559339223354 0.10257865451291236
0.1156242504008436 0.13543806492398952 0.03422591798492205
0.11101096941477596 0.15537266822685436 0.030314506386117882
0.08519312836391783 0.15670251828147297 0.04663940806871964
0.09444091902142636 0.1564024435712297 0.04193216598584968
0.08913943441657295 0.1714288170900012 0.04149875553270118
0.10153727907052687 0.16695599672669584 0.03458104009507317
0.10490114338818038 0.29994521467556623 0.06480298994189301
0.10880785077087232 0.3255464553831122 0.06886838502374039
0.09231612208597552 0.3116565721816177 0.07233276102643996
0.07773185280881448 -0.16838812806275727 0.07496856515878848
0.07033624675556019 -0.15199491732385995 0.07178983194913312
0.06194405843854886 -0.16496495508221032 0.07034701590148296
0.15128757497605808 -0.18674657646539966 0.049333414971403984
0.14178315071108535 -0.18399575245479255 0.058815070893837605
0.16761752547032865 -0.2045078479705829 -0.006868580990091248
0.16614498700577424 -0.19154146776842285 -0.027492503923576724
0.10499897223667634 -0.23237414617088517 -0.07462655062487147
0.03237598391312292 -0.21560540775136036 -0.026755524092145013
0.07994645938808553 -0.04608489364949109 -0.09712393335782056
0.06495529204356297 -0.05284411997166516 -0.0966314898117956
0.0725480023643774 -0.035013395904689604 -0.09892279402597172
0.05279130554702628 -0.06108649798301102 -0.09437817489830669
0.013154742959805316 0.11320388085226343 -0.12577537950504591
0.0047487715955412315 0.12212072389454398 -0.12648705765042603
-0.002635435951408611 0.12117198715084361 -0.12575296392063245
0.002473973200367356 0.23490651175394933 -0.12720690476256943
0.013206863606898704 0.211158209210565 -0.12543209321726836
0.012740914407626711 0.23385598521858364 -0.1251639459587679
0.016434854226295884 0.27339244342921454 -0.12195741979814936
0.011733464200761509 0.2815764325055754 -0.12417061601890339
0.0013744567155721489 0.2933359470343144 -0.12583097236292165
0.15021155248245652 0.010634724992738572 -0.06709470206252321
0.1536015503906844 -0.023214913686784522 -0.06207474438538999
0.03056605901594862 -0.15526139426456753 0.049394455195315136
0.03287371037260456 -0.190165745803614 0.05292387940134952
0.021578178735676808 -0.1566208787854586 0.03914053199407399
0.015194634110513043 -0.16046815181009533 0.028718062378299807
0.12667190798366237 0.13620488799396135 -0.08026430881896014
0.131745919521102 0.13982250722275874 -0.07056527415756056
0.12972287465199142 0.15435040648424617 -0.06822147446173772
0.11920087499432212 0.2580369315571939 -0.055536510675723585
0.1198756248247603 0.2832538847520215 -0.05633080851907277
0.0285760225736064 0.3355161131950612 -0.1364665810909693
0.02572733325583439 0.3269138408838007 -0.1350165338945063
0.1667215289230834 -0.12870655295855288 0.010902636653848633
0.16301662039197073 -0.1991361794793522 0.026282205236737653
0.11449245901120679 -0.29138112156596835 -0.05347907767583296
0.08544360759595614 -0.2680636033805671 -0.06075042312114682
0.024702770842081456 -0.23257531338470394 0.017606420648056443
0.027068360158279042 -0.23775289419379864 0.008910391962791146
0.03749693089279761 -0.29212604823476196 0.025245497266620922
0.038779924027092835 -0.2949463817998449 0.03989107897086907
0.1368164818731337 -0.23395671153669084 -0.06331849940573728
0.1378835598926786 -0.19682067537857978 -0.07110052318176266
0.15012486308537656 -0.228201775697375 -0.05276512146579601
0.16067116894914968 -0.2792513177061436 -0.012125499386159767
0.1560190423760554 -0.269482135043328 -0.02948670245188036
0.15177161442969203 -0.30431981623807147 -0.020866447660766452
0.1315874162696981 -0.17295320284854837 0.06429539405076133
0.018104782186800807 -0.16799828180319615 -0.026811320573133998
0.013116210672615092 -0.16741082608953292 -0.010440108149746436
0.04451264100113131 -0.22488740772512839 0.06509815087779058
0.05842460038900271 -0.2717262698355826 0.07843068823275477
0.15216779320845966 -0.21626602034250592 0.05214478420653229
0.15208617334145635 -0.24597614545740204 0.055649994176159616
0.16500330274916222 -0.25098570808906895 -0.0024398307614204103
0.1525782149270324 -0.3414635124641978 0.0022340149376142977
0.14592546771465137 -0.34059720506168034 -0.011041644812064419
0.13649373346845575 -0.3335820343989859 -0.024357048607528044
0.15639707331573882 -0.33452684828609797 0.015016259081635718
0.15758178687552415 -0.31661937102522186 0.04006835100698262
0.15159455662991897 -0.32524661388658294 0.06563696429416795
0.13949269626639815 -0.30539928431277386 0.08229702660066955
0.13771646866429124 -0.26997193079813914 0.07906927274997197
0.13106368772763727 -0.29677886423425337 0.08875222573012571
0.10887602797662634 -0.3218780395336309 0.099240013477842
0.062470954462461266 -0.3157231345229695 0.0810818543207446
0.09556772727492749 -0.4234391175837158 0.10751984908234741
0.08319645549900391 -0.41126664650606537 0.10523728192973325
0.11231963721166333 -0.40281706596903755 0.10564146803490033
0.11907856362091437 -0.40238068384911796 0.10515909664541288
0.13631398913797396 -0.3943674932919783 0.09480131948810945
0.1608686449979229 -0.4345072655117161 0.07869972163655709
0.16179734751270142 -0.41290907455547066 0.06537727477584233
0.16159724758591226 -0.40721829958823563 0.05380458865946824
0.16282757833348813 -0.42319597576383217 0.055660170760115285
0.15860433024689258 -0.41388797422826956 0.04346048130498742
0.15082195761366854 -0.42808540947324714 0.03450766311843657
0.058109533853920446 -0.40563203166295503 0.08420606704348163
0.055935858378321046 -0.4073634517265172 0.07600880423713345
0.06677092027236918 -0.4226864167361617 0.03449452907554551
0.07559473553221746 -0.4504891408291185 0.02812571761555538
0.07034008824305418 -0.4283183252264768 0.016603828360581722
0.07829820836746838 -0.4502968909049969 0.014036041494739145
0.1542371503114045 -0.3533012715783441 0.019043721259792798
0.15300586948927256 -0.3667841775026643 0.022201243263533732
0.04301716229026438 -0.32123591506917204 0.04322680677331828
0.09856978162702322 -0.3896213392727307 -0.0162929248760222
0.110704027240512 -0.4000221265726195 -0.011768485392234565
0.11347309822755162 -0.3783270676410714 -0.01667152725225897
0.12345675575853331 -0.39569032915500046 -0.0060612312078997
0.15780017944282893 -0.40011198051837327 0.04147044805401821
0.15877182547291174 -0.3849863164315668 0.050280352579179434
0.1541719943200978 -0.3902732748201127 0.07115383072981116
0.12250152160617206 -0.3791942623719276 0.10075805677157924
0.1288681289659869 -0.379391334441427 0.09766166789632724
0.13420574580067973 -0.3691108107876455 0.09221900336213489
0.11521029629963417 -0.3793906759697664 0.10240535505034101
0.10615727510702058 -0.38140272959532817 0.10296762263641696
0.07880420283844695 -0.362286268539309 0.09543651898149426
0.08894836934705923 -0.3754195021262534 0.10053990202630456
0.04997491963251144 -0.3637360680165138 0.057915036733408684
0.12097309890129698 -0.45317117765908965 0.0027881039964422647
0.10704130690206912 -0.43936297319694617 -0.00553806747349336
0.09385879198916061 -0.44460903086331727 -0.0037443386251301064
0.08640410414837009 -0.4576417943770398 0.008349273078430683
0.09171424194755178 -0.47591119237807633 0.021188649677232163
0.12390989842300021 -0.4353452068471925 0.11212055537071339
0.13885952196201304 -0.445170313726441 0.1090149063224733
0.1349542600992127 -0.4226079980586175 0.10421165254022537
0.15825691305181697 -0.44258306810344616 0.046484685743690315
0.16300234694887328 -0.47476273602920793 0.061096185894564385
0.16469275998628174 -0.4502967508189595 0.07007869861636934
0.13228691520900832 -0.461757587029878 0.014091538589335631
0.1312531826376188 -0.4698441175427759 0.014830411398319586
0.12096904447449362 -0.4698750225510919 0.008210472201681718
0.07024584881679398 -0.46953318273906997 0.0864326336414339
0.07183047598693647 -0.4642051327377896 0.09316201040330008
0.10068921134550343 -0.46748672393142965 0.11542882687692642
0.09590883334148775 -0.45374564173152737 0.1108913052388635
0.12914300734333226 -0.4731039459117681 0.12357058121330818
0.12154192173848326 -0.4711781129331364 0.12394456192715586
0.1448642233907854 -0.44199918952082284 0.10305487023356043
0.14637173961272393 -0.48157325080708707 0.1185242544127148
0.1653468428221098 -0.4731108022537553 0.07275455069275429
0.1637893973041955 -0.4596657226135142 0.0822409489810252
0.16053685634340426 -0.46369773127702113 0.09339009992745073
0.15726409460614516 -0.47467957361458696 0.04710383498716106
0.14814608768126458 -0.5143016775372594 0.03490386263890553
0.16208527373148912 -0.5342961707819113 0.0481104565567883
0.13727181696533008 -0.5183421234114116 0.02853382768206498
0.13883646900263508 -0.49847628154424073 0.02699389745917052
0.14947818542232535 -0.492792725345167 0.03549345312730034
0.14919534863534098 -0.4733034311372055 0.035285327713187396
0.1277448508053935 -0.6622339675204535 0.047761301372075814
0.07509458236989727 -0.4981922781196405 0.08756690322821789
0.0775066224502598 -0.5018288490977609 0.09649178593242849
0.09607943497764608 -0.48180853451051064 0.115516383179149
0.17116205235423315 -0.5175289956536615 0.08514214070961591
0.17017646396898867 -0.5369425419104389 0.10392093441001052
0.1735567426907138 -0.541414669926109 0.09256482463513621
0.07248732622395336 -0.6158243374392867 0.09702407140444695
0.07185667801911926 -0.6022734639849985 0.10419363700368293
0.07192103533254654 -0.5799709800941609 0.10109895944845007
0.07318750778182699 -0.6007911039200151 0.1123519021592143
0.09593067074125357 -0.5721595797411712 0.13823443905751986
0.17317393513378712 -0.5898448335251181 0.09930179727642219
0.16847831505846325 -0.6020258062716892 0.11212825513850665
0.16002281334695936 -0.6029787359443033 0.051168497186315894
0.1571627451966088 -0.5817966314600798 0.04489915572333182
0.1445587016237688 -0.5919663531389558 0.03845094987545468
0.1301506180421696 -0.5886273445788844 0.03507477456633444
0.13468126958074148 -0.6104884517994249 0.03844015151372901
0.07906735851599977 -0.6695957529721503 0.10695505040211074
0.08037423108236186 -0.6992360402532715 0.09976540261407776
0.08061278271462001 -0.6625126975571843 0.11455486419506669
0.09821697143925327 -0.6132093468082946 0.14147500377900238
0.10127455508084268 -0.6621651451439678 0.13739234195245684
0.16041587447722877 -0.6945117852834358 0.10737746576555078
0.16740369617950435 -0.6478137121473233 0.1039009822055714
0.14763455974481485 -0.6802969013499403 0.05894788826227848
0.13768799053258424 -0.6757422568426662 0.05237664992138492
0.155572908919649 -0.701326459103509 0.07505443647105241
0.12284062460595532 -0.7492034145868477 0.0640352542461943
0.11466706774665826 -0.7312499619408587 0.062802792068033
0.08355819871930775 -0.7313668145243246 0.10992705463564348
0.08325251525331821 -0.696617470751245 0.11434648655149411
0.084141051508664 -0.7356952107494051 0.10241721694148313
0.10095957227925204 -0.7024968396076541 0.13588233849744807
0.09515891318820097 -0.7158381267775039 0.1322996379386481
0.10760103290376762 -0.6923885390149154 0.13866503803048136
0.12900048702514427 -0.702282575195812 0.13880835088885551
0.1470705591332972 -0.7295580879783774 0.1252053770299359
0.15417295565210665 -0.7293843556329431 0.10945312085133715
0.15816118014231276 -0.7087868568863502 0.08644736765158705
0.1486289700701713 -0.7420213670414317 0.08018170123238201
0.15138959906317911 -0.7466333699289893 0.09178749552343574
0.1463373492445456 -0.7183978502964623 0.06884057097065027
0.010426665399607406 -0.12927571662333848 0.026249558224048897
0.007749672903777897 -0.13510209567525122 0.012960302687823793
0.0056047381732353685 -0.13168196216395345 0.006116233954521768
0.03654235319103875 -0.2504910115519245 -0.010312447765428466
0.043462867457857206 -0.26241701172453835 -0.019608129562870124
0.042874560201083954 -0.31576127112155195 0.014631726598897062
0.04678798082080712 -0.32538681259576663 0.00629853044941096
0.049776144009190344 -0.36630120165542235 0.036450718122298234
0.05031377461131402 -0.35651353374743144 0.021132689863034286
0.06016951712233437 -0.4098971957941209 0.04925699407679631
0.05557014845218375 -0.39652738914139873 0.05361696810202462
0.060668219859891834 -0.4284253953695273 0.06515228586874111
0.07380491261759775 -0.48884279495526484 0.07126467955673034
0.07935201045560598 -0.5319020444631991 0.07325146411938767
0.07508803247184229 -0.5969150009299327 0.08289285828666527
0.08120930393107845 -0.6923360261310969 0.09081937531679267
0.09082591696487055 -0.7432851766002008 0.08661529723222529
0.053240833674643856 -0.11326873858651937 -0.07993326715715839
-9.865428013294896e-05 -0.12575281934594584 -0.038269938457156046
0.006936370762794099 -0.12297356079388366 -0.03292916001577859
0.1325468744159079 -0.42906886225166174 0.00997718259568518
0.14220569391171017 -0.42690294711858945 0.023658745661382725
0.12167033059173586 -0.41242233275676765 -0.004180612428495642
0.13077714996068765 -0.4063181651439989 0.0029599947533956255
0.15655864808082806 -0.35617529761692823 0.04675356251447745
0.15603211156250435 -0.3732772690859163 0.036741402757499854
0.13981363263919408 -0.3588484042458885 0.08521148015399022
0.06696103174101539 -0.3806460180337515 -0.0029758193942250617
0.06409857795383439 -0.39238908689285457 0.005934269025364993
0.15739192438428024 -0.44495026607253285 0.08951674791556004
0.09119428643167876 -0.442752943762941 0.10811900135895162
0.060915534982906985 -0.42950830865475237 0.08467474170646322
0.06697058592920482 -0.4566122953770779 0.06926524261183309
0.10404455095058927 -0.5624599772330358 0.041085355258875314
0.09490958885339867 -0.5480380903021673 0.047473114066111606
0.11469239115324811 -0.5624793020692194 0.03486890576475813
0.1250673204705192 -0.5339138803687418 0.02836415728929618
0.12270367331601524 -0.5486203653421724 0.03077855821858344
0.1252716054290839 -0.5196167898979509 0.025690970300049465
0.17218021170655898 -0.5543429090676621 0.06616503213845916
0.16770307689108055 -0.5309344602432573 0.058256484879875954
0.15342487136415175 -0.483411675670682 0.11327648507590948
0.1358996908282178 -0.511923223377399 0.133079572817862
0.14415479365592515 -0.5121527791993179 0.129670904435094
0.1262979886410294 -0.5296390675947388 0.13926608166759508
0.06710433113071682 -0.3472024274673784 -0.016653026192890538
0.06823011205226603 -0.3317584000418483 -0.024650879953317873
0.07986673901806805 -0.33579639284766827 -0.03003614011116264
0.1149364990376321 0.19835726864135755 0.01746082366618955
0.1170659820262017 0.2092906420214932 0.017418335437080552
0.08149655866994648 0.3045726481517137 -0.09519346690782499
0.0979269862728189 0.3160625994332331 -0.08652091461634415
0.08434504833335629 0.29582947740542553 -0.08992416525290642
0.10366306065867036 0.3287261989620801 -0.0861418239656453
0.1357042551682404 0.3821780649383353 -0.06745658106924736
0.13558030304790522 0.38762645753043257 -0.06823695765675378
0.0017522103746654269 0.26002679046522864 -0.12498854902376111
-0.009692044769654544 0.26677841242989214 -0.124940091168025
-0.020814883587588297 0.26939996901668095 -0.12334143546853875
0.021231205963361345 0.10732127915881695 -0.12383207389339702
0.03766863591017681 -0.028302918006961712 -0.10068372130734923
0.03051668126974789 -0.04432811938789727 -0.10176631603797506
0.00022964597753913932 -0.11800802477267626 -0.0622430887903216
0.00067039704605188 -0.10963796866255143 -0.07509765125778195
0.06070449483905737 0.2738508043645972 0.07447899937549368
0.07105338381198018 0.2865646149074279 0.07538707924067553
0.026040474229425233 0.4702778790416485 0.060757106094628185
0.0021966528101024217 0.5493993642615914 0.018208466017312904
-0.0023010920885733433 0.5675534344496108 0.0011164670309647194
0.0035539159540879804 -0.12417610227316178 -0.017192714003265743
0.003894065450369046 -0.12469587574563223 -0.013232565087522142
0.00523516072521229 -0.12422022007309391 -0.025633311844236034
0.01838316091849999 -0.1481258592806759 -0.03800812463594057
0.011342527439557142 -0.13383772390894644 -0.029099812205281173
0.16259978132103364 -0.12867236079356748 -0.04365759055808603
0.10656418750274885 -0.1328598644065519 0.07062878720236461
0.12250572613568311 -0.12350704512687605 0.06662201508262715
0.09441229145153615 -0.12573282771376015 0.07329782128380113
0.17913468463324086 0.31324137073667957 0.005462925923563506
0.2207593935788942 0.23821580333264633 0.00912689198340983
0.07315770463293228 0.35765169070104075 0.08354444795423425
0.05694264838307177 0.5450619161358312 -0.05313317204761927
0.13896537985516028 0.5124787229589977 -0.09039532480410485
0.1362754129716933 0.5053427613987046 -0.10158265428063858
0.1259282526760717 0.5013062822014912 -0.10492793771313529
0.14539295605716365 0.5025036417054345 -0.007740535362379744
0.15005964877120725 0.5064195312280669 -0.02290118326217123
0.07534184575920422 0.011213359493903454 0.10621983938292698
0.05505901291490122 0.007562976071451151 0.1121981809812241
0.06018803309104759 0.2083104975937492 0.056786411210741995
0.05675964379613666 0.2243262840117505 0.06168911472364417
0.05913814672089493 0.19305495930815803 0.05439750951754935
0.06781350716414629 0.20385999545640976 0.052554776147388155
0.10910129102217284 0.35796320954537686 0.07427974738911715
-0.006538446890082138 0.35406632046230657 -0.1313383810782393
-0.015605232365617543 0.35425106199782885 -0.12763245344101137
0.2038703492438078 0.32345825162650904 0.009945447655823164
0.19948189728429871 0.3378976193631894 0.009004231574653812
0.15320405591812766 -0.1537384533996578 0.04206174068236732
0.1540128321660697 -0.13074832733683106 0.04026472089386391
0.14390897314172363 -0.13339938471265805 0.05158342272293081
0.1620652773390337 -0.1151230035033548 0.026298938005680398
0.15507977506314596 -0.09984168015983942 0.03903246627863471
0.14154575331304087 0.1313919249186319 -0.002838985522634536
0.1318603481629563 0.164589359558573 -0.004894316813643712
0.12767707739541237 0.18289957946253205 -0.004900802057181106
0.12584322926799985 0.22907680950356024 0.015038357666993686
0.13873791438751992 0.27689690725767 0.012331681088152472
0.142779778306539 0.2949854388755089 0.012848447505693968
0.14862062594953893 0.3156906260893345 0.0125571602307872
0.1521452288837229 0.3300880169549635 0.010081031358724873
0.16275706190102013 0.38504713996441875 -0.006382245154975932
0.16022675008017315 0.37001592984603743 -0.000985374143928002
0.15813955292319698 0.3938523753813259 -0.013014840154091588
0.03327247137145475 -0.15325336391056854 -0.05699466604297875
0.03336673850032157 -0.08126388892897207 -0.08300012034093611
0.03778233918761132 -0.08344981193782697 -0.0765794947135978
0.08716305256817322 -0.3516747293318947 0.09728447284510489
0.07590900494342093 -0.35366543767008507 0.09276136431343486
0.07113121701796785 -0.34668630339768775 0.08915381950564069
0.0474496248058621 -0.164651337793144 0.06319555703277378
0.03948642072809166 -0.15007975675729157 0.0568587006694116
0.0032290661502654147 -0.12475699212921854 -0.029946078414517574
0.01621456248563928 0.5577338451835787 -0.0662756657513408
0.019913506734604392 0.5558487674605702 -0.06173942532435278
0.15356406993597335 0.35579676301008956 -0.012238401047637534
0.14574982761082783 0.36873887444272796 -0.02736006972288782
0.1519564103250627 0.38307927891270654 -0.02950131680841921
0.1611522103485407 0.39014070540300405 -0.013213626088746683
0.16259377268993302 0.3939418465168712 -0.009744605614310375
0.12784618267487943 0.39338475958791996 -0.11128671211437233
0.10857756797703788 0.4186234481652827 -0.11850335361191966
0.09909221459271145 0.4254153403489921 -0.11733528114655503
0.10570017853343358 0.4318530154447822 -0.11690692199554738
0.06808562182649938 0.42679435192323706 -0.11732770427698824
-0.004854769851882555 0.42310650922223975 -0.10485877529042938
0.05688437952383724 0.49929177711073536 -0.07964579235167882
0.03387794149833616 0.5067890751257474 -0.07376091971307933
0.02808289549290216 0.49415997524573085 -0.08733788692673614
0.015268130138659831 0.48845499601400977 -0.09128089266100663
0.019178531881143376 0.4789183551761782 -0.09508806612571866
-0.015069950607114491 0.47849007331524696 -0.09249390062975167
-0.0037950006780596217 0.48435789444070854 -0.0920284335444828
0.06499853077651249 0.5532573399796136 -0.039926641854935
0.010176518986551942 0.5405324498067662 0.02565116764618284
0.03633755632750418 0.5328740964809533 0.031105484978749254
0.03402362452023588 0.5401122068396164 0.02594645154050763
0.008211933201831974 0.528906590397764 0.032794868873756385
-0.007214113554239884 0.5300442799561441 0.0330245028271639
0.06265689556665742 0.5157080195665978 -0.06637949317759528
0.0715583977938691 0.501753825912205 -0.07898837228278832
0.012382594312096765 0.5264660271200812 -0.07511922325323976
-0.009059836453601732 0.5160020217859187 -0.08189467632654643
0.0038229074020324255 0.523685293790035 -0.0791497955527219
-0.02465717569512667 0.5118606787281655 -0.08383181137068799
-0.017877384485375087 0.5073575134410315 -0.08259021803825803
0.24285220637988303 0.2722498122271729 -0.06913976978833082
0.01921737486986852 0.5782675284020938 -0.028024299765129185
0.021772330945347317 0.5754007286963351 -0.041256550480939944
0.026247209761665165 0.5685584490731271 -0.04585582789247148
0.25561043223308805 0.2766218163029135 -0.05682670184096713
0.11762154613398129 0.4932036175125864 -0.10846953960530878
0.1043756493847426 0.48297046369853014 -0.10661804051380669
0.00881746719209919 0.5473546083175006 -0.07864815534534395
-0.0029821520070683785 0.5531142804792027 -0.09009822561417473
-0.021751008201918397 0.5442979623292112 -0.09604449210041084
-0.03218062488297834 0.5382367361335793 -0.09750238101567414
0.16335732999014557 -0.08658065228374362 -0.038979744301700626
0.15887836729893443 -0.09449617145450234 -0.052579902375049205
0.12322007300949407 0.18391790010249917 -0.061858863821648076
0.11783202757813324 0.184186334988758 -0.06990845180639776
0.15148913809027492 -0.3975551272609563 0.02930141000295647
-0.02658997591005545 0.205450053239499 -0.12558173176500745
-0.016607555058804215 0.2043639831865173 -0.12772026257067765
-0.030648728648842993 0.26562328046918504 -0.12098858524396262
-0.010021567908924918 0.524613509460277 -0.0847687852721444
-0.004770456076475441 0.18220561269029484 -0.12855404914564791
0.0016212300153934816 0.1520557117605405 -0.12625585439554818
-0.014213709276904433 0.11148121614229897 -0.12372703209492399
-0.008858879166951246 0.12280376282293343 -0.12402346813414353
0.015980475699844312 -0.05028011043701502 -0.10165826499912274
0.03486098038011846 0.14032664705097436 -0.12021646131860218
0.12955121746492684 0.3718966760362924 -0.07650640244341299
-0.009861106661437358 0.28792585775836543 -0.1244361888790389
-0.02167862017382761 0.2911414396942589 -0.1216365759775884
0.011643269748450969 0.36475544519620123 -0.13269780015078142
0.011773357705180837 0.34989981084065613 -0.13561683112185582
0.03005433302130646 0.3572249843093468 -0.13507970951878892
0.03544170819392459 0.292567738633116 -0.11909723515315508
0.010302323083486192 -0.13922443607736207 0.019644260513414318
0.010147122085346145 -0.15585655386373615 0.013289219558381108
0.023274958607570038 -0.15770682547876363 -0.04288678130578789
0.01240797257663882 -0.14994248279587952 -0.02228978787771905
0.03887706973317804 -0.135678086211952 0.05904977205543248
0.029829328398051844 -0.13847227000263573 0.04968241904805053
0.02089329958522361 -0.13053057320979478 0.042423419316814634
0.02148342219165276 -0.14154970251587273 0.040031588288717286
0.005766324386371469 -0.11935672040002142 0.04023006733317799
0.016074918459835247 -0.12383639418152215 0.04332795413395483
0.04876215685076864 -0.20247568913367628 -0.05662111728471
0.049347253221572074 -0.17969275206649482 -0.06506381925392678
0.05043939828688858 -0.2577583604771482 -0.034892451739653316
0.05975019426173934 -0.288556244778342 -0.03561048312992675
0.05324441669621191 -0.31153043651139845 -0.01650892095307204
0.050454910218063 -0.3242939708491296 -0.004508408362657958
0.06015038069358284 -0.36502551597913124 0.00030214043648617024
0.054357741550763276 -0.36194726629710405 0.011450050219439093
0.05586733149751791 -0.38604080223139636 0.02774275755813738
0.07324714217754762 -0.4490529813966548 0.041703140636434204
0.08145954504130848 -0.47222452282115834 0.03948202580992404
0.07434301710063362 -0.4661214355225771 0.05276765827775448
0.0875252478884249 -0.49896204780953957 0.04441831853135296
0.08123353417394362 -0.49496267532783533 0.05391762823586615
0.08718471784612042 -0.526718104198266 0.054572698649345476
0.080952620094823 -0.5146028769817674 0.06352309385163793
0.09293109985874032 -0.5253851113524759 0.045152967540665556
0.08788857950237874 -0.5892513860666403 0.06105844999030438
0.0823481295573743 -0.5608659849122828 0.06727768416349754
0.09647150742434919 -0.5726169902692855 0.04978923759527652
0.08851483910170808 -0.6449038207911094 0.06843206497342363
0.09521430068239528 -0.7425679936010092 0.07977281497087574
0.26192513969406755 0.28693648097917446 -0.024607857703473644
0.1590910371146918 0.3040720865093483 -0.03115289570322182
0.18359032219272367 0.25873788280991233 -0.017753033042877037
0.16387269244801128 0.3008795767332765 -0.015703208934158493
0.18515501246132865 0.2601659392096506 -0.011154937454314328
0.17882317112267496 0.28946931511327645 -0.0017821360896227547
0.22601788592632457 0.2827756197791476 0.012437723684856494
0.2284844302473257 0.2924839670113688 0.009737565770416531
0.24309962001090554 0.2449741438321612 0.017045485642903098
0.2560159066122382 0.2749285930060792 0.002579000534019761
0.2509452601605818 0.2971337835259803 -0.007285586553097122
0.17474824079379606 0.2859177053196326 -0.05804931223210705
0.17366332549028016 0.306896178093916 -0.07488392825509238
0.1952228637615011 0.2615384258971227 -0.06652154316099664
0.13548281071094462 0.39025163397439255 -0.09683475098650372
0.13363214277049398 0.39163943584142297 -0.08976399763963902
0.133756763633427 0.3929269824280286 -0.08457842198556445
0.21290553038975418 0.3362247245876542 -0.08140466144745225
0.20419341514446485 0.33518699123688495 -0.08625128681220602
0.14777945758255098 0.3417841624385021 -0.06934653593269048
0.17213914365060995 0.34617449963059105 -0.09228447778260927
0.16393839528242599 0.3723968379200995 -0.10187724848660516
0.12161971326168097 0.3677208191947829 -0.0891537783849415
0.10095020728140384 0.3326824220445458 -0.09182220002862353
0.08158638555861815 0.3277077454038231 -0.11085179211372982
0.05166308918578034 0.25716217851450035 -0.10332030705078468
0.09229154538841615 0.32340542979958986 -0.09606881564605856
0.027064264252148543 0.451260660717438 -0.1001559247194043
0.027576786184871915 0.4607574504191842 -0.09829906697014971
0.015446746902207924 0.4688772593703184 -0.09611664451951175
-0.017027962784087556 0.5016694609764397 -0.0830779743988666
-0.016053670829413662 0.495441706647259 -0.08527878373268485
0.07139185795807093 0.30523005527076197 -0.10379909447658738
0.14479363020846842 0.3070871258827953 -0.008500627452698863
0.14003978998386954 0.28068965691960207 -0.009952607144960535
0.16057143386317518 0.35370936948109905 -0.09136246828033327
0.18493284048883524 0.3369328458696131 -0.09095235181637372
0.1806587423365968 0.35954549473179087 0.007876040872496829
0.12768975126182838 0.3864168526963847 0.06267019105563895
0.1365701893804482 0.3991711623122426 0.052223480896792226
0.22486794642611796 0.3851007754986206 -0.03840731951304055
0.2185893645761284 0.3956336378677682 -0.0776048869290441
0.1511935068169651 0.04233849442936533 -0.04712096488642986
0.16059523571052842 -0.02745198064115883 -0.004506172327024329
0.16321390818772996 -0.029158498291683873 -0.02671146580924963
0.10482145127659036 0.10591382541094085 -0.10354541920657703
0.07267380130716462 -0.01764797780110605 -0.09862447090257523
0.03199277323674164 -0.16903520528488722 -0.05021815941798264
0.021645692929467848 -0.10824034633379931 -0.05813723658138439
0.2154178366176786 0.3927054720009295 -0.08553853986313219
0.2230577648782134 0.3627304486306416 -0.07314150846837332
0.015431595495553825 -0.17917577435073356 0.02622518339205061
0.16037935579828022 -0.0118450237932734 -0.04006794758997602
0.035352171034562875 -0.24323745906242372 0.052337573820934326
0.023350460158731018 -0.20557687098056987 0.037722458742078496
0.030652524531813732 -0.24319835955992747 0.041841811225001524
0.08992297304329648 -0.21790043217063657 0.08351139172902987
0.09891432310986269 -0.2696520521129836 0.09381974791391737
0.1129305674001173 -0.21316810629538402 0.08018712319501221
0.1253237405580622 -0.2232552076316034 0.07754951329624131
0.1624236688483453 -0.23107132859584611 0.02668088521783845
0.1585956419806856 -0.2865605749990705 0.03620568929758722
0.08960517744153958 -0.360926422356065 -0.023378669916797913
0.08609292475710334 -0.389988765306999 -0.014370617703929998
0.07665429462495243 -0.35539821080987544 -0.020095006944192334
0.06720083885888371 -0.4117940513100946 0.009516422973281067
0.0734517961640549 -0.41503181286719676 -0.00010470574135562027
0.1387094664584448 -0.3749753736038307 -0.0005334484894414143
0.10373457360426913 -0.35048720043472575 0.10103322012158322
0.09473313686024379 -0.3451951295211817 0.0989825759047822
0.09539597521485657 -0.380766822478239 0.10219262633898368
0.10795383606651712 -0.4208785467981606 0.1086174003959334
0.1117584145170649 -0.44607287834092857 0.11484235974848862
0.11693049382326959 -0.48659367141156273 0.128136518126755
0.10663270488532278 -0.6044406800023542 0.04532171624357849
0.11326502139757041 -0.5676331777167196 0.1451478875201197
0.12496425672186852 -0.5542377752867067 0.1441995108824242
0.1309340524327971 -0.6156056038428213 0.14548624086595502
0.13257543574963038 -0.5918539909329736 0.1461469632970361
0.12242675848335487 -0.604681441611112 0.14747323776243393
0.14179696889482088 -0.5915884522404993 0.14284246862586267
0.13376296936229534 -0.57210726269153 0.14529469230709163
0.15147811293930902 -0.5724793297853792 0.13638672003302652
0.15185649394948497 -0.5467216446536276 0.1329482025047369
0.17039456076110845 -0.6137843445762369 0.07445346705826325
0.1675784095385954 -0.5948684028994061 0.05968389892815908
0.10679743038018669 -0.7066353304472227 0.06330045797908322
0.09905001452721209 -0.6952415515192831 0.0677622478749409
0.11525974176635463 -0.6607592782585425 0.14173401804915572
0.1141866251609854 -0.6944829017973917 0.14005801641174948
0.12328252944430282 -0.6615926344761848 0.14183281631032796
0.1303238479404834 -0.6644710914626456 0.14026074919765075
0.14771270021805397 -0.6179528683826584 0.1375991115906933
0.10554486341561872 -0.748545959799014 0.06967449401185902
0.00733278704091493 -0.13562731943090084 -0.01572205214738552
0.017190395111085527 -0.12074004241306185 0.05436411908732562
0.0317412718565991 -0.12541732915309312 0.06235625930177683
0.022116902452176818 -0.12000821136501671 0.06859157208299878
0.15374895651181777 -0.11724746126938455 -0.06146929783566482
0.07473198182820658 -0.0730920729842508 -0.09119400821839638
0.07776597184084211 -0.08388013992618837 -0.09142803189305779
0.0883776299772344 -0.07102126997982433 -0.0934061351292857
0.04405336205995393 -0.07080419712332131 -0.08951436214403367
0.03742043076105049 -0.06539836504128815 -0.09626334394867885
0.049054522997385136 -0.07515789174106957 -0.0838501533864032
0.1522446697279926 -0.3801828397121751 0.025270583136948476
0.14467676810321614 -0.3865027127471292 0.014259410355939934
0.15164843648303297 -0.3639684842777726 0.06884415134442373
0.06478639023744903 -0.21769860564150342 0.07746829872698548
0.08419429077809827 0.16806538679732516 -0.0991414885696565
0.06834538003822957 0.1747821020683557 -0.10350133521325566
0.08561765866694748 0.20583740470379383 -0.08819550292217518
0.09915792266360463 0.20570629573052476 -0.07979272457197954
0.12982794504568962 0.18784100325303943 -0.013956558211057037
0.1309076740665458 0.19405707922036453 -0.02327540147317267
0.13104395992859225 0.19104872845987003 -0.0337339031603796
0.10393426628187066 0.2567250472912 0.05233027835406672
0.015306477315023916 -0.06205992795353704 -0.1023285683649515
0.018707252694909412 -0.03910159402693297 -0.10147144916793722
0.05066972196808949 -0.1376455075814763 -0.07533854129186378
0.05051679714711402 -0.15854848526981713 -0.07149515226852453
0.07790246737589863 -0.12894817122426883 -0.09093282216417797
0.07652971350415805 -0.1596939398950396 -0.08694074004616488
0.12196876154668547 -0.14979082232374458 -0.0872326045382199
0.1362324826969168 -0.15950696435526307 -0.07813907390930133
0.14827892579408883 -0.15895785235747134 -0.06721559307144546
0.07840439542602151 -0.13164097421434762 0.07323761994853083
0.08094206023224466 -0.12386691921022774 0.07464271114634613
0.08384056997688491 -0.11662213109997155 0.07695088007389117
0.14407054240072734 0.35900601979283536 -0.03282934392524586
0.16557983278795832 0.41385818431263166 0.01528576199480295
0.23113770502586972 0.3662901787518623 -0.049842121657812787
0.2262535334152707 0.37573846801418576 -0.06097921918650399
0.2345310554664745 0.35144706508163287 -0.05233188733193798
0.22557148123991377 0.3683509294907044 -0.06698933663531147
0.15504395594412188 0.3180810468895525 -0.022818191575463685
0.15128192406042662 0.3295039258583444 -0.02493406209861751
0.19355555234075167 0.34093149412912244 -0.09089376356898897
0.20046030032428505 0.3564712042875994 -0.09184312256783352
0.18893871095551812 0.4027819002393072 -0.11123853721267934
0.17818441783767922 0.401183767106252 -0.11432543622593022
0.25958051907813257 0.2875327714675356 -0.041851255681564115
0.22524533538305977 0.3458474764916575 -0.07045410296219183
0.2181528267157614 0.35885704262820084 -0.07945915097007096
-0.007709150700931475 0.14988173873378358 -0.12467699702813373
0.11866192193509861 -0.037657518999229866 -0.09267264456749799
0.0036665441947707983 -0.121141086951784 0.027137018572013175
-6.657223590054313e-05 -0.12053191946741487 0.013042721990019133
0.03614409818968649 -0.0930285467319677 -0.07143276264030587
0.05333196601733641 -0.30522711530755775 0.07188393484950253
0.048255198106936466 -0.3068450889630616 0.06389664138882234
0.04732021401378149 -0.3187138933614284 0.05955926479580623
0.060124401270628895 -0.35719255046502074 0.08089544955205798
0.06324017261821742 -0.3416364360169751 0.08235902984769722
0.06818973352473942 -0.36410998959791996 0.08977846614499299
0.061708395519229034 -0.40379451715853215 0.09106312291995892
0.05662382374503899 -0.3679189679828012 0.07746118698279594
0.07291824964450604 -0.4004480072183436 0.10004845780684282
0.07760119548322879 -0.4173129943814599 0.10400292782694405
0.07086612034712675 -0.44235097855027905 0.09786446325259823
0.07207886899704063 -0.4197969064540783 0.10165375496865353
0.06772641167217416 -0.42187997676995637 0.09798984428035595
0.08763895424005645 -0.46350744344857575 0.10744383600897683
0.08938104370411598 -0.4795077366438234 0.11001773449970972
0.08045117065504402 -0.5188048760882155 0.10687273974864848
0.08512108260811511 -0.5040871477509008 0.11024742452604067
0.08540121495147451 -0.5579228394481474 0.12656205126806214
0.09199805643394825 -0.6524465992089048 0.13237974647055653
0.08544433873044535 -0.6142803353872621 0.13231796838823698
0.08733704248886691 -0.74548541404816 0.12326312463591033
0.08649110409351651 -0.701181443727327 0.12062555651849301
0.012023273097248795 -0.12587438462095984 0.034545911988914886
0.007815652310114522 -0.12463772275117281 0.02802880380479502
0.0007880149592192028 -0.12390108834285773 -0.015526601081143055
0.0005995120163872592 -0.12278185428131638 -0.006903324788481396
0.09324773848348314 0.49847519830840276 -0.08805842233274715
0.08796590818110495 0.4857784002683452 -0.09317623379231356
0.13782544449941092 0.38042653405487714 -0.05835925308696722
0.1547990463521812 0.34649894749607546 -0.0838445311146679
0.02069720842911777 -0.11488076691705958 0.09292277174486317
0.030444276094393666 -0.11298990600374581 0.09680892942292005
0.07572058322240159 -0.1411295531001413 0.07265717171026997
0.05988373360508998 -0.13664181881216408 0.07000089239612735
0.09097695184064919 -0.14578464232948662 0.07342852994639047
0.25287989251031284 0.29939159601749843 -0.012776943610390277
0.2497143927770005 0.31304666488507543 -0.020434263162605097
0.1420797068173457 0.3578329301555283 -0.07325196112329509
0.1381889165580603 0.3692040932744122 -0.06834892654763886
0.13353274273666113 0.39373089361603086 -0.07640922459691839
0.35087255671805223 0.07321626532522338 -0.04961962536994986
0.3438058775833576 0.0753636053616912 -0.05898450742205844
0.2955000245658975 0.052963825487856886 -0.04468161051040333
0.3260504605902912 0.0544780658219875 -0.06793729408227381
0.32824025777436083 0.03783133613757109 -0.06866305460875734
0.3209895503353133 0.05234459199218974 -0.06607672558596417
0.2864109266055034 0.07939310746096312 0.001972944426792322
0.297364601757248 0.06284003862875503 0.0006493372839414118
0.2488040323246288 0.14613559158984182 -0.03795505228719382
0.24249828149733385 0.1512363396233077 -0.03251950367136275
0.3386781561500307 0.12973950111371677 -0.03604305993822887
0.344779748204892 0.10460806922975606 -0.04252352021917336
0.3318847891768425 0.15157270055977012 -0.02985803882102342
0.33209363365001526 0.14795048511840814 -0.038171309697141755
0.30675844983459 0.08249101697528706 -0.06355057779102974
0.31002198365079164 0.04320790754338885 -0.0028468954589257727
0.30983683314472243 0.04541621852996086 -0.05746562310730163
0.2843560270779756 0.07806401327780993 -0.04609318809427506
0.27620365700740435 0.10016822413657861 -0.048860577310240606
0.28094510575063875 0.1174139029983761 -0.05635312224070031
0.29274127387541166 0.10073534069760985 -0.060129588203749966
0.3363141962804016 0.11527020941583752 -0.05237906112580377
0.24965110963701706 0.1324070248943126 -0.029747074712656262
0.2562657808645539 0.12493974727150312 -0.03624695318913649
0.2713135743101364 0.10087331410631904 0.0011058547572149098
0.27073988211589334 0.11099505731115307 0.006980898852529143
0.2970919119683774 0.1957343828624403 -0.050877272066478754
0.3086226033517278 0.18480033767123552 -0.04915340404804431
0.31625028988683784 0.17902057752623265 -0.044888014114949935
0.3174720099401941 0.1852876742370591 -0.03540570927888089
0.3025746349234183 0.1935987628226952 -0.0008879619427017105
0.29192389697868126 0.21378512655842982 0.0018707081246985913
0.2907715940100472 0.14646460715063422 0.022371118262710356
0.28843117170521093 0.13050130185672626 0.01945186652505094
0.26330802012430066 0.13230084000236753 0.010319201509734397
0.24957610950933024 0.15223234592276666 0.00760190554801761
0.22235511492017582 0.19692641160356814 -0.005554564750940188
0.2166610284555674 0.20818077861039513 -0.007395891409551545
0.2203788484394808 0.19496687804748342 -0.011653738906036755
0.22082828923721828 0.2029537657977493 -0.04319796140762082
0.20970777117531803 0.22010687839837811 -0.047161036233909714
0.28982073713377704 0.221962713328056 -0.04142001697112863
0.2869998768937134 0.2282265201061493 -0.04000946261512518
0.2847960238730431 0.1641601148135368 0.024644534404466827
0.2816965647708254 0.15688725023898242 0.023994749219380124
0.27849593101891884 0.14879031131144038 0.02211855139189674
0.23676723295014804 0.17699032062064554 -0.0392368892648292
0.22961973991417853 0.18989634489772214 -0.0407309206168787
0.2406907658605394 0.18017780876479278 -0.042998182391904595
0.2740738853582863 0.19484906808797126 -0.05189471065232695
0.2900149529890112 0.20961732814212242 -0.04864032218026877
0.3024937966249908 0.1997781539506192 -0.04530265699930492
0.2773419540390822 0.18536634255251966 0.02384435533447639
0.24201778223314557 0.15864333779466416 0.003690217281411467
0.2683368815036668 0.18473315196443416 -0.04896711792631553
0.2660223597824737 0.19034515123077872 -0.049044639287875544
0.31003967737115773 0.20135220136092552 -0.030297511681393184
0.2305739606754817 0.2126202161249432 0.008423720669369984
0.2277196739382952 0.23634749463161508 0.012199477063767734
0.2140938632738858 0.2072244178005635 -0.01340410160761481
0.20094751527491136 0.23423456899723918 -0.05016993665803715
0.22422745705210465 0.23530786181393182 -0.0669711297214345
0.2377816079145808 0.22779380154032008 -0.06436552383564131
0.2776227045954331 0.23887916142035917 -0.04585098743733656
0.26854083867907086 0.24136343003578706 -0.05428186360545319
0.28426590059292905 0.23732255397732316 -0.0363699906860134
0.28616907724910384 0.2383750548902428 -0.02809657046633812
0.2883322483944895 0.23516082258686763 -0.016944712282150522
0.21852744931831414 0.23102274881196708 0.0061762968349243896
0.19188020657407678 0.25054531663169605 -0.05292634243481003
0.18671706062604296 0.2559082469551079 -0.04725320215684199
0.22613147565140126 0.24309674983631785 -0.07070450274495406
0.21524117214695404 0.2492696377299255 -0.07125303375620395
0.21273446658385134 0.24095267247226893 -0.06631344909022137
0.27797313590669004 0.25146051265681363 -0.032817321360391845
0.20003342422823195 0.23483512845866458 -0.008812549313909072
0.22721914747850247 0.18713298758764996 -0.03556960416905943
0.21829050294648872 0.19777956374053643 -0.031127729443663432
0.22776620563134797 0.17998998193447682 -0.028900476981234387
0.224752957447592 0.1823518516039126 -0.023008771881546933
0.33511807232440444 0.07583745617278168 0.002602016506395274
0.3266497360924302 0.03941525747876598 -0.0006425919934999961
0.32471478700285544 0.11524519457759444 -0.061496342528416584
0.3438253030286331 0.050387753814946 -0.06759104805875286
0.3366330940822231 0.05851485750505356 -0.06784299471954723
0.3412239076536326 0.036718258657170794 -0.07152045301326687
0.2857753317490393 0.1827153556166389 -0.05481916513322983
0.28117375122646426 0.22076148513993638 0.01029280904301819
0.26769376112667587 0.21034799349927175 0.020189283747002486
0.26668702581271836 0.20161304768018773 0.021874487296217836
0.2612731171659646 0.19853371618290958 0.021861479965741178
0.2741853520373897 0.22035232596167248 -0.05280370312515808
0.2647752105255249 0.21954815580735404 -0.05616335448360527
0.2810630657088592 0.21305339586420816 -0.05160989601484152
0.28727301804345434 0.20024921951079053 -0.052442225123308574
0.28549211418556236 0.23271493903384508 -0.003908256331327387
0.28737714820405547 0.22339866875605938 0.001647046452045183
0.26355392218777446 0.2349919281788713 -0.05821336180351461
0.2489880645026602 0.23932191060495162 -0.06545897735848148
0.24786224652112226 0.2213365869310105 0.017837898026639015
0.25086648399566946 0.2557287930827117 -0.0654390472595788
0.23626181554985481 0.26617605160367525 -0.07289676641738085
0.2802928315064934 0.2375388251536057 -0.00013419437054499483
0.24401448917699303 0.2587942245754757 0.014547216887554762
0.3237703661639719 0.07558837265586907 0.007489666339314985
0.24054546008927863 0.14377301798555986 -0.015885989215326395
0.24519943860543403 0.13682604076769767 -0.023008979049329456
0.2957698695287203 0.043903772278116815 -0.0309187621273501
0.34316155717791336 0.08178082714898988 -0.005344455089351642
0.2745191459266489 0.08293176414082298 -0.032242673412555746
0.2642700075798522 0.10415264589160488 -0.03437346356483303
0.3255181400604947 0.12006350962330276 0.006770702871044802
0.3291666353132188 0.1246890009514584 0.0019047783030537466
0.23875891830767818 0.1751633832240203 0.007479084950829293
0.1999424230048049 0.22822502745810963 -0.036019408090914
0.27415080509842443 0.1683634092714834 0.024977587555676015
0.2780218122100699 0.17612093931263212 0.025147238828816577
0.23541695146788208 0.15575664501546277 -0.010665533604494069
0.2432904913728394 0.14154128052614245 -0.007085316242427518
0.1960811116888072 0.2335279475209249 -0.029306173854658692
0.315431338852664 0.18795213409694322 -0.017642908030540652
0.29668137783270165 0.22026804054261664 -0.01037631907843283
0.3532216824448811 0.07545175985747002 -0.03625532453343288
0.34482884266475283 0.10907661823748174 -0.034221706293986034
0.3500683998557211 0.08774869400608516 -0.02934423595969507
0.341247515893791 0.11922087084651792 -0.023698238577550056
0.3342388966594908 0.05132385539387638 0.0005679788863876293
0.324753632139518 0.05582894558521115 0.003762235509596547
0.30455427788747585 0.06993326134875599 -0.059988578133308136
0.31328614454171094 0.05963971466149595 -0.06308999420672622
0.18784833531552436 0.24889482826147188 -0.023709427115799406
0.20166974844608493 0.24862191794513772 0.0008720947953306704
0.31200263016701446 0.11002981252956398 -0.06540285019612493
0.31946702162673124 0.10903581952671855 -0.06443858523369166
0.2794428981170925 0.2494057759586188 -0.016637657257636024
0.26410898426419394 0.16336737961449307 -0.04892206595152086
0.2784006471503536 0.18056643340852332 -0.05267060466150661
0.2368718018551748 0.20031940042705812 0.010413439554680496
0.24610770667753495 0.1996616326066063 0.016126148418896803
0.2353636209576869 0.21800013946577665 -0.06022237065765632
0.22714335354076823 0.21865649712655322 -0.05952925501852652
0.24936259528401175 0.20558602261603467 -0.053278938829551856
0.2599088745849192 0.21405704694265043 -0.055655532207827145
0.2242099874938424 0.2103722137016496 0.002739182086584032
0.23057508717918407 0.1972416777512233 0.005095714421961231
0.23829809727097315 0.23840669555275842 -0.0682726576216997
0.23221272065116888 0.2522422389443493 -0.07245229290237667
0.2997912826190556 0.08266172779328332 0.009872177234806443
0.3020391827523298 0.03875768061841814 -0.01497298012659544
0.31885179189538077 0.011426735678765955 -0.01936924545305011
0.2028465969470968 0.24745699086594342 -0.06389759349505089
0.25302825470482326 0.16749531281478347 -0.045422530804720855
0.2752373100435747 0.13651591773357596 0.017966924468257008
0.22492306643953316 0.21227916208213582 -0.05398593618624954
0.24270327768338068 0.18829515222020973 -0.04617298313826949
0.212237910511478 0.2309738981263763 -0.060289248146434674
0.2863332639145674 0.23559192681204358 -0.009935759032149393
0.31701182187275584 0.17956948409319612 -0.012772359181562767
0.30961369593175464 0.18895504333571905 -0.007264921920575235
0.3214849376900019 0.16062395544084285 -0.00570928172677036
0.0013471829976419711 0.48041055703695756 0.05723370596951519
0.12299031967911811 0.30387405659630423 -0.05584498546782095
0.11321119819171496 0.3159627170042209 -0.07056258195840132
0.14800307360073922 0.36616389099241087 -0.03288797185803189
0.13941580414998198 0.36874919920626337 -0.04858368146833787
0.13947532953183903 0.3937711636490428 -0.05113901322276088
0.14920268697013328 0.32975270311262556 -0.0517980757294535
0.15858306723959983 0.3078687527349804 -0.047007035765093914
0.15168242570818713 0.32120506859752296 -0.04218791614279361
0.17714432675285677 0.270966283165515 -0.041406540004310696
0.14401746600298979 0.38283245319155834 -0.04471146874419513
0.21850867305220012 0.19579119004246517 -0.018354410111542957
0.20967308102308377 0.2113099892659135 -0.020387800502392518
0.2181582466088084 0.19606428543212798 -0.024819550518622138
0.27110241471607605 0.08871648230240081 -0.014666503751043274
0.2751725464491822 0.08766430160422112 -0.005481300943887108
0.1080500611537474 0.31679587989979885 -0.0765777170944317
0.01790112709990615 0.5702984186205542 -0.05552534438861485
0.023108687600665822 0.5631205759817973 -0.05372758421760462
0.029208599072715117 0.5604296275426367 -0.05049404295666541
0.014642239759724868 0.5753652204245578 -0.060687058156136044
0.022594110196187827 0.7169791276778368 -0.0895784140187131
0.020421364962475486 0.654920103536336 -0.10168434561254665
0.022520003056270787 0.6571275051153475 -0.10185298450650633
0.012509349171618854 0.5898596184210694 -0.06918404244181744
0.011141059561570006 0.6050996336544027 -0.07532263245152329
0.011495892023629866 0.6221698300929651 -0.07812621500635668
0.01349157755022938 0.6426841331494276 -0.07920167730134436
-0.010860523202497436 0.13609439296459858 -0.12271305983903834
0.022974595244860112 0.6956640517403283 -0.09254288672162513
0.02256863456110312 0.6893133401570769 -0.0883864674721688
0.01760254848937769 0.6755396460602985 -0.09267710576813867
0.019171185214551398 0.6796694475490502 -0.0898663030440269
0.028455684488776282 0.6948543248759819 -0.09414437431790443
0.028095954308795003 0.6919562672842893 -0.09176882171416259
0.019801620410111614 0.7118893475977988 -0.10795284062892395
0.014727896067402494 0.5373544360874521 -0.07241316146998475
0.01921155550215213 0.5434668327066576 -0.0671726236829309
0.02905701710197763 0.5528269561323798 -0.05522064777727002
0.03821564515588743 0.5615368610736658 -0.044896471738585034
0.03195000794679065 0.5689158298161037 -0.03819697423022986
0.031048775783938023 0.5709822376466359 -0.02982062513920702
0.01163720449164957 0.5619072252624537 0.002346570212939409
0.006191475371699986 0.5579368219768056 0.008479433852754065
0.024690114377238486 -0.11902487628725411 0.07834025195306694
0.02231058618592016 0.7113386554373633 -0.08906309449623326
0.015996174318789153 0.6616206669619347 -0.09031905127535689
0.02491973261762272 0.6835289936363872 -0.0805102349321023
0.021179374791307527 0.7090522439575162 -0.1056673077503357
0.021536815924362147 0.7087496308335175 -0.10418203599703373
0.02471149782608337 0.6894822377689388 -0.0802834656988392
0.043406586617144256 0.10898443012821965 0.07146800314097264
0.03833466213823756 0.11872518676118814 0.06921445802974723
0.0276048517671507 0.09012440946422762 0.08114223928740787
0.1368969681028259 0.0703375323060429 0.02759874656976634
0.12997777825259402 0.06190024415982273 0.04008286474204033
0.1388067571813184 0.08078114523920177 0.026219680633105442
0.15236567796850847 0.09280385428099759 -0.012777746719628204
0.15115890421409042 0.08315659319623292 -0.0012395081652999851
0.14628430522515742 0.08625434851055827 0.012945531178008422
0.15273794830366794 0.08861420991067565 -0.026237668646389923
0.15294534373888455 0.0770888731199777 -0.025316755434854617
0.14829869982871866 0.07244299926965575 -0.050214073789439484
0.1432082029055866 0.08444532968296098 -0.06049529133975311
0.14200095026006584 0.050207901165610726 -0.07041996455657326
0.13053439677987377 0.04017418582444818 -0.08745694111028407
0.12084411826076324 0.0447348247330211 -0.09435475256559243
0.09869475384861717 0.014410609597293124 -0.10284202363175249
0.08544338259671755 0.00906679614814876 -0.10415067591715102
0.08457189689746208 0.023306431466666448 -0.10533217447042564
0.08702227151879373 -0.0037613676544749875 -0.10070452383194503
0.07208629357707422 0.01770731423663033 -0.10572593816000006
0.030618534913703716 4.630626976648476e-05 -0.09927344888104882
0.03464164552884249 0.01132776182675513 -0.09963247123241833
0.049776781103230715 -0.0023849949821878307 -0.09851483063373175
-0.0020402740706029457 -0.006407816766246242 -0.10239385905358987
0.005119843556734864 0.005715716532192441 -0.10053331405033235
-0.010916441728428835 0.003929060170379863 -0.10092612578634917
-0.016188653393189405 -0.009939562880813739 -0.09823976567137603
-0.004877871971104833 0.5403872631347434 -0.08750995262636117
-0.008746477919825696 0.5499746352566252 -0.09247444451626351
-0.01898344189796242 0.5760217008977883 -0.10658947378322889
-0.02096623062892705 0.5796763380944411 -0.11123696091643732
-0.0181191309258949 0.5851760408841057 -0.11500763433105579
-0.017435953409260584 0.5876551834458207 -0.12229491430076386
-0.030494579872416026 0.5768439473675756 -0.13966414955976822
-0.03170776864715306 0.5781312506883384 -0.14809818844971478
-0.05291364066980669 0.589445652081251 -0.17303903327085776
-0.052112029358260946 0.5959932490144105 -0.17514998511468424
-0.05854458447975256 0.6036031352808068 -0.18018526798782714
-0.059754161956236465 0.608094851487243 -0.18089349939477892
-0.06042332027587686 0.6126172447057064 -0.1835914077478327
0.06947427621815366 0.4767997713723698 -0.09352386578382511
0.07554246715690317 0.4891996162328398 -0.08770211162797525
0.08099774665861534 0.4700528516648639 -0.09871524586642595
0.08334065203726819 0.5474758608270259 -0.026951597774076574
0.08473661718072133 0.5460722344117278 -0.03736578932176415
0.1157605478476478 0.513171492383514 0.017326135570347772
0.11100029948704378 0.502781504056337 0.031219241678706357
0.1248604753976979 0.513546537777603 0.006655492589684236
0.072482870987436 0.543030359520417 0.011658312179805341
0.08262770783950293 0.5454075410406941 -0.0067164927390871215
0.06276929869652244 0.5528168798260047 -0.007626271689378708
0.0801441143281031 0.5438149267638225 0.0032245493064625205
0.05741807954163587 0.5388092390900391 0.023459164405731526
0.05142173976742395 0.5341285907004173 0.029350946766194975
0.15796873026413857 0.5088271518198502 -0.06399937824784253
0.16715638265700944 0.49974712446056924 -0.058759660980948696
0.16687338590114728 0.4670492792650594 0.0017087899899273843
0.2062902027268041 0.44476861053696365 -0.08182774886165214
0.200531475449633 0.4578155095073855 -0.08237122073566543
0.16749125993642175 0.47645620533308647 -0.009333022181459335
0.028275765220967794 0.5714347111110244 -0.02199028772884516
0.08080667039112253 0.37175599474752313 0.08404101727399178
0.08943345597803092 0.38868389651086743 0.08528265007265934
0.12148985328382764 0.4030076489362846 0.06697128814417774
0.11634531348555392 0.3932093039152106 0.07202210551901309
0.15001830461107307 0.43143954300024706 0.030732353092873546
0.1613984890305061 0.4245604246603125 0.021116069610814102
0.1518781101928308 0.40739953539702056 -0.11891069807843424
0.15491660694158432 0.39766065217370994 -0.11502740480654534
0.1456490626439155 0.39439272716077917 -0.11204373072099752
0.17096394623242775 0.40844120901893355 0.005628357935619772
0.16925007593373817 0.4047698066336939 0.0046146590681085025
0.14755752661572366 0.5156682944893219 -0.06968090377958551
0.14343326138599516 0.5154199715037004 -0.0801992699562966
0.20174515207249744 0.438298311370076 -0.09900309953524801
0.17584627518561446 0.4138157533144157 0.005220391556143108
0.2010014559090969 0.3954051941516558 -0.10272432416628513
0.19436108786492942 0.4174307449571909 -0.11001536581941508
0.20077298413408154 0.4225971905641934 -0.10401622767510695
0.16437838249439296 0.4948536793086207 -0.10622325923332226
0.15920831870104174 0.4882442022058641 -0.1149974445043926
0.15030483427789484 0.49651947477349734 -0.1107222602038297
0.1654038310712411 0.4805883879158175 -0.11690549144148418
0.15343767839595768 0.4790880384239828 -0.12149151476428427
0.14227793625497429 0.38687114501052733 -0.03798265801259124
0.14569134620111396 0.3857013105098274 -0.030558346572
0.14692793401067897 0.3892310292333434 -0.03692847052042125
0.15219911571731648 0.3877897768161883 -0.027914619916496863
0.16212766032031903 0.39691099503406196 -0.005855806526212368
0.16466624570030428 0.3989201436204688 -0.0021885096259273654
0.16356952134298589 0.39628768308655093 -0.004451644323056838
0.16835015789623994 0.39093277481682515 0.0007641961242422046
0.13770147258256707 0.3882097432220978 -0.05946030703358326
0.1408979420094791 0.3829179626556828 -0.0517037743348129
0.15312634131948744 0.39141001597730873 -0.024171791549716687
0.1581568624203672 0.39199088416192235 -0.016635489739780258
0.1478824830199954 0.36941580916073535 -0.09163769675038987
0.13818240947214772 0.38416586331874514 -0.09139418815809959
0.1363647722422702 0.3866050078193205 -0.08297106780887421
0.13486467014314477 0.39517212626767534 -0.07050187808589423
0.1341922410777099 0.3897339523808234 -0.09394453032485939
0.13460905056365585 0.3917628230843222 -0.10427470076457179
0.14469809648799278 0.4718194395222823 -0.12479284583289607
0.1553854988765612 0.4575874578759785 -0.12565254653544505
0.13868720674024018 0.4608730453427661 -0.12599753639534905
0.17162022889824607 0.42119890218485606 -0.12068430729077503
0.18864859048807192 0.363185948236637 -0.09812600731391645
0.1387925812659281 0.37538020092650143 -0.07849727983006548
0.21236122481741893 0.4194156244106796 -0.08556232314087205
0.21435808444200113 0.42089886134427984 -0.07777551907172928
0.21424796178164274 0.42437879688198243 -0.07170056873467646
0.15947265148276119 0.38541010900316697 -0.10865910161349356
0.1739310877910323 0.3985163083129131 0.004289549936651996
0.17551667598244888 0.40404273700676563 0.0046320228897617395
0.16627510572407325 0.40522019412981025 0.004679896736234422
0.2095623254248842 0.4144401597281944 -0.09309534314277026
0.17552460020041732 0.4944497122194599 -0.08726229415431518
0.16863347920503594 0.4979567678961432 -0.09590980342997082
0.15988707960512552 0.5054859444701304 -0.09093045613655533
0.17512612673402314 0.4907124156448519 -0.0989988169299603
0.20900466350323604 0.436486235418548 -0.051633186892779286
0.1881192555504418 0.4619515332678697 -0.027751033676071676
0.1796924337189041 0.47063685486262125 -0.022817235475871247
0.20922217309825722 0.39301918694019894 -0.011684048222577533
0.19870197095509992 0.4245836462790316 -0.012380026759695115
0.17973668313091437 0.4607484896331092 -0.010920075122981026
0.18347507824978368 0.39388077967744795 0.004092558759756471
0.17968800942315977 0.4073190778844306 0.004158071013286843
0.17142382112616794 0.41778068388482653 0.008322698743415284
0.17389339757629668 0.42469987747462934 0.00806595391682399
0.11215532042921694 0.46556536579041946 -0.11778903369581574
0.11807074917102874 0.4620583018942324 -0.12055369005789833
0.12956231289736536 0.4542393925368569 -0.12410028236414881
0.14030470105798856 0.43845323721520646 -0.12461772713669958
0.13154189368941457 0.4178620643772539 -0.12011553262672638
0.13148646033548497 0.40137311061025627 -0.1147747564845836
0.1422210925528587 0.4048239497784054 -0.11740743084860068
0.13719813688999166 0.3968835382107174 -0.11229732145627842
0.13828659803343551 0.39373405299517267 -0.10891113652360104
0.13950745253771635 0.39033731567917795 -0.10508285197459259
0.07143989339339477 0.44385001360073134 -0.10986038678077792
0.08842879154176636 0.4471982535534754 -0.11018980957700623
0.09815945296414175 0.45968809745642303 -0.11072323305417807
0.11598106817407537 0.4381710051229841 -0.11908720920170433
0.14308394938812538 0.3822974478690958 -0.09804481671762394
0.13746970126695457 0.3943832892112406 -0.05637198341960011
0.13604990927939975 0.39079849759222135 -0.06489655477449346
0.16110246008130452 0.36204821428871825 -0.0025417712713752603
0.1653938884805093 0.3615867438481069 0.0012642483956244767
0.16945523349529898 0.35445347012399264 0.0042291904208215545
0.18398992364331684 0.33190820710160335 0.009293483317030747
0.16941425024691836 0.3398315228838002 0.0038058921090605552
0.20369003715745088 0.29850145278301415 0.011474577346177867
0.22605434239881406 0.25489379367456266 0.013515496269946055
0.2355083183018778 0.23379170291256032 0.015616753704571952
0.24442079669845376 0.21494267501378234 0.016409718974258962
0.262115767398242 0.18751293333324698 0.023073902420704822
0.18144557005874357 0.3759099229199307 0.006401041840750178
0.18698232821605404 0.3764007254682468 0.005831662089077821
0.22653502166105144 0.31024029467211794 0.005657570648447446
0.25045729740985123 0.2605256536299825 0.012186065638680871
0.26047299730027845 0.2387377234732614 0.014832694114823214
-0.035958860191231685 0.6127347536481441 -0.17462949042978881
-0.0676734365509992 0.5934470616756417 -0.17680969271417293
-0.06400667185372098 0.5905891932249876 -0.17576020547491786
-0.04279195596555526 0.613993527153283 -0.17759672966478227
-0.06798009548991935 0.61612458397679 -0.1856576235174984
0.28404775502645374 0.20362064680062242 0.014652521965509277
0.2803101181801634 0.19835089123309846 0.01903857288818662
0.2970182436508253 0.1614222652733251 0.02140072864454895
0.2895478067078027 0.18585081499668404 0.019288049324941978
0.2859816203419316 0.17427674595223647 0.023816515543571067
0.2594474807159797 0.17658485978620467 0.021462185835402815
0.2617046513981246 0.1634550616080987 0.019544722807613615
0.3138791746361794 0.12015846305704835 0.013758210101540899
0.3102074399701953 0.14540411800374914 0.01572432675919763
0.324885473361999 0.14343858751808003 0.00024198948839847278
0.3290386365376426 0.14761660057499154 -0.01142745003432775
0.32202674901524236 0.17265134464205723 -0.039693226903139006
0.33005703823725796 0.1444160362412522 -0.04667350756328302
0.3268633430512226 0.13668994219164493 -0.05410812006509479
0.3183665203695761 0.14732488112301703 -0.05743295950734203
0.30406629006141384 0.14399078871498558 -0.06264207956613402
0.2702719630506539 0.14083473378363415 -0.05218417890889638
0.26632663402818807 0.12356542523715794 -0.0473219631098525
0.2678493293820578 0.10570877843467572 -0.04201355833485997
0.2592693301723215 0.10872815870280665 -0.01752598790750541
0.2635679301955604 0.10089627968672285 -0.025545238287082023
0.27306269985554416 0.11902170522513525 0.01177397436835974
0.36427499518509876 0.0020719805090770056 -0.07383497032856663
0.3701029076007791 -0.005179351057095603 -0.07147414579044388
0.36272899575646644 -0.01563302357053747 -0.08030665551398186
0.3674380547790955 -0.015073827244337116 -0.07826104228322436
0.3539943752131891 -0.021658249372182328 -0.08024127275362901
0.34949945382544245 -0.02177120159709386 -0.07773018519196362
0.3426508963225924 -0.03202809948150165 -0.06862530374794125
0.33895432979640727 -0.02811422668212493 -0.06419632411944626
0.33741969017263024 -0.03323129805629654 -0.04993239615222662
0.35457857403683213 -0.03229716437720512 -0.02626183142317142
0.3614689825457635 -0.04554590598717224 -0.03040031546073268
0.3625854809267767 -0.005678218893085283 -0.02136487899684498
0.37206228557314214 -0.022900606536468523 -0.0277342305016317
0.3656569601158794 -0.002128551605817262 -0.023318592036980244
0.37737083186025044 -0.01604300860885718 -0.0322831589290756
0.353029758015827 0.032397449677841667 -0.06933961181002048
0.31656093882117065 0.013951184916189048 -0.05116433723300378
0.3251144018110868 -0.0032935247839219733 -0.05504128148127745
0.33251486379992523 -0.021492845939784396 -0.037104355799003556
0.37513894349210936 -0.0015006159856708872 -0.051624738209286994
0.3797708727787896 -0.013830257818761236 -0.05407741091266808
0.3178717125953498 0.004768676920195976 -0.03293717939322099
0.3059057125230668 0.025887348660578905 -0.030828622668286256
0.3365649872184456 -0.027028309589067653 -0.05975619083493719
0.3408743166814435 -0.01127962025789933 -0.07243789222527706
0.3598041024354487 0.04769349717916982 -0.03115570561050514
0.3676901737360678 0.020974821042851814 -0.040121856323865585
0.363848728816871 0.030044541896231795 -0.03107469957140615
0.36740139659191473 0.008852997631665279 -0.02768158510893432
0.3680787393547787 0.0128281328921977 -0.03146053602709442
0.37796900229794933 -0.013755567741755792 -0.06269992250730201
0.37531251447971214 -0.014488126099427899 -0.06991934531797028
0.3752870805718549 -0.003064102206628642 -0.03923913785650247
0.37977201450455306 -0.013087029850502805 -0.04264283881553145
0.3632399012823268 0.02260966258834443 -0.06393091516134886
0.37087693728250826 0.01127731825068379 -0.04790894895507376
0.3208611362079074 0.026868081262866248 -0.06223862275780871
0.3194947678906046 0.039915860405371095 -0.06369185337787552
0.33249923382054414 0.018133838522545468 -0.06985185421570843
0.33880707615063804 -0.004649474530835694 -0.016624549420712304
0.3628343841644768 -0.027161947893894086 -0.025302844628213826
0.33591590288677337 0.03731143598111436 -0.07098730346834307
0.3553287061291597 0.026405875399448806 -0.014838650548784214
0.3671604368584506 -0.12550610459185113 -0.08567881106974444
0.3473056895606532 -0.1015999486658622 -0.09749613516534329
0.3483123531375412 -0.10432519475539004 -0.09179934407237479
0.3677027445295809 -0.1283780294136594 -0.09282649875330856
0.37089777940834073 -0.1301841696408117 -0.10091573589047129
0.37676860387580263 -0.13382133529414375 -0.10153444857393802
0.37381113860749887 -0.13476424958843092 -0.0965985488693665
0.37755753787124474 -0.13132260345486046 -0.10361921806540064
0.38879137875111996 -0.13556639235280948 -0.10191903012869297
0.38539907551857916 -0.12706881224005862 -0.10366779758154095
0.3943639596031767 -0.1360978360744679 -0.09944482833911229
0.40423938378169416 -0.13291483488039618 -0.07849322441488515
0.40569939808682715 -0.13168633336256647 -0.068923992099154
0.36992255190822676 -0.11671124092953815 -0.06728083602290295
0.37230482437549034 -0.1263120941246313 -0.11267350559395481
0.3753635805196227 -0.1229076646695283 -0.1105469869256328
0.3789087344453374 -0.11986428077939826 -0.10868313767296768
0.35345688311258255 -0.07940073523150565 -0.05083477021241239
0.35115019916686285 -0.07305935376799111 -0.05727472714116802
0.3497472172717831 -0.07377345725819823 -0.07710961594893062
0.35180484115178884 -0.06998711465249946 -0.08349722513451188
0.3496043836602131 -0.08897693782355809 -0.09907558559336144
0.346400561856027 -0.0887402198627596 -0.09061496919452264
0.35390401377978487 -0.09282960646034923 -0.10636317903131916
0.35625911198325316 -0.08017880779323627 -0.04265406831673906
0.390268578090568 -0.18554876323544922 -0.10150369865631859
0.3799820479559589 -0.067483959120959 -0.030720906483165052
0.38384469417293987 -0.07400281572673534 -0.030921252497816673
0.37085288023159485 -0.13098945249466526 -0.08769342890555996
0.37943025413091563 -0.14823407918905568 -0.0959174876467445
0.3855834116771425 -0.15572782440992416 -0.05672902903161447
0.37712149061811384 -0.05843252407508398 -0.030641272834819336
0.3921738791118226 -0.1269413912044629 -0.026536153958926896
0.3875647230742454 -0.1283046532439429 -0.023038973404517382
0.39016950679166157 -0.06872043702290781 -0.036504680727646406
0.3585008918464341 -0.10061607172698456 -0.1138561173954316
0.3584843129850211 -0.08113602745006482 -0.09961879812090496
0.35987622037595685 -0.06724626676335499 -0.09046467424704736
0.36531151916324617 -0.06606335790667495 -0.09096044296644919
0.3794875864033085 -0.1401180914779001 -0.07347508167159265
0.3677898575453465 -0.1157129114008445 -0.03553126532679722
0.37024071703493217 -0.12251776213278964 -0.03914281935081821
0.3755392067666877 -0.12521626342237924 -0.02331750778502004
0.3726327555696587 -0.12153304450306786 -0.11679593551200168
0.3750551836658782 -0.11691150186864892 -0.11325505625146001
0.3675681421887031 -0.07527732152033956 -0.029678457843884926
0.3702499015365227 -0.07030502094718494 -0.030089799341180064
0.373408108084747 -0.07686817305044408 -0.028264205431894958
0.3641617507387221 -0.06809928134929549 -0.03245600801046562
0.36763063720128464 -0.06335529090537806 -0.03153440664875978
0.3567490229659762 -0.09306619393221288 -0.06172137465974543
0.35111327210675974 -0.1073882184756611 -0.08681872898277992
0.3521725671574275 -0.10139457229595816 -0.0772984986206204
0.34635556138358226 -0.09313636975238772 -0.08747575887293918
0.35005034296040594 -0.07444654455067179 -0.06767610034737172
0.3550917429566425 -0.06621392199863324 -0.04178503312523812
0.35708634739502054 -0.06201722203651023 -0.03821965408300582
0.34963479624980837 -0.062258363571616744 -0.061767598206298034
0.3484857467713259 -0.056224839284760075 -0.06364104851775225
0.3512591257720522 -0.06232193696928906 -0.05133734760473547
0.3528252858950523 -0.06250883255840561 -0.04630805280975865
0.3539180010975675 -0.05952064993336209 -0.042101099822126516
0.3857316472826607 -0.0503017123640041 -0.03301203401040986
0.3529144346583876 -0.05972861690952353 -0.08068521899969847
0.36032297559936194 -0.05962361849325831 -0.08780961011172538
0.3658112597935575 -0.05822566950840974 -0.08903076214840097
0.35406365028098025 -0.12185699864524101 -0.10750540202796023
0.38215368847720604 -0.13860519483005052 -0.10188816562687233
0.38647435493740095 -0.14525613284278993 -0.1020848027158724
0.38128941110114706 -0.14179099631797104 -0.10047989094887318
0.36056949018185824 -0.0935590493531799 -0.03601020572460226
0.38084193265441113 -0.15238515406929626 -0.0866378869784991
0.3873787626269413 -0.16374822151579888 -0.08647258599121524
0.385551132938241 -0.16152285691852325 -0.08791135049073323
0.38209792609318705 -0.1514163480443258 -0.04713278090585185
0.4037301430329881 -0.141693512236703 -0.0789072031817761
0.4018416526504201 -0.13425526104402935 -0.09038576770014371
0.3828572072603852 -0.1279584752312704 -0.021614205410483214
0.3818920455998799 -0.10673794720936908 -0.02283529444496158
0.3963213498810047 -0.1804410091873747 -0.1061738581388356
0.36550275823929956 -0.055804682413804596 -0.0319797907752968
0.36271905042903335 -0.06059907416154686 -0.033533221305029726
0.3969620476068417 -0.12888756063506618 -0.09579222876945583
0.37879561890888763 -0.14248660215721365 -0.09761731750288274
0.394285377680575 -0.15376284764371256 -0.038632802385595376
0.3940084826566692 -0.15040826610901198 -0.0378298754732878
0.3842711707754399 -0.1599480471836599 -0.09583813014118718
0.39963140575685185 -0.18123325948674085 -0.08841440173836565
0.39877891099950885 -0.09716375269382932 -0.04718031989939253
0.39588046803676047 -0.09124014941390374 -0.03849378683120643
0.39901864490261585 -0.13317851506859152 -0.040053952683962744
0.3909151445118178 -0.10034057159102844 -0.029235136248441523
0.4007711863513588 -0.15572746122507808 -0.08083290829088018
0.3736043073184153 -0.12243430614768075 -0.056783959296230604
0.3840443999821678 -0.15992233558488494 -0.09040092580082792
0.39312643686697113 -0.07240955564217122 -0.07323376781927528
0.3876796197705197 -0.17522598939860684 -0.09534355863684106
0.3916300675978471 -0.17932599201574806 -0.10471468354969923
0.3843747603558019 -0.1538078056446487 -0.0379822698766795
0.38670435252532975 -0.15537309252289178 -0.037497327688376256
0.3860583414918903 -0.15752250589863287 -0.04040978608994915
0.4018055861201068 -0.12313763753368362 -0.08320364156577587
0.38851845276033353 -0.13883618161509143 -0.022090394357386686
0.4037732882746987 -0.12635066801416184 -0.055507471152518
0.4007753010607771 -0.10213810755346148 -0.05567926333990031
0.3967269274392864 -0.07511195907566437 -0.05735467591809512
0.39533684036968403 -0.059191459522958234 -0.05566385382955806
0.39480551126646224 -0.06548957010052947 -0.04626447036553447
0.3925037226073774 -0.046134082608851545 -0.04159073311850053
0.3931783255978298 -0.04396331170694279 -0.052568463792938246
0.3950993667173922 -0.07530558115943264 -0.06868133551330632
0.3987361636240026 -0.09558286693734303 -0.07313205671615515
0.4016376637743533 -0.10427287778726708 -0.06431073192423371
0.4035584962009812 -0.12044076100239122 -0.07262032125973124
0.3980415975778911 -0.19280654064824485 -0.09004844412721537
0.40260951507681175 -0.18548860550580737 -0.09068550002933187
0.3987385044279547 -0.10862895977867348 -0.08190570509486254
0.40278286440849836 -0.18257349319240568 -0.10341857492916688
0.40436808289732457 -0.18396914128278374 -0.10127490050753206
0.38464697306230455 -0.15521490526631 -0.07507151302713383
0.39441648370604554 -0.061184163326000685 -0.06353470316583215
0.39047544846495275 -0.07374242252162982 -0.07882495919039918
0.39204586032006367 -0.08992143593193241 -0.08400087412164038
0.38703080737110934 -0.08568489305724618 -0.08813105669549995
0.39189518048374883 -0.10842021655215044 -0.09521210925388586
0.3695728363416517 -0.0825381058292482 -0.10018295629450974
0.3705031330172622 -0.07153778395035987 -0.0931729273764142
0.37113609640856837 -0.06418111884988859 -0.09015506024037968
0.3707971240877723 -0.04952984178408859 -0.08769114115401953
0.3789089274693318 -0.09556213454362739 -0.1030128449663226
0.3814277951322988 -0.08062370777504685 -0.09132461284382881
0.39080699635767774 -0.19934961218019603 -0.1012796194290692
0.37963292083694783 -0.049878849494242705 -0.08399527851260083
0.38147298727330103 -0.06762446534797184 -0.08678317280034079
0.3527117228077516 -0.11654474660617002 -0.10094989782705327
0.36812705157317116 -0.10955814806256016 -0.056013930420339926
0.3652240447202455 -0.10708872318553732 -0.034950707355768856
0.3802986205281508 -0.03326974449468509 -0.07554654021121326
0.38609391428347084 -0.041904106836537315 -0.07279422905393179
0.36564738600033464 -0.03535782679052282 -0.08503895359857558
0.3524276362456119 -0.04781849449268588 -0.07878941941327981
0.34785022749661126 -0.039757489242990024 -0.07361857716616989
0.3487244587365951 -0.03209433939906864 -0.07617766172039327
0.3482005381036181 -0.05102359913811283 -0.06865618659541167
0.34480513222194803 -0.04656912772129601 -0.06141552204920444
0.34639309372687643 -0.048272823368905704 -0.04701572238124905
0.3457547124994111 -0.04910161650777528 -0.05184014533121865
0.3677426024080546 -0.04858742379530411 -0.03058596306277911
0.3699091155328675 -0.041071348077781594 -0.029574320039889607
0.37939790398979184 -0.03524287301840398 -0.030985415193727862
0.3871388457363683 -0.040682438731275 -0.03464099488701581
0.39189269124554077 -0.039356434276556274 -0.04529803459799381
0.38984893827161177 -0.03378520612377234 -0.0487684112965909
0.38919876809946663 -0.03560652708321138 -0.05720077840338693
0.3915289427053475 -0.044792194004075025 -0.0617057656382184
0.3741253540946994 -0.025155824589512873 -0.07763971193510862
0.3598879734671223 -0.04758508246989169 -0.08604888588138686
0.39066832187264533 -0.16187744843346674 -0.05606887826512973
0.3521588383107655 -0.12097042481941428 -0.11509489288047536
0.3582854108499962 -0.11039183254087453 -0.11925887583613828
0.3582758386244975 -0.09219901216624676 -0.05053795229636174
0.38106803027211456 -0.09555574429900511 -0.02436070656975128
0.385728451842436 -0.091795828187268 -0.02703515250278013
0.3795049242390401 -0.15024491720821576 -0.09369027764327602
0.38229930279143526 -0.14967880090954278 -0.09911256875321563
0.38527913948602566 -0.1498711709298421 -0.10110090548265567
0.3975340369261873 -0.15327391162818566 -0.10093904551767982
0.40054302801412217 -0.15661805080158808 -0.09925551872714863
0.401823340729019 -0.15573001930843738 -0.09666017936043671
0.397401545687014 -0.16041862813391372 -0.08082008345420764
0.3985233118316885 -0.16145535909202935 -0.08363228996489995
0.39371913834079547 -0.1626517211702192 -0.08072045931263425
0.3520181543036638 -0.0885595835027067 -0.06797071122791236
0.36759984598308093 -0.12805864565637948 -0.10350021315572991
0.36356545620783537 -0.12715343736675622 -0.10535991412432456
0.36775516663232966 -0.12831841014889123 -0.10609197973809738
0.37999125282510526 -0.13993597756465181 -0.06895172670592394
0.37348883883486894 -0.12133200263996981 -0.06125842665847659
0.3963962398812263 -0.17922476562766887 -0.08782860540052541
0.4058056209343912 -0.14666970849594552 -0.06964803380997557
0.4040856191835761 -0.15710092056154645 -0.06132853357831827
0.36028639603492096 -0.06822307980057568 -0.03496283764136789
0.3595782106061496 -0.06120043586858836 -0.035595522543582024
0.39224500981652244 -0.1859447957187056 -0.10482899242651501
0.3501097608216062 -0.05884726489742942 -0.07114839849452843
0.3990237299948817 -0.20365612416846268 -0.10700973649123424
0.38383614079009204 -0.1518789862075347 -0.061425904778708566
0.4028738789292817 -0.15688201018241288 -0.05848645794216547
0.40037375697051697 -0.15977644898560883 -0.05727156076755038
0.4033049005074874 -0.1521965374853933 -0.056462131258863256
0.4006342188563324 -0.18122066111392254 -0.10498952065607704
0.3844903987729221 -0.1354401273068354 -0.021525242001693742
0.397743028630354 -0.16068152914562245 -0.055284312173629196
0.3964148944745272 -0.16290330843006878 -0.05735536489445296
0.39715988351650083 -0.122742874349498 -0.03455623684007896
0.396081613873321 -0.14067784017404827 -0.03110953061628583
0.3902116748243137 -0.18515718144135906 -0.095850304705708
0.4019502015749228 -0.19607184821771578 -0.09241297286532622
0.3957777256900969 -0.19330841319383174 -0.09053874559716098
0.393731912618928 -0.19502667379712818 -0.09183503470304241
0.3892344315210424 -0.16186999150438441 -0.0807415871875457
0.3908364504492332 -0.1623839178839011 -0.07835326673638625
0.39408421057587834 -0.14375892254370942 -0.10109733887871546
0.3979946622332653 -0.14509867828656836 -0.09858978473563917
0.4000824682584536 -0.14195058312762215 -0.0951667810839111
0.3710470828347767 -0.10317407611854068 -0.02558304596426549
0.38863738140541815 -0.057409683776274534 -0.07688785379636845
0.37771052216651485 -0.08765908955718488 -0.02557787013302493
0.33249179444602117 -0.011458187746794244 -0.024545783049699732
0.36748986878362344 -0.09678257227516329 -0.11084077739331741
0.38789059549447397 -0.03450816824229594 -0.03775584645257695
0.3708465481504441 -0.11544492730114235 -0.11818725965259314
0.3823735211425336 -0.14911996542458933 -0.07484237935690044
0.39674154648171 -0.14314846575436074 -0.03690235954098645
0.40296738678868654 -0.15288722571615004 -0.05115769416999877
0.3829425507085001 -0.1522175418738722 -0.07879741533791952
0.40219524349622066 -0.1584520937060266 -0.08996802951382765
0.40138852053237645 -0.1639674740617153 -0.08758883641094012
0.4022370881256935 -0.1488037300957119 -0.08608398994519598
0.4024722887082487 -0.1984845803509925 -0.10367921375474597
0.3920280619052578 -0.15472084912884043 -0.10270033819621827
0.35149036776901516 -0.07941923957814917 -0.06337310966497249
0.3503232071468078 -0.08022641147970078 -0.07063352823169905
0.36546885117575406 -0.11083429638621034 -0.11992984041544769
0.38915301435485855 -0.11350536434552055 -0.10036722373219832
0.38889772994749716 -0.15232881231290435 -0.03628239650775025
0.3906034683864781 -0.1590695106692851 -0.03854086035947281
0.3628238528714236 -0.07703926195008687 -0.031871408534532006
0.35438441937071263 -0.04845857003086323 -0.03409088520780242
0.4010879779617796 -0.15072099853916504 -0.04413493586283421
0.39956956452404613 -0.16043495505655847 -0.05438224169345111
0.4013972431317233 -0.1646908694956482 -0.05285523480564692
0.40340368874425725 -0.20355511795852554 -0.09874076589898612
0.396966174074745 -0.20102890489349834 -0.10734682192492354
0.4019606750303024 -0.20997092268816162 -0.09486673913099358
0.4003778497703031 -0.20572593997354796 -0.09285459675031174
0.3974823822618602 -0.20607624219890355 -0.0926282993907585
0.3948161897989538 -0.20455820687913803 -0.09312667518089329
0.40312606566881426 -0.21757530441761128 -0.10002395266610829
0.40110104687886644 -0.2288377544399794 -0.10591024620547261
0.4004543341598131 -0.23024950391632662 -0.10478319404995164
0.4025296453221303 -0.23020533125434195 -0.1033159971433771
0.40102707469140203 -0.23116840385990706 -0.10309086264559458
0.3997629239447455 -0.2266376491654663 -0.1070946663693977
0.40241372695209954 -0.21575832441842513 -0.10460325041754427
0.4009359216231083 -0.20369416681824382 -0.10595335465599183
0.39845491613184925 -0.21608144154501746 -0.10772590677011917
0.3963163486292609 -0.2233859729787216 -0.10725754042067967
0.3944414273710618 -0.2210749891958486 -0.10648526958509194
0.3932845226079169 -0.22147824337781463 -0.10427770081900206
0.39446042391150576 -0.2156097611784175 -0.10690502349743754
0.39529618411907497 -0.19959962991637387 -0.10723125923032079
0.3938634904865846 -0.19719696692650404 -0.10669723287238882
0.39772475946053715 -0.22926842106655648 -0.1043285740892313
0.4024610231268873 -0.22658863308515015 -0.09873927617689683
0.40060044108479426 -0.22507528985243788 -0.09596272275606423
0.4003088496331026 -0.2176904523727196 -0.0943666887569071
0.40057456915070355 -0.2287845014105762 -0.09745608811681575
0.40120125057274425 -0.230386384741539 -0.09921254915413029
0.39167908319702704 -0.2068564800337404 -0.09619350773971773
0.39134449613919975 -0.2093996879729025 -0.09910222481708485
0.39238153026972483 -0.20250021015844424 -0.10524544913726977
0.3961243130038385 -0.21711271440261914 -0.09404065013843567
0.39900217985916464 -0.21645479698617004 -0.09379225872987612
0.39519304748650175 -0.22444944257865818 -0.09650100078565477
0.39357683733122273 -0.2218529705532872 -0.09750577041533964
0.3988439862358455 -0.22503350541852093 -0.0955075425294792
0.39628778700942563 -0.22775826064309032 -0.09756913788033492
0.3956575802069413 -0.2282322786434492 -0.09968978686449599
0.39798084273406675 -0.23014979912234024 -0.09983994054489727
0.3983712601924925 -0.2306238363324838 -0.10226165542171575
0.3991036412161692 -0.22946472401170545 -0.09763449258330295
0.40252883248268184 -0.227652529624227 -0.10464073864110957
0.40247097842575674 -0.22988923185608595 -0.10016106731020472
0.4006571770408276 -0.23131168088627632 -0.10092847994621879
0.4032385119477642 -0.22825094760874032 -0.10231842622847837
0.3925934743834727 -0.18403687723880932 -0.09116683522377676
0.38727158573397247 -0.15878263522444164 -0.10076499569427706
0.3992668878705752 -0.1664590174154626 -0.085787071007469
0.3965398586682834 -0.16759709688898877 -0.08478103070599659
0.3922725290033729 -0.1643337859539516 -0.08338820913096248
0.40536234873454263 -0.18472897345611994 -0.09576240148329172
0.40508094822861473 -0.19702309985037153 -0.0752117883252762
0.40583149285891396 -0.19775447620526787 -0.07239853933974039
0.40161473879245235 -0.1836404033590247 -0.07878992350919486
0.3910435647464399 -0.16407842088799462 -0.05897049499867643
0.3897523110337888 -0.1661787335303781 -0.06162370380849788
0.39485113233238833 -0.1911074570183463 -0.06521768079323419
0.39596605609425334 -0.19010183627485272 -0.06361247562261314
0.3887345996749266 -0.16219286598828675 -0.0751386507215131
0.3879877918869376 -0.16324144225107967 -0.07104166548888242
0.3919059277270087 -0.16422081990396442 -0.07712185021059516
0.4015311455686471 -0.1950373309502617 -0.06213296376331962
0.39765992295811664 -0.18764828605137804 -0.07908092505958661
0.3873732674515725 -0.16189305580895758 -0.06364134614058571
0.394043213695523 -0.19061837194144185 -0.0676713563719885
0.39479094623359273 -0.1873773101050333 -0.07650762345373412
0.393755765017139 -0.1887389796514981 -0.07377597915997174
0.40699703574237317 -0.18868837665576016 -0.06818462788001688
0.3996393255998137 -0.1973770446497275 -0.06174347391968051
0.39863238290752506 -0.21836580281808265 -0.06310949631744894
0.4040306289667626 -0.187986665531506 -0.06287352452013686
0.4062541909989863 -0.18808301908044545 -0.07489712236628954
0.39327599157531656 -0.19919372453092848 -0.07105477464437028
0.40526974324853343 -0.16415546822987154 -0.07310319847833822
0.399273459303349 -0.18245147676883874 -0.06121468064587793
0.3969424856995765 -0.16702378008378893 -0.05929365394647324
0.3938471819423961 -0.19624590005594733 -0.0758804898015113
0.3991922567554 -0.19025779804748488 -0.07918466149502922
0.4015930042877982 -0.19131109919542855 -0.07862785799272191
0.3944494103313176 -0.20249568093393033 -0.06524717314504964
0.3975042323643759 -0.19967074268040352 -0.06210177852440698
0.4057151038824312 -0.19785749931396013 -0.0688691114269519
0.40544963481220614 -0.15690887867792935 -0.0659448339660814
0.4047210957757075 -0.16556152965795573 -0.06372392546423788
0.40563713062545387 -0.15652264445734898 -0.07031409954836353
0.39439808944059773 -0.17032194195688882 -0.07723651549499361
0.39721258039875235 -0.16964738967877058 -0.0781630311914814
0.40315993313450776 -0.19811770811408294 -0.06347306550346325
0.4049998087825101 -0.21641450105350585 -0.06943598540519359
0.4040617149384179 -0.21854539554323496 -0.0746314617963456
0.40353323175784683 -0.21757229657737004 -0.06504000735828916
0.4021521688958467 -0.2202817165262441 -0.06387955631988386
0.4044926521808465 -0.2170329450048828 -0.06683274284083505
0.40264141148070987 -0.23225753441173258 -0.07540997250973079
0.40475550661592397 -0.22917802148067695 -0.07268761707715578
0.4051886106863787 -0.23061525916294157 -0.07056187914645333
0.40044133567222406 -0.21855025610464474 -0.07751502431556936
0.4045426280584046 -0.23093111535372984 -0.06672420949300055
0.4049038492842788 -0.22305220414145568 -0.0670514460823946
0.3989097862869557 -0.23769326908183808 -0.07460168433422038
0.3975827900162766 -0.23167552330006763 -0.0757886720632677
0.395599166971446 -0.23499978413488964 -0.07222534001496034
0.3965769294585815 -0.21432453309217608 -0.0776085914464911
0.40064011613244005 -0.24259096601695002 -0.07104741303398178
0.4035799817354915 -0.24253779420478255 -0.07198669887828468
0.40565269628954376 -0.23848481099173624 -0.06729381979691364
0.40349039573960893 -0.23118459817967185 -0.06451505615249395
0.40225667392467096 -0.2365270271680296 -0.06308433020226634
0.40451863919380054 -0.2430689291509196 -0.06829420968994827
0.39453614625613187 -0.2159882464557489 -0.06595914798926937
0.3939010316966935 -0.21539036734793504 -0.06955494470877972
0.394020578826121 -0.22155210985302254 -0.06855046341655255
0.3946780594356652 -0.2165832279355376 -0.07539951728672036
0.39670954725337343 -0.21466344762605222 -0.06347517749564283
0.4006521810305998 -0.22124242447968015 -0.06328123279775845
0.3976536829230721 -0.23420306478538694 -0.06371264039236267
0.395476729417379 -0.23239950166652273 -0.06558875388288758
0.3999369537906553 -0.23871632786063396 -0.06360572964073986
0.39858091736369283 -0.2416312082444687 -0.06760197229669639
0.3986243145579877 -0.23975868959789332 -0.06476660709926237
0.4021778434675256 -0.24211655430242401 -0.0654484127737507
0.4028888190089192 -0.2401643539594036 -0.0641584054927072
0.39646076042993283 -0.23956788182453043 -0.06924966875940293
0.39688698789478916 -0.23908125691370707 -0.06669410259690914
0.3990140052709349 -0.24238248865777573 -0.06939431698668039
0.40533389510596385 -0.2424666668071381 -0.07073078098202312
0.39972823810703284 -0.1629735575886097 -0.0776693538880682
0.40265149894124064 -0.16250155054383986 -0.07596171501322939
0.392782552488476 -0.17232841029070964 -0.061260901266804474
0.3938930334138224 -0.18412439300079422 -0.06471200475183846
0.39262764196925365 -0.1814906264192355 -0.07227777110819633
0.3925718822462348 -0.17008734476761728 -0.07609039577713075
0.40244696521105655 -0.1638957053522085 -0.061011501631304976
0.3926643890791805 -0.18248554399187722 -0.06763972010533155
0.4037738120617377 -0.15579706859339737 -0.07447885101538403
0.39602876499198836 -0.16361158953288824 -0.07811010040609624
0.40552837825559496 -0.13145500141985916 -0.06481418297446535
0.3920849275619216 -0.18945733354929528 -0.04514265117023711
0.40214782757219 -0.18816405038763706 -0.050537833893672
0.4052693022303064 -0.18127430279485934 -0.048193560804842966
0.4035142257251791 -0.1918604407158458 -0.0476973341444994
0.4028242385966901 -0.18170920305479188 -0.05148176377521464
0.3875196822756626 -0.1612543370452469 -0.04931468119234116
0.38914095766450696 -0.16653215039113672 -0.047801232771857306
0.39054346764043946 -0.16348013751554907 -0.05298351740675588
0.3944359555047947 -0.1655025866465975 -0.05338574316631963
0.39668969964592876 -0.15786254710943348 -0.03958577698131911
0.39938710177703124 -0.18262229501298904 -0.05205966162314575
0.3941680388659171 -0.18383470111710037 -0.04947052643021817
0.40447398372363114 -0.17941377090006688 -0.04236213824633006
0.40029049215151885 -0.17915417154901245 -0.03843160366926943
0.4033323704977191 -0.18732520280676324 -0.04174489433340909
0.3953285691074301 -0.20868334786127046 -0.04705665054070413
0.3957488385538002 -0.18471849294173426 -0.0507448384963788
0.40362320881020747 -0.16153396560995448 -0.04942834824900469
0.39301533721629234 -0.1677038068786762 -0.038587487573457244
0.40106359494687627 -0.20628415382614698 -0.0482137361519642
0.3928179557278415 -0.1823416022565655 -0.04713683545690513
0.3922833094519416 -0.20486309853098786 -0.039539998106067877
0.3998498738940275 -0.19046064922673012 -0.037844953601102044
0.40191406786770867 -0.1889018791469075 -0.039386591088657795
0.3950713591478154 -0.18525758038525864 -0.037067256681190264
0.39271261128471785 -0.19082733594073625 -0.03728096319700405
0.4038208036067202 -0.19024120254103796 -0.044472799796493864
0.3919255149732729 -0.18320192356367304 -0.042060146992080986
0.40313912164659393 -0.2042899790170129 -0.041105424206968715
0.40286796582419426 -0.2059491688103154 -0.04564699410737751
0.3982664413834978 -0.21592387560090012 -0.035097258057562516
0.4015865068888449 -0.2193017718389753 -0.04625755628294885
0.4019075103290008 -0.2232578573429571 -0.0384153330317386
0.4025689588297148 -0.21618442627633044 -0.039669215955095295
0.4023448883079116 -0.22007055407364953 -0.04394104489983869
0.40088002841531845 -0.22985289050342894 -0.04499754100363975
0.40018954879892255 -0.22325118314747838 -0.04677952006841982
0.4002915289135082 -0.23111635806094805 -0.04445599794363635
0.394896452239526 -0.22874523948113712 -0.04374278798228938
0.39732389632745546 -0.2287904545664044 -0.045353701268678354
0.3937216263554477 -0.22368912079959385 -0.04441339498920519
0.3951641073220099 -0.21445382124543239 -0.047275536125988914
0.3977615753109236 -0.2164017874713893 -0.04796038928307421
0.3974161381444033 -0.20757281413410716 -0.048113662646660366
0.39977766636569995 -0.2318731288064578 -0.04339569018052175
0.4004718574379204 -0.2218828277748846 -0.03578882188758619
0.3994877888431953 -0.22614300590879713 -0.035164055889463634
0.40084492509492153 -0.22841696923200178 -0.03608868288785891
0.40146375336120166 -0.23138447570279438 -0.03852342160506206
0.39315550037073244 -0.20572979148150938 -0.044388220642685265
0.3921777966795668 -0.21186302465011414 -0.042449663289415525
0.3924443436446682 -0.22198979661223686 -0.040855779093341704
0.3936986743398295 -0.20802147166605967 -0.036637393344684334
0.3967925755676056 -0.21046457328181936 -0.035263324497942956
0.3946296044614644 -0.22205805273150828 -0.03550685049247624
0.395434595651809 -0.22695808769485953 -0.03555991489559227
0.3967131376370521 -0.22513878633713771 -0.03500333625580605
0.3933694249180961 -0.2292881956505215 -0.039792485940504684
0.394097987830774 -0.2275451385278351 -0.03703528073339408
0.39556572623902986 -0.2292976395362509 -0.0367073255686502
0.39850957118253855 -0.23110077976581228 -0.03777751443989767
0.39860979204149843 -0.22915891309737924 -0.03565023716793932
0.3932788131640485 -0.22712298217076027 -0.04154700853596839
0.39287792710727515 -0.22426938193402818 -0.03829156395373451
0.3972878923462526 -0.23151138494481405 -0.04152522093075834
0.4018377676580877 -0.23188043684806198 -0.04043901628608169
0.3913293262811283 -0.1768042518741908 -0.039595133422813435
0.3929114054764238 -0.16814443361439851 -0.052089502282461335
0.39484858071583095 -0.1619036016488909 -0.038916231440614825
0.3980185800360071 -0.16638024914619876 -0.05342990832084636
0.38650730944642714 -0.16692668263593638 -0.02474582811082552
0.39584791415720993 -0.16851323451222588 -0.025612563356194207
0.3948292932328826 -0.15469996025979016 -0.030744665006690857
0.38005037679703085 -0.14105266659554805 -0.023185188126342963
0.3815891731700964 -0.14871356003318892 -0.02287882020250254
0.3919830312510081 -0.18316082526265945 -0.02197985390110598
0.382618485632629 -0.1512705507004508 -0.03310221407050587
0.38507867468407364 -0.15303663332017242 -0.033686302418983134
0.38579470140597505 -0.15474368610051514 -0.03181533519363342
0.38102965376791365 -0.1503448654950269 -0.025996638124913603
0.38809835178135305 -0.1684439855839106 -0.025838507325423317
0.3869537877534862 -0.17533673119877458 -0.012600189311759855
0.3910142561924199 -0.16472125099626672 -0.015331915685384272
0.39537194868493303 -0.16477261019096423 -0.017673896895177402
0.39725073348692663 -0.16621382816964517 -0.021985240296110042
0.38585036683971974 -0.166562424988509 -0.023518676982376186
0.38974940177061934 -0.17889266465922052 -0.02281973450999218
0.39633477298516545 -0.1532115444867685 -0.026838390915155875
0.3873732466141385 -0.16509797478971144 -0.015836802214512637
0.3939094444517299 -0.17949623256916536 -0.013734577039138296
0.39212910222660663 -0.14070456041310336 -0.024118252661530948
0.3958429653089776 -0.1793272134231339 -0.018640967054519432
0.39131400800819155 -0.15522555140026273 -0.03223228022153768
0.38840662127958314 -0.15524502944471552 -0.03224014086489236
0.3855108530568076 -0.1654620698400368 -0.018509879317206282
0.39479910799870765 -0.1884889865312403 -0.013759078662903622
0.3898166107752363 -0.17871103522452292 -0.011199137468333835
0.3911038335134875 -0.18833283872764978 -0.009421355589684436
0.3945392449358397 -0.1916522706125185 -0.017396517984067415
0.3936910399662555 -0.1963529394410864 -0.017272848350766548
0.3939274137433868 -0.20059794137031944 -0.015143568363689307
0.39327924720356905 -0.20204665804220207 -0.014669590569512777
0.3945243422482869 -0.1949291003987673 -0.014284195465522623
0.39406945632831436 -0.18599716910000186 -0.020478470142395257
0.3937959515910342 -0.18915078220194473 -0.011682145809509823
0.3919051196542876 -0.20131186727714312 -0.015556730185738027
0.39076291504144106 -0.1988057602241875 -0.01690102636755826
0.3892039221843354 -0.2004493769647611 -0.014478934146196843
0.3885527518373038 -0.19427883678051255 -0.017615415718498544
0.3910019603200281 -0.19382371893288639 -0.019094772778831114
0.3933517957153043 -0.20279502669612087 -0.012508174864791456
0.3927277949808615 -0.20263577897383267 -0.010582985770431982
0.39158363324041906 -0.19432783672210205 -0.008155411615381653
0.3888571670745938 -0.19224649757715676 -0.008567018481483167
0.3900834523071732 -0.19631318975334272 -0.007787868669481562
0.39226073991387667 -0.1993333801311164 -0.007736311115422943
0.3924167635002674 -0.20158760391297353 -0.008651714445642637
0.3895532805934909 -0.1856187843053544 -0.020529517118944553
0.3856859551161456 -0.18102327946420071 -0.01720798712928614
0.3868399322592013 -0.18240777378863335 -0.019183525770161636
0.38651731642596193 -0.19060675380835918 -0.01608406085912585
0.3864688873681389 -0.18557787303090503 -0.011119326324679595
0.38729692917399855 -0.1844558631795853 -0.010352230981764559
0.38715887532057686 -0.19550978794945845 -0.010570266427032909
0.38599391844315767 -0.19006696800512257 -0.013316510698897537
0.38823150955416247 -0.1960634369225886 -0.008596705608011018
0.3913109090125112 -0.20027648044700375 -0.007859771590692673
0.3880176375469147 -0.1972229542136115 -0.01571215193099118
0.38701469631750074 -0.19690409037730616 -0.013045341647821304
0.3913371056113117 -0.20255174837779127 -0.013318174843143144
0.39462699782880684 -0.20156450652373936 -0.010153954834625773
0.39339639659187803 -0.19654129351824307 -0.009691492045564847
0.3954330276403753 -0.14718647565174858 -0.032113975542198865
0.39433858515758313 -0.1490449940469587 -0.03387345656675297
0.3816818468299855 -0.15166510724849813 -0.028258758444334457
0.38572451846202466 -0.15918005807908175 -0.02880269558115109
0.3838404792061879 -0.1455014334712159 -0.02067657461327759
0.3899467246586187 -0.1518478018846834 -0.03472210928763605
0.37149557967527164 -0.12952519746839775 -0.11735724531327542
0.3711202353426018 -0.12913784169853543 -0.12141365183882201
0.35981854543322195 -0.13045193883271244 -0.10944660949859233
0.3572624785037677 -0.1362767725000557 -0.11467306359512498
0.3548315909625073 -0.12814460021940444 -0.11208550018652608
0.35428994264842334 -0.1343888531732077 -0.11982211244561083
0.3556918449633304 -0.13512285658356377 -0.12815003471490977
0.3545540445733415 -0.12315317596290608 -0.12160784724513045
0.3671692546923145 -0.13349779170760717 -0.11227488013336624
0.3700582441010155 -0.1321051823568148 -0.12546698820514254
0.37021523038961784 -0.13174062945512177 -0.11467686486843356
0.37031158910632905 -0.13615858049482815 -0.11766890589512838
0.36196906374204985 -0.12199971460517683 -0.12441776402154955
0.3651556798061362 -0.1267373831646672 -0.1263733485486723
0.35405948689385197 -0.13183093401720708 -0.12133841121694719
0.36604391822380394 -0.13588584457939284 -0.13132954775285544
0.3690700285717806 -0.13939948116621642 -0.1313307062571553
0.3586702680134562 -0.12383956304426286 -0.12466287390105771
0.3545770422073003 -0.1434906089232676 -0.12763451042422574
0.3711959547184665 -0.137755972791553 -0.12614010999960112
0.3712286780549078 -0.136922402503864 -0.12222440757914688
0.37086528241140027 -0.14069319425025117 -0.12093592028465226
0.36924768200971775 -0.14144160186356391 -0.1183303213632692
0.3675884160196797 -0.13988179982172655 -0.11624026123322284
0.3729990369272452 -0.15613574563371196 -0.13894873573414115
0.3594196817898997 -0.15665838524624992 -0.14125563570166896
0.35962320882461213 -0.15345742563140713 -0.14058767953839862
0.36288187876930783 -0.1586557561089128 -0.14360713766135083
0.3679312296742466 -0.16236812575087045 -0.14626515954968347
0.3625387730462 -0.16395941078719956 -0.14476473710260737
0.3612766873757149 -0.16219764286565758 -0.14382495343394636
0.362350126024917 -0.152184808367738 -0.1411399474347876
0.3575745143293426 -0.15207042562530082 -0.13780615745015287
0.3586700078790124 -0.16000240110757896 -0.13985142567693729
0.3689278632614209 -0.15282349356050873 -0.1413632747367791
0.3601810200855142 -0.16298272100964956 -0.14119131101683693
0.3616514608623566 -0.16476696314288503 -0.14210306809281287
0.3614284679468592 -0.16401873262728378 -0.13828246957019422
0.3590098667704128 -0.1578280515670078 -0.13115827395017898
0.3582121429110951 -0.14817379840938472 -0.12173820367587386
0.361740191133021 -0.16177430543472388 -0.13318609051609182
0.35696148861453647 -0.15449421651520828 -0.13580044707967426
0.3545540909258359 -0.1418592143736987 -0.12390177322206983
0.36381642617955084 -0.16604907133158614 -0.142989945829504
0.36484770488028595 -0.16526290978706978 -0.14579478451259806
0.37166914476336277 -0.15488018729828945 -0.14101610284788388
0.37299477202679565 -0.16087043824714814 -0.1408306541056531
0.3721009591677564 -0.16250196153201057 -0.14390428236594238
0.3705983065693145 -0.16360430683184352 -0.14571813132156863
0.368930025209689 -0.16559008792396554 -0.14575134626656625
0.3696039381309113 -0.15795844435775058 -0.1434476318056539
0.35539378741176864 -0.1391836290640836 -0.11945938925758268
0.36563092858493557 -0.14030173115858469 -0.11523231252846731
0.36479884822117514 -0.14550213288046643 -0.11698968564570036
0.35939112910447474 -0.13942090579554206 -0.11493208962243845
0.3595276454345073 -0.14530903568323922 -0.11779331313779356
0.3658999319494413 -0.15472890729367778 -0.1240820100164152
0.3558681883553495 -0.14513807526828926 -0.12269637430559326
0.3705115413551989 -0.14746630519036807 -0.12162624710996872
0.37268948807831503 -0.14763259608557727 -0.12698479192846537
0.37218767436570344 -0.1488124776794824 -0.1251223571980231
0.37313487193993927 -0.1558849800843375 -0.1337946121227332
0.3715654297867265 -0.15602022255159348 -0.1291512644752943
0.36911146499803954 -0.15500696727113245 -0.12553925531807084
0.36983339740811966 -0.16079402288451194 -0.13201144364392045
0.3635961345788121 -0.15945644372788004 -0.12938732682186904
0.3726758379730484 -0.1609773651894093 -0.13734787643803825
0.36658608506604856 -0.1649401423807083 -0.13670147706372923
0.36936532091706953 -0.16419551482627048 -0.1363064533173521
0.3687687419893634 -0.16643599533154363 -0.14312535679081415
0.372124217003314 -0.16366897264897157 -0.1425815726849179
0.36377947190662124 -0.1639803068184702 -0.13532296977150193
0.36753786091572366 -0.16237667610031792 -0.1326792048896596
0.3638094339952609 -0.1656187277959409 -0.13954789493515354
0.3976905411663682 -0.08453622507689895 -0.06333094615694584
0.38783939096507386 -0.1609990362728047 -0.04021308867731911
0.377275282472838 -0.13520241577768932 -0.023686136927943205
0.3806140110567304 -0.1370196701855912 -0.021999862187182008
0.3796764956494375 -0.1473199163629481 -0.02834037830061901
0.374459184816883 -0.13508218131587685 -0.028498407432038287
0.3727938761496297 -0.12911036685155614 -0.027703163625110945
0.37321777789755806 -0.11363354204796328 -0.023577042287022544
0.3732639557059386 -0.12533958069768097 -0.025324979760049198
0.36786910082087976 -0.11328875299171125 -0.0294231532173678
0.36958607959266193 -0.11255456644337797 -0.026344052976643786
0.39960693956744586 -0.14107175153085677 -0.042203380995677484
0.3782059849423214 -0.14488562355084805 -0.03550448567421881
0.38800035397595434 -0.14548182409674337 -0.020230808184676815
0.3687489995884948 -0.11742399368761147 -0.04217100595274621
0.3647213089701787 -0.10708594389560024 -0.044728067628895994
0.3686675419763727 -0.12220607837456449 -0.0768640783914667
0.3624896961127405 -0.11535459921683544 -0.07756610194516654
0.3558028685563509 -0.10719859447768831 -0.07724148531343832
0.3736656556962491 -0.12441496342290219 -0.06891519887642403
0.3758276201177715 -0.1378514186356687 -0.08232726158575608
0.37565693259622895 -0.14018828293346136 -0.09241275685320206
0.3763631512697815 -0.13762682698486295 -0.09754782980780992
0.37856734597956776 -0.13866931923297288 -0.0994500752836462
0.3730643374252896 -0.12706649830659983 -0.10811875762367787
0.37604907976143664 -0.12766821288135888 -0.10596630482051338
0.3808652519675388 -0.1286377159562433 -0.10482197891290368
0.37973326475457 -0.1135359202798123 -0.1082817135207705
0.3844534911278101 -0.10278577576357956 -0.10132627777893106
0.3743264901417885 -0.10700901452113332 -0.11177113113118645
0.36275077735546735 -0.10065842193013945 -0.11436069965587876
0.3525066282358989 -0.10987545592123038 -0.11532295404231618
0.3598869693005746 -0.12541708533503193 -0.10540037646596331
0.35567428491552333 -0.11427086916975265 -0.08709524851506818
0.35863505375252563 -0.09337040477048085 -0.05638549792746731
0.35984710318313884 -0.09664083489261695 -0.04550520646287001
0.3596230532179958 -0.09539630783247005 -0.04166762058149302
0.36226910039504123 -0.09087312865037707 -0.03172823077855455
0.34759624357234675 -0.08736074249714326 -0.07988965452840986
0.3485016827627134 -0.08396191696961047 -0.09258774365858227
0.36437733388495613 -0.07644405990666958 -0.09679220936721415
0.3655220573699762 -0.0892102301796599 -0.02875034123422058
0.3829047851195965 -0.08472917350535136 -0.02762061664675514
0.3937507728828238 -0.09491991197696187 -0.0338074576033597
0.38764392652486107 -0.08391771253166441 -0.030554561881472552
0.3929873833912618 -0.07697084450811542 -0.03813692290475347
0.3881266425176956 -0.06217991116636962 -0.03496592776080719
0.39399119700881685 -0.04817586369129184 -0.04794481112551036
0.3920313862918397 -0.062087328158331616 -0.07202657240504727
0.3506278914762131 -0.11354962316893502 -0.10347302829551612
0.36141764160733975 -0.1244083662598624 -0.09951636565677856
-0.03257673588674151 0.684163584307333 -0.18296738110190078
-0.05129492746268342 0.6773306736220833 -0.17572662803140285
-0.038222658187196515 0.6837353264149796 -0.18294149053119443
-0.04948911768139141 0.680038377382117 -0.17702033319430158
-0.025945048427492987 0.6821613172357263 -0.17530834348390376
-0.0408895239554198 0.6763228910080127 -0.1782540693762726
-0.0503885135163063 0.6781475229724604 -0.17552954592852957
-0.0336932334780585 0.6756569804105955 -0.17771843574735352
-0.04265020152201218 0.6794773017937554 -0.17921626366373408
-0.03155103121211843 0.6775459783821989 -0.17763001040487425
-0.04771747281113499 0.6782315021882591 -0.1765355581275985
-0.03706301209592363 0.6823443750257728 -0.18182937370953126
-0.034379996338396085 0.6821575365420043 -0.1811869709964374
-0.0169177480066877 0.45376856886617445 -0.09390676097498671
-0.016113314527909664 0.42915718642144324 -0.10128765908344338
-0.030019996872677496 0.6807887330528591 -0.1781170364379744
0.02264272742478719 0.7004354026958596 -0.08195771459428558
0.023768788308042292 0.6824920814840474 -0.06900032877032461
0.1771292733978982 0.31315781778289414 -0.08083353273980182
0.22193252548568304 0.3139007616279569 -0.07612349843624523
0.2298675646593625 0.3157532918176994 -0.06965206025224374
0.23663441732857543 0.31753323221934343 -0.06254512352043948
0.2513929071803023 0.29633004047677214 -0.052057359341578964
0.24997675268198857 0.3167523244386864 -0.028379351257525002
0.1668874776247756 0.3013093631500543 -0.009430087187288595
0.23889362485009272 0.31105454238591734 -0.0027468294915825764
0.15816525501804551 0.320142132863138 -0.06464763730948025
0.24746127557113948 0.31599887127656084 -0.04543668860475748
0.21881439988773 0.27217864020267196 0.012604307882138233
0.23781718377866076 0.2878323308144913 0.007812396936367425
0.15293104426897006 0.3390015672029646 -0.015588507176907558
0.15907759595460924 0.3439805233821175 -0.004976772552848493
0.18909114647360042 0.3426825756365174 0.00926309808396613
0.1859357832238803 0.35701424724016867 0.008365358386304152
0.21028099559346158 0.3562679194074707 -0.08591855639992084
0.18568088168821645 0.3117370248537949 -0.08386065330179021
0.24342062222827482 0.3347282914250225 -0.038333221414762905
0.1486064204608998 0.34151793572488187 -0.02576729917270454
0.20095041967970573 0.3183865267202483 -0.08550544766973917
0.23032788844880409 0.333735031293658 -0.06559975669259956
0.1438066650720232 0.3453744652065909 -0.05484165309428898
0.015226359520995247 0.18439487331916735 -0.12571909603867693
0.12327743657703229 0.24238324647135162 0.027432942755027993
0.06896070153949553 0.2592649988925781 0.06874713713554524
0.1282013469883999 0.21979665595715805 0.002951180925458529
0.12610358682283393 0.19793703412960822 -0.002375487755825587
0.12213975515015604 0.20717580108598652 0.009050338111599488
-0.006685495091534084 0.21345929997880222 -0.12804767478604037
0.06151728329128999 0.20022344878394502 -0.10187105065687783
0.09380443658550769 0.18235355187936186 -0.09001953425413435
0.12477380659803713 0.2092352695709642 -0.050424466360979296
0.1286236115371925 0.20243447599545264 -0.04199008383422146
0.1306229207264893 0.2090102258917579 -0.031087206400887392
0.13289051657710485 0.2317976729416915 -0.015477520481786208
0.08701839150594656 0.20284380251450232 0.042400916825285816
0.09082384870143513 0.21693515460711427 0.04357779877411345
0.09523110532539261 0.19206558759622577 0.03595330808878592
0.10092492267413945 0.20094699948599176 0.03237812020635412
0.04632188225798592 0.23611567298396768 0.06613816454233086
0.125278656433391 0.24992090024012487 -0.04591196161059427
0.1292812504299307 0.24043708225708932 -0.036490249819555086
0.1002393368645106 0.27767364889993285 0.061503605573625636
0.08899643081805479 0.2664034939642758 0.06343060287898737
0.022280817087609556 0.25981699038959083 -0.1189268810960429
0.11937987917117927 0.22161344578951503 -0.057704296684979915
-0.008056342463812125 0.24325455485519615 -0.12746142591063128
0.07094797829565502 0.3083766497686132 0.07882016322323179
0.06078939849704868 0.29786022536455203 0.07971153528102262
0.13536713581762855 0.25757165188301206 0.01008130985480418
0.13556095037803478 0.25028842763479897 -0.013175172938027778
0.0027206951578933086 0.3744419464392006 -0.12857321522344153
-0.005455655985015342 0.38825857517083395 -0.12160631281928552
0.01868076386634472 0.38803475615308897 -0.12537321221114558
0.04863896348830171 0.37984106719016064 -0.1304208414797514
0.090034134083123 0.3795475847473406 -0.12530248098121427
0.10616751267585114 0.3716731018277234 -0.11553884406703688
0.11385581709451129 0.36223044270254123 -0.09765636335391267
0.12254709798049032 0.353060865572703 -0.06891629197382751
0.1357145447702921 0.36989313789041955 -0.056253955161471254
0.13112746107992757 0.3682649625287341 -0.06514430995949881
0.11512006904610343 0.3377140286037555 -0.0746276370187364
0.10815103421266554 0.3385792656432707 -0.08513883017911814
0.11148729452083277 0.3452261087600318 -0.08390907157701073
0.09988602420921233 0.3441956082971062 -0.10226326582847173
0.019846811027144414 0.34124563113177675 -0.13655933814717605
0.004071320462217007 0.3361709833243861 -0.13476107758182992
-0.013576678584738135 0.33454193152875905 -0.12862343916172653
-0.006394229845910204 0.3315537648591673 -0.13138875767688496
-0.021935976775879155 0.32823195084636686 -0.12253577905794362
-0.02480646933670834 0.4612556341471163 -0.09220474780131227
-0.025032973291918503 0.46782957148542137 -0.091191634568427
-0.012472249427129031 0.3153683997454713 -0.1263231909647393
-0.022716190123796928 0.3104026155071511 -0.12125513539243502
0.2843128163757405 0.15717115545084615 -0.05758139014723332
0.32467961310090787 0.16531779662142454 -0.017320251999339755
0.324684912752477 0.16997544243297444 -0.024216087332930777
0.2534777655839874 0.12620677957052706 -0.003243832815581118
0.3064964801037696 0.16052985637042416 0.015696931047555943
0.3112725054271068 0.1628158892667188 0.008937864024221531
0.31372669586045177 0.1686764147066787 -0.053216237833361615
0.3069085875542662 0.1675937794336365 -0.057116302861101406
0.2993342072817561 0.16335689762452305 -0.05957250608071185
0.25845765856294994 0.14738801150527334 -0.04632458099870913
0.25167248183175916 0.12290562524828075 -0.020122997838045435
0.2839224591539485 0.12064688201637713 0.016517944248167795
0.2852288112537442 0.10336480325953303 0.012126281011654264
0.29709720968594416 0.11253200028517414 0.01620439078588204
0.34163597499012666 0.10770197161825447 -0.04811495892133585
0.2925993222958459 0.11685865291233453 -0.06193619760769303
0.296930159761165 0.060160135403359294 -0.050465946778173176
0.2997437771581433 0.06752006136515226 -0.055944330705773565
0.33586770058070303 0.13259846742364467 -0.017140465427701066
0.3393610837629872 0.11117731246122796 -0.010123390120323704
0.3257101174018045 0.09376798542288935 0.007927497792725852
0.33551777389119614 0.08763367253216682 0.002059569534889254
0.31231747625629386 0.08951811634696598 0.011519914049476946
0.28519644428063395 0.06274403656293015 -0.030851263754269685
0.33493075126238797 0.1011489948931674 0.0007969390667262632
0.28255926563690525 0.07012690229247506 -0.013477952934602778
0.3486354220190653 0.06961089604784482 -0.05570270401411554
0.3553483858238815 0.05209591090912685 -0.05543854740285273
0.34827817895749014 0.052181594721876196 -0.06431167905075674
0.3056449417686084 0.027190113187161972 -0.03819801745440378
0.30902358628684873 0.02462731254810566 -0.045039014847361745
0.32106835071475953 0.07678874535271937 -0.06686822095671596
0.3053714359160671 0.06194569630428948 0.004144189817388276
0.3484136029928805 0.08813364399625624 -0.020277818759694297
0.34386682072299085 0.0559137652132361 -0.003827143672262523
0.3510098786539533 0.04951953457072772 -0.010943023465602393
0.3140454070792748 0.060901445124655694 0.005430092802537897
0.3329421141690792 0.07667650520749142 -0.06548107634751273
0.3504035231393302 0.06214678701956933 -0.012292392194061325
0.3334492824925966 0.0254851625761901 -0.07066367153861032
0.31690871601655435 0.005850608453552177 -0.03939070370455383
0.31500504803365564 0.025903639742382915 -0.05572065242566867
0.3585707922135454 0.03829436666763028 -0.021557700415494898
0.3597189470133495 0.04898294033335987 -0.04366162858935019
0.3251684290436774 0.018102209893701236 -0.009433236331160152
0.34628124878769284 0.025539834067624504 -0.00848812275045202
0.3561773405742297 0.016477576685606458 -0.015804484677842262
0.34292070370950334 0.010656814461863841 -0.010748354906163556
0.35881038594008724 0.0063294400728242965 -0.07558856178939682
0.3498724174274085 0.0007011897808032758 -0.07757119868637218
0.3432861201527377 -0.0014392348445179093 -0.014756289841773818
0.366886108069555 0.0032992536069131623 -0.025314237007108133
0.34852853018223684 -0.04857483211472402 -0.04167192413249435
0.37183480604591224 0.005350791750299568 -0.05791929186015578
0.34662317862609765 -0.03512129709957554 -0.0309340699421164
0.0484258290272474 0.5117299466141271 -0.06828637316807018
0.008965169036881437 0.49748832204642884 -0.0841592706398119
-0.01812608559778289 0.4834687613174643 -0.09063200592643143
0.06184467490984689 0.5214397186296053 -0.06275195387291489
-0.0025535038940839357 0.5103205118952633 0.04185680214532636
0.008631379133688695 0.5117230456600705 0.04044206624010726
0.0975928773090423 0.5385813899559289 -0.008020665696748206
0.06729102652992691 0.5322537251196736 0.029519524151947
0.07130301735131847 0.5391234982203769 0.019912190965925697
0.0563203535155382 0.528062920983186 0.0341143732309093
0.13352937221028405 0.25047482136353794 -0.024081441365100435
0.1291276397967689 0.2715554422698084 0.03394931953888287
0.13931669854236103 0.2918461989084007 0.02373109293232918
0.08438112118681829 0.2879791396537639 0.07144909983300725
-0.02141779596700152 0.25162837540388544 -0.12548294098965976
0.10064290228827814 0.27926631053359996 -0.0750220100667176
0.10157258832298822 0.2577096862408744 -0.07272177522773103
0.03472198436178234 0.26283760387300986 -0.11328180989240381
0.059974633079198494 0.33353144511016963 0.08459130217724545
0.046630177334703225 0.3242131323388758 0.085677397576796
0.013507002977861046 0.47731324527483726 0.0578897966122279
0.03730055181159671 0.4886529700071572 0.053212813961412045
0.08559263595142479 0.5244973512022221 0.03104588009195212
0.06257538006630624 0.505815274260977 0.04673870556383962
0.10971980653062155 0.5227363298031962 0.012798755231565621
0.13402821030881068 0.52246673026107 -0.03099678476803457
0.1354093137480239 0.5180349011829973 -0.018255824192044266
0.1498755491657663 0.5103979228552898 -0.03262532137719677
0.16845037711195057 0.49570609184532116 -0.049152574040608465
0.1884305647384634 0.4768853790086634 -0.06663929314883443
0.20373140616306964 0.45153402210957483 -0.06114139052670908
0.20970454136601696 0.4379930257251043 -0.06403929618119938
0.21535535061804 0.4209895056928482 -0.06281864290120946
0.2255864892868355 0.384971207550795 -0.05238629538608176
0.22995409201806186 0.37195036611613513 -0.04488663479178348
0.24142410369816505 0.3395022286418355 -0.028057398013881147
0.2439103804397057 0.3200822109960616 -0.01433311704666235
0.23378307238932078 0.3447300258834489 -0.014407612910759723
0.2312721909446992 0.3281901636218749 -0.00383044526697545
0.212597661137022 0.34107419224512897 0.004288880080916738
0.21331338446209375 0.32426650453632494 0.007671626308371665
0.1932760896725478 0.3545403169028087 0.007821436527244163
0.1784122102673691 0.37454064314840235 0.006280174725832282
0.1704622782290328 0.3913362272743153 0.0023933149054105
0.1656699319224769 0.39511235055890837 -0.002014194317129902
0.16718520074259732 0.4023095274375549 0.0031675205961819433
0.1653375267545741 0.4001836702929027 2.381007164625483e-05
0.16729217859462397 0.4025091578333346 0.0033184510777705145
0.16479489049848073 0.3965282029566423 0.008309217619494956
0.16670189977396216 0.3995494392407071 0.00044050192103906277
0.1516395897750575 0.36813471946072285 0.032273807265190045
0.13484665827272022 0.3295110792237794 0.05039530039145189
0.12730383591421016 0.3341792721617496 0.059083903072768666
0.1280129170385575 0.3148245312031488 0.053734912748792586
0.12123434892391656 0.2977865513002604 0.053779761489455825
0.11622566384599023 0.2675827954314561 0.04730095850429238
0.11220296560722902 0.2510362408489275 0.04399122151138015
0.10636711614594038 0.22236276098813687 0.03484003961106047
0.10728033582919184 0.17797866405154683 0.027248181971124264
0.10540160091741939 0.19087125973561725 0.027455095284078124
0.09631031135477733 0.18193644237527717 0.035661012675802774
0.10537390304829711 0.09742125185658634 0.058448548877099236
0.039229708303153005 0.13404799657410066 0.06548255420514221
0.1501455074108372 0.10939797212401646 -0.02596443957331471
0.13461705571318444 0.11942412566161179 0.02072579401918079
0.1347015222281697 0.11526184675347922 -0.06841289911597911
0.1465605379988128 0.0971547378329008 -0.04923456022166662
0.05464405581989179 0.08174292329630918 -0.11351692525660492
-0.0051735250380398655 0.08024635771669753 -0.11872669078076473
0.003604694856405959 0.06817525575023864 -0.11570648295172782
0.11374833412858877 0.11004042478392585 0.04731798074807046
0.13780370363648076 0.08329848870468187 -0.07102579163820046
0.14879240016906128 0.10357791678999811 -0.00026552438967231644
0.10762468847119828 0.08119208654873644 -0.10256751984485465
0.08604195591499345 0.13240263941542574 0.052929130377671815
0.0770875541536278 0.13820839141504215 0.05430277874363069
0.23654028632815596 0.35264615341825545 -0.028558152100847257
0.23933827683594214 0.3470888495010438 -0.034525856891808454
0.2026299278535163 0.3456442567048395 0.007026731514405226
0.06268605202690271 0.3843384405914223 0.08619744273779247
0.05217153502456363 0.37982444432105666 0.0869268503122707
0.07978138358321403 0.3973069379278488 0.0875055970189436
0.11183837963582578 0.43770540157710014 0.06615154922622217
0.10210796742215737 0.4256595710608637 0.07647749618342675
0.1504277602027659 0.439480350634002 0.02827864995883544
0.16418168980035994 0.4474977707988998 0.015196384347164063
0.16664865801705336 0.43575969808353426 0.01564407623635984
0.17935613365092684 0.4248518166524495 0.004093967819955819
0.17672124579030168 0.42915727794092706 0.0063539434959256754
0.18229740716589585 0.419980081407384 0.0027479793168771367
0.1338284852365494 0.46436742953813714 0.03439251661607902
0.15763488053539118 0.461688856045379 0.014930833579897223
0.025608513901148797 0.4397185173750934 0.07230994718374345
0.03760606748555869 0.4458889623702401 0.0708979088847435
0.13842661884216503 0.3492587822601835 -0.0415039668410538
0.14250886275722824 0.347510236842436 -0.03317507980731686
0.14329058908819822 0.33842103555234 -0.025610958759536413
0.1574623695044875 0.3613264178679771 -0.005527477440290314
0.1600039839392064 0.37213532198382054 0.012279064520252105
0.1603280554167833 0.3798717521038653 0.015369462993780883
0.1572060685198797 0.3804677570622953 0.023711991073472008
0.16114922105435084 0.3890355784658349 0.016325902080362106
0.15748292648742263 0.38967392592115196 0.024686696196651477
0.16084143754952676 0.4011580769063038 0.020036290901194884
0.1549842940864941 0.3969562087084357 0.02939781375887064
0.14792764866018554 0.4199546281222614 0.03537703375435509
0.1414223384957785 0.4320270306022216 0.03914950388217524
0.102200051619992 0.439015452153805 0.07210089446057606
0.09508417076613611 0.4751176906144944 0.06044567023689013
0.08475852159663567 0.47678153611156104 0.06343468793593611
0.09828397709889142 0.5201126164259268 0.02651376523434985
0.09675360051006815 0.5278319942149794 0.01954017809465274
0.09188611903390707 0.53456759817666 0.013459236883440414
0.09525066611037962 0.5370823824069227 0.0030582202879115006
0.08195488391343965 0.5323574446894276 0.024581135267623087
0.12809293391893156 0.310390219479713 -0.049151245946014985
0.13407077116283858 0.3215870885121648 -0.04065192315388013
0.14195297599038545 0.30661231802833316 -0.01796748800739013
0.14949468505988928 0.33409968924902866 0.028227252982416868
0.147421462599996 0.34099411758275266 0.035192589902505754
0.1422071645799145 0.3442384394635746 0.04410250687118748
0.1350374351541126 0.35105000750677245 0.053850062897609643
0.12631534932386937 0.35583338641816076 0.06278443693203482
0.13816828618223512 0.37432573323472523 0.051307126127144255
0.10346953816661114 0.38999888022908497 0.07976385505384534
0.09288958728672866 0.4048572018278237 0.08425922759030292
0.10303259682380925 0.41233081332090976 0.07891677065158359
0.08108833213083448 0.4384597953905699 0.07984978929937864
0.0738105133156211 0.47689791867354975 0.06405836982753903
0.09797902090631494 0.4934640383977936 0.047643652806866124
0.04963090274880338 0.5000484485552966 0.04881313301491173
0.04168757735309656 0.5423654873924896 0.022604062331819347
0.05359020590559075 0.5532281196289184 -0.0012168969965877267
0.06541011673058135 0.5543833492778228 -0.019524457320680758
0.21439686766463054 0.3502787360794998 0.0007147501761851336
0.21388978303888084 0.36540781978461323 -0.004343627570490701
0.21025778329100436 0.37952811954873544 -0.007031707381060379
0.21781529189814372 0.37512192308207604 -0.012796333025762208
0.23115489974999165 0.3607135153212477 -0.023034189259834928
0.22304055050548072 0.3823314348932583 -0.027453359439097418
0.22575335796331295 0.3785338559474196 -0.031168771718733074
0.1957728447915763 0.36365937516749897 0.00563243734586058
0.20608415247414505 0.42298611039032175 -0.02388513057512107
0.2141792435324571 0.40324640160473746 -0.026167996029149956
0.19070463760301226 0.40192450642301875 0.0006579423615252631
0.20004777791813955 0.382879554744441 -0.00042492731183247707
0.20186983058022237 0.3630344943296056 0.0034744176945845215
0.1909144262076945 0.3909029571387085 0.0023005850547889056
0.19452187460019152 0.4234144942380466 -0.006836092216844246
0.05764705411217592 0.4084311742922497 0.08348772810453921
0.049005308060826834 0.4003364987415633 0.08431189062332217
0.08072623743696512 0.4097457716557657 0.08640045368389504
0.06942656081796382 0.40985508843692897 0.08566481709141037
0.11189096803171207 0.41865867255702816 0.07192812799439621
0.16532237421043744 0.42875872757120637 0.017349363131865195
0.17060842299221826 0.4439720482041198 0.010511341906675182
0.18321914353281973 0.42946562640635333 0.001087901149250417
0.1997795093999309 0.4035018034399882 -0.005854724739692628
0.18117044190051002 0.44317712185628094 -0.0005511645977972422
0.16862706431162783 0.45307149116323087 0.008959192243588439
0.06948136386712253 0.434059283951206 0.08066410797601091
0.059341990830016275 0.4359659387562401 0.07778977404853127
0.04713263432049513 0.4393600347823393 0.07448375566842334
0.04624362479911704 0.42495236008795856 0.07799446824610559
0.007161405076175883 0.41982892281567896 0.08130737281101481
0.12122687794391825 0.43952367508825585 0.057390431707695186
0.1398613373057485 0.44858177765266294 0.034864921288176
0.09158348588806353 0.42501075633801944 0.08155195736177226
0.1975528637229327 0.4006053575712787 -0.0033108914321443856
0.21631975617970509 0.3893898575325484 -0.01970829726176595
0.149126154255894 0.4166457124253647 -0.12159260072886316
0.16513487550798414 0.4390842674105622 -0.12402039612690297
0.17731728474265557 0.43798842176007347 -0.12050588378097549
0.17912028607400576 0.4569449035402193 -0.11743026776213748
0.19377688646249222 0.4585155203931558 -0.10148244831281557
0.19712007491451922 0.4606067173013897 -0.09205595508778078
0.19376127604049792 0.47055947655252356 -0.08176840048154559
0.19618570400854501 0.46447593227756145 -0.06062615208513978
0.19368765860699863 0.450698589993217 -0.025494482859409476
0.16776404520613875 0.45798791021778174 -0.1227815189497099
0.17139733162400483 0.4712153712603724 -0.11772271717010836
0.17695783237318652 0.478030983576504 -0.11021007588582125
0.18335280527156073 0.4785521917542124 -0.10141376002160542
0.18609644211534848 0.48046544856988266 -0.09116338883421644
0.18377669247751816 0.4851530731131519 -0.0794840732717264
0.14440780831448746 0.5180383648790888 -0.05368949880637711
0.12912935526536995 0.5262584580438109 -0.04129821323621407
-0.006117249103233427 0.5410844309395985 0.026265965735505478
0.2298779181042173 0.17113995437166438 -0.006552022640722421
0.23194436421956105 0.1938939178681069 -0.0451129914923995
0.2951222168085589 0.21366082898495797 -0.04255404394492496
0.27471847142074646 0.23198223822088057 0.010524291167126705
0.2562375108939189 0.21967851665653354 0.01864503974514493
0.23918287805495284 0.2042280291168545 -0.05266223809496919
0.24851259658879082 0.1916709492793578 -0.048060298467579685
0.2656837546386179 0.20623624870745738 -0.05313447463891
0.23345741784246388 0.2008739720497651 -0.04979461917674867
0.2927832772547232 0.2289262313986931 -0.024660599897971473
0.2510683747387055 0.2029236418369056 0.018451288352950405
0.27108266601638187 0.21670083894047396 0.018093753303432197
0.24206195465664881 0.1642944958890347 -0.038641392610686866
0.24688172422565952 0.16547667391989956 -0.0426018423980189
0.2823623409856198 0.18904919847273427 -0.05359979737024977
0.2321602088602775 0.17341728111463312 -0.00036379738847211473
0.2628320587163141 0.19814078211869243 -0.050743486914357
0.3030338215729503 0.2140676133792707 -0.027051063861255036
0.2917187233409884 0.189680914286055 -0.05386350041234052
0.23810143866563965 0.15327605559359925 -0.025722892681990815
0.2279573982681436 0.17301922475958145 -0.013986061469037392
0.30516281229404474 0.2070329389393454 -0.01232704050913476
0.2504907748385358 0.174740311592255 -0.045120253617606465
0.27091637377276967 0.17837896398739544 0.02506297430992918
0.29244641118563514 0.1990348892009143 0.0076524312845819295
0.10295146119127609 0.45983797507900875 0.06277069665252923
0.09251389760726814 0.4519852444560547 0.07185557881821554
0.013211391864511925 0.3549070112249388 0.08884238853532372
0.017831196624752244 0.299396318491884 0.08052022031093367
0.04884693934058387 0.18144031181833653 0.05710096392971379
0.03663920772258727 0.18086458072323877 0.05954892629840324
0.035876353012696593 0.1932600685757088 0.0598379057005205
0.03726187242644086 0.15538545618595992 0.06185988536247074
0.023233291486366412 0.1333625761199171 0.06836398531870841
0.035693590408729554 0.24299366122775304 0.06814854246564002
0.019775783322910433 0.20953741429706932 0.06176794009158078
0.02031610981501523 0.19451984784933685 0.06029639499575872
0.03599850418893871 0.33163151672364494 0.08716755076844862
0.02794327328874051 0.3283842561236789 0.08653173864445607
0.03401056803727995 0.3817953147470629 0.08745556578752912
0.016401167329873286 0.3916045628837049 0.08783854819271097
0.01938385476657903 0.39935204568913724 0.0861207865440129
0.05949425436744542 0.35253108397412924 -0.13125968426690182
0.05391008741312903 0.35410067744706425 -0.1325186215532831
0.05125648658988082 0.3620803291192267 -0.13261402301869138
0.08060897968152474 0.3581676098726685 -0.12489450245081565
0.07352386474004016 0.3592211875212984 -0.12783688545528793
0.09740210872016605 0.3567039061512723 -0.11441821189885384
0.0643043748703618 0.34517756703129776 -0.12912126489131848
0.03819354641739972 0.3449048564994054 -0.13598968799854502
0.06907957903727718 0.3320870350141737 -0.12359479123884069
0.046077328844931514 0.3291564748024811 -0.1328806463464417
0.1380877673035022 0.36942590538439113 -0.058907111757899346
0.13995061442305812 0.3807718984036805 -0.04432130016638983
-0.05136311408885791 0.5639766970047422 -0.1439037740966921
-0.06990710059092506 0.6011197214666734 -0.18009036453031313
-0.05323587489351951 0.5621781950391401 -0.12141211063240248
-0.06359512705961791 0.5763494179052975 -0.17312404452424618
-0.06680237565285874 0.568292601862355 -0.1690587231982638
-0.07205475970056571 0.6266891130775712 -0.18685781345046779
-0.06990474715202064 0.625462028447267 -0.18658421695328894
-0.06566699951136945 0.6089249606565369 -0.1822274971508451
-0.051322466640441745 0.553742881680784 -0.11509866303406727
-0.03990762005345252 0.5477377825267201 -0.10658703219052558
-0.04473384301501678 0.5679233116863388 -0.13018137932422844
-0.050916585640660615 0.5651203782943668 -0.12519535449352143
-0.05132121699067699 0.5656883545064201 -0.13028985704557405
-0.05668969754781388 0.566230729369262 -0.16413179351747964
-0.02796428677765713 0.49959577836012103 -0.08246913014545004
-0.0274960463564366 0.4930519862362019 -0.08407576523821739
-0.027140348597984566 0.39786832979781883 -0.11138801069552634
-0.02048583142252364 0.40793260105505263 -0.10913621612496141
-0.02462943186382206 0.4198095821171156 -0.1040740045434123
-0.02475258047669342 0.48247665493081293 -0.08894854998255748
-0.042968725821880854 0.5219923711979294 -0.08866263682981404
-0.04824468806776658 0.5431679361388163 -0.1061726250710666
-0.031079220933447723 0.4482549748225124 -0.09480037067027967
-0.015645758423645916 0.3656524581709603 -0.1257328865051504
-0.03170411682841843 0.3035919043666122 -0.11572054025453603
-0.023762206346774426 0.47448812446924804 -0.09053143868709096
-0.032151071204151754 0.2851976609502091 -0.11772923689058426
0.15510598314895852 -0.08080679901507737 0.03592780701366901
0.14820709484705868 -0.08931082837847114 0.047432592346396005
0.14043061404934748 -0.07462081796217396 0.0555579018444179
0.14401863147784305 -0.10535284860400218 0.05297822644910885
0.13638957442260963 -0.06497990791165048 0.060925798830657
0.15079694748947262 0.034420740077224954 0.008252315296447208
0.15330319886759294 0.018106347237786955 0.007840771323772342
0.12592514513676137 -0.08412826411989571 0.06910752762701
0.12822914506702163 -0.09569453325203442 0.06604124662981628
0.08764532488104863 -0.07456992092116149 0.09981248330443493
0.14752904276097153 0.04896513975450417 0.008498947011358789
0.1362902983732947 0.05871776162165551 0.02938802336950748
0.1331686455955563 0.03428294532936771 0.045389976599950276
0.14563886759271943 0.03349325266275249 0.020641600040838266
0.14044331603450597 0.020995486745563733 0.032151020964482094
0.13796406234101644 -0.036515829126000265 0.059001278788559826
0.14318448455393967 -0.051760326047207754 0.04976342579793782
0.13543966398153934 -0.04764201589858097 0.06540024524906302
0.14025434558374753 -0.059214576385467566 0.05538149716816974
0.10817794759765817 -0.07007622109282208 0.09002165783169934
0.11657715148191349 -0.06648479498098514 0.0838284600174177
0.1308435744777927 -0.05272014181538481 0.07165334707005236
0.12391365563393535 0.09416785050482934 0.04429285864722508
0.1327069752614443 0.0942035458422067 0.03410189841946692
0.11466642291017415 0.0831349747090262 0.055372396409362215
0.1224903569188122 0.07163454394830349 0.04931597880132577
0.08731647216835389 -0.09135467863938607 0.09274727879874488
0.042516582474985125 -0.09366216076487627 0.10533703320627859
0.09784484517668886 -0.06379851035083905 0.09816901860828381
0.10708815856964149 -0.05587237679031732 0.09391641569418106
0.10582267545528598 -0.041613506348429356 0.09580900176119801
0.09909004716260267 0.030727042342885896 0.08932131461570934
0.08980845964429657 0.0068467470425119265 0.10128153059257348
0.09962816899378449 0.007065842938324048 0.09584951027614307
0.12714163506556253 0.034285406308946276 0.056287451892670884
0.12396320302977934 0.05601876995894073 0.051427648745515184
0.08465640328465153 0.037082989064502886 0.09424933644690972
0.1089418969265951 0.05988825702278694 0.06727736459248235
0.10130455118608689 0.05868956959974814 0.07395571339077957
0.11585377510639559 0.06630743503007053 0.058264079225173626
0.12863888027561243 0.018263843821635265 0.05915319409110796
0.12267372993361085 0.011392023110047946 0.07236949329527886
0.08684416389995041 -0.11013975345161796 0.07994769616966964
0.09110000635234898 -0.10154035131027012 0.08401146841970628
0.09971706536251439 -0.10422169337795228 0.07805310962556275
0.08056128398880727 -0.007244753425569127 0.10698766795738397
0.09057863791437853 -0.014243991895596607 0.10341942318081389
0.06482061152429429 -0.017754240550260227 0.11176027258653322
0.07992293278365392 -0.030094433490952973 0.10722127875511349
0.043879374524614594 -0.022885515790246 0.11588490901818227
0.024007355385746568 -0.010223374828489144 0.11992036202243075
0.07342630452582481 0.048161817565496284 0.09351379768717921
0.06598268146773105 0.11437444653127057 0.06485083805218203
0.07461395002018069 0.09320445591130196 0.07270765078917887
0.05713909589282794 0.1339304369133114 0.06126449411963726
0.05403486369475291 0.15728178348825755 0.05779101211287831
0.052936085206237986 0.1692745652721898 0.05649047416459117
0.07927872259536996 0.18212741147970676 0.04522182497243518
0.060121011891950904 0.18161998844428964 0.05338444061809535
0.10167261029403869 -0.268096231518276 -0.06381134457668626
0.11789193859277598 -0.26886259975778426 -0.061734771196432954
0.06982233454507886 -0.2961810912109155 -0.04197705276466964
0.03740368362765232 -0.28354795965397955 0.013040907224506772
0.03240751461957836 -0.26565528898094776 0.01911040668656068
0.02007335518995475 -0.19535087350688468 -0.010716337986570866
0.018481229381228256 -0.20180031648403113 0.00469072494602835
0.1637332656795439 -0.24722936859875289 -0.0184447115095071
0.15887538270352358 -0.23905903751403615 -0.0356855341668225
0.148185623001718 -0.25364535280135514 -0.04709013780184984
0.1247397933280542 -0.3257454538232444 -0.0347710270853415
0.04337088295173334 -0.18839484815166213 0.06245790965352243
0.056282339246673016 -0.22897676983520338 0.07435553579414866
0.050539079044641284 -0.2722014319576302 0.07117158192203081
0.14352034844754305 -0.20737996675637604 0.06134420607325964
0.15854714305338027 -0.21323653288749103 0.039771073218359855
0.15153951850582567 -0.27504986471887394 0.060134959883063624
0.1644789093039446 -0.24016363254150808 0.012506800835517655
0.1592958404894452 -0.30697634946597874 0.009245060591202203
0.04036102112652764 -0.28215871398282355 0.0003205442724081197
0.04793873769419057 -0.22446407989765638 -0.04616411280828171
0.043991442627952834 -0.2727001616842675 0.06272144863580476
0.016682513637427437 -0.19763508362197027 0.014144111518522778
0.08383261587031177 -0.19133887547854583 0.07873415104495578
0.09582723500517791 -0.18253350279860836 0.0775671253371224
0.10948042893022893 -0.2687009601622277 0.09296064397933725
0.12148789451959655 -0.1962826824352804 0.07403069490672916
0.05608499305619923 -0.18829607632047773 0.07040838411928484
0.08018453862657636 -0.2767811365158114 0.09093272818821534
0.0725004409062719 -0.5851877660116074 0.09187229651092828
0.07318182184815732 -0.5790016671036368 0.10990411746629487
0.09743922494587727 -0.5936981511917436 0.14128607139125673
0.1056854454517822 -0.5924875957575166 0.14490720056211465
0.17389627543294905 -0.5660984513964975 0.0967517973849323
0.17036922037159158 -0.5721436797080336 0.1096312648853254
0.17508596515989808 -0.5711157543268526 0.08411889955202084
0.15485553206041586 -0.6253741395035219 0.05097453451219682
0.130154991126135 -0.6279201132860506 0.041078042651194614
0.09761083051326988 -0.6124807769439714 0.054217597230004924
0.11457818334956106 -0.5917305720653856 0.14713919099184852
0.11461875684283988 -0.6107569558229768 0.1466321845333494
0.1348652252417353 -0.547340995012704 0.14176821143510043
0.16483310506981327 -0.5824966537923361 0.12111093148994234
0.15599982982510002 -0.6036668466443397 0.13164304686913264
0.17274832857399278 -0.5854451581101673 0.0712752823895174
0.07966007489599526 -0.5977474597897852 0.1258195966560757
0.0870370204325423 -0.594796707321344 0.13418403919799973
0.1532503185776214 -0.545783441765408 0.03931212593275683
0.0761805144841487 -0.5240411590970266 0.09192473141900145
0.10152054907584653 -0.5278338358960678 0.13220478934198934
0.16654086479353097 -0.4900564711344102 0.0870285012440222
0.16655967830406504 -0.49218821132260004 0.07398331473096947
0.07714027482305395 -0.5105921698417986 0.07264525809076759
0.10008259298059327 -0.5199041965761034 0.035536903432769745
0.1279540387973468 -0.560998014887842 0.031950006859785884
0.1644421717708859 -0.4994668810393695 0.0598975835264637
0.16512258072971614 -0.5342798978125876 0.11445590922283112
0.08830697215464424 -0.5560918779868401 0.05730980891714749
0.1171719555699584 -0.530559004465551 0.13891501658857291
0.08069240333059764 -0.49928496756223084 0.1029684911500908
0.07956020176940966 -0.48335016497043015 0.10049992193471317
0.12585184749821923 -0.709544833917064 0.057678030144505295
0.07334770858473852 -0.6253470967516509 0.10672639460375369
0.15124301709821047 -0.6562508789506281 0.05543358529776417
0.07569852283034499 -0.6284577576865554 0.08820696660488046
0.09264942307382572 -0.7084536304980098 0.07655714323900055
0.10865556183046565 -0.6416343044127077 0.05017549927210072
0.15279111202019716 -0.6953481522865509 0.12436164181232641
0.16551127557327894 -0.6584045940870126 0.07976435153930737
0.09381765875379386 -0.6716250276349287 0.13191506818666723
0.09488160596198862 -0.6916417595405642 0.1319682445760809
0.06178464973983386 -0.07695599993886482 -0.08672397838171496
0.002889939012937439 -0.12426857376606121 -0.003963379646680969
0.15765883277624312 -0.03573563486901166 -0.05530642521141731
0.14941133841136026 -0.03375628492720545 -0.06807570483559192
0.1596139950453915 -0.04509669386119758 0.004906941505590357
0.024582896985082377 -0.114554030780623 -0.056581215114868806
0.01988859337065466 -0.12351398542684111 -0.048166582103699694
0.16505926304985952 -0.058221046441757074 -0.018759409435304297
0.16218441993765714 -0.03840708090781178 -0.04149666839155117
0.14281064049628397 -0.04368190370178954 -0.07560213122993342
0.147022093461385 -0.06765814848807694 -0.07279992647508556
0.06490497880661736 -0.08637625437013519 -0.08682962541296461
0.0787190937237332 -0.10854002811578156 -0.09204811015885757
0.0068180289549680485 -0.12643195521914302 -0.023703454979579253
0.008908901360215908 -0.12576319645572376 -0.02940278568220921
0.03461826139350102 -0.1090624287777232 -0.0667417194519329
0.0011729000587565829 -0.12191084888623628 0.001795546213349215
0.0023115147872022433 -0.12297569899935386 0.0045326050119749986
0.1541035187835534 -0.03384550603476433 0.015499771266705292
0.15109544322097462 -0.047821153588563266 0.030303969061552145
0.1345180564153548 0.012318580874314007 0.048213965344623556
0.13179288467105962 -0.013178628915658212 0.0642965541804788
0.12673277056250018 -0.01705404808978053 0.07364175319457615
0.10295459727690107 -0.016954364821530756 0.09688820538777078
0.08557185751350767 -0.05527660260753975 0.10385840965077218
0.07126291376238372 -0.04385597347670439 0.10854066315760884
0.05141731664587292 -0.04271833223116994 0.11301545627812974
0.02251158709515489 -0.030358252235570118 0.11948970536699297
0.01688011641090113 -0.07637537261495753 -0.09787077274747971
0.000830201093967552 -0.06932712722477197 -0.10225403260396689
-0.005931784862719275 -0.07135057458429911 -0.10266759599253988
-0.013628145929089874 -0.08565250692539617 -0.10105942526517658
-0.005989608711021968 -0.06127889905066475 -0.10257188923746553
-0.0011174126934151431 -0.08501880898265174 -0.09711994076448086
0.04507205754340726 -0.13171035774615647 0.06669136004402866
-0.011900584877592659 -0.09221534199181713 -0.09645968650464487
0.05663120007453423 0.10013555000698568 0.07283834722905211
0.08346482762703707 0.11529455916334362 0.060301474883903715
0.0902601841236681 0.12579864747886316 0.05369412678979607
0.14978133154838622 0.11053385532283136 -0.013601940062308726
0.13994415690038597 0.10131933031162352 0.021490108234498886
0.00045967155015167225 0.04912340508285265 -0.10816864043142826
-0.0017620448135684294 0.03439419912364508 -0.10252361345644465
0.012861133195578535 0.03853208758381019 -0.10569482085327947
0.12332306255991263 0.11076744964655949 0.03868958263675274
0.022726989689321384 0.039329161797868384 -0.10612272453870009
0.029707239054162494 0.04122527483122507 -0.10609857337316603
0.11020876348880211 0.05969048888383935 -0.09999410230836796
0.11899136731735768 0.06601561621652716 -0.09552658970671431
0.12060072085546959 0.20241927650022765 -0.059212115108311064
0.1143857712775476 0.20445850154103587 -0.0664785501338958
0.0665612832912742 0.18839006539122746 -0.10171442596407262
0.1311609743160633 0.21229244100458708 -0.019644166418958973
0.017566746796216632 0.1583931660337192 -0.12486447652748674
0.0286251458771981 0.1572357726383307 -0.12111778434284594
0.09690905282760202 0.16622160365018518 -0.09395742738919347
0.13178034365902241 0.1721492591711285 -0.045131601627634015
0.0768060262463365 0.23123589168517017 0.056477058777737024
0.03707001030987749 0.20975072901836697 0.061449828208991676
0.023729754848457595 0.0553519633518233 0.10126147037740929
0.13976861409506589 0.09041827659490465 0.024594760820528104
0.14808262764321087 0.06197041205372933 0.0029374857584790557
0.15303187570285992 0.07979191234946428 -0.012570883454464592
0.15228338017726356 0.06174423930123816 -0.02507168633060344
0.149164316218112 0.05797707497510074 -0.049177350354357524
0.12634447613747965 0.07044723652086182 -0.08892557808969997
0.09802118732190507 0.041549859786359056 -0.10255698115993106
0.08488709257377396 0.03774822525116561 -0.10376905279488732
0.08549215440551268 0.05045341349574684 -0.1036062818769542
0.06644320762334656 0.04624650437675307 -0.10331622651517541
0.038714056174700945 0.02642499304744362 -0.10164634845119111
0.03989532213761879 0.04032063878509162 -0.1039549890977612
0.04913414029003891 0.028360603595105397 -0.10169163900717562
-0.0036566183987954922 0.019180098766413915 -0.10006525007371525
0.0064772774312075445 0.02082451814327205 -0.10082645681992249
-0.010970537028862127 0.017535954931703793 -0.09892565389232742
-0.011632293920915597 0.03227592467698215 -0.09970434422936891
0.061750011134223404 0.06694081724908013 0.08713924476994094
0.08753770847548653 0.09399690590034818 0.0686776268166409
0.08921512120708419 0.07590727349776774 0.07393533104691427
0.09864025681522937 0.09198291709424627 0.0643077217196068
0.0712971126279062 0.07327835619083103 0.08160734177968519
-0.05613369670822877 0.562759190936689 -0.15138753329664295
-0.05620777782947624 0.5636055814185849 -0.15772835570401442
-0.06848710671470681 0.7554835765330483 -0.18390889622871587
-0.027614222404652906 0.5904134849402582 -0.007379446372445407
-0.07032965917697497 0.6700583776980266 -0.1916692958267628
-0.071038527187734 0.6468505890173862 -0.2021607255909121
-0.03321368210470036 0.6630071254763281 -0.014600387052673568
-0.0279124228680905 0.756518423775164 -0.009577675740523947
-0.04761658303907369 0.8163884656819975 -0.11303720622602582
-0.06899562698382503 0.6866907242627861 -0.19195020781965955
-0.06206476173597237 0.7336801585992929 -0.1904099576477735
-0.027432791655511136 0.5813850581706944 -0.0020472602707568392
-0.042747531829706586 0.4960727623673178 -0.07741660271948113
-0.029927968920979767 0.5055611839546107 -0.08208401883563195
-0.03902626862459568 0.49168202495614005 -0.0793308155571378
-0.03618127412312854 0.5103800449437843 -0.08219421866864403
-0.001223728398063826 -0.12086213789016775 0.008194025919421258
-0.03252352669326608 0.473272463837202 -0.08823026098156661
0.02026826077312395 0.2382238223326845 0.06744463620825734
0.08828832856010876 -0.7882088202517327 0.10991485001832778
0.08947767049815325 -0.7899760825243319 0.09967114798375029
0.09690437648322425 -0.7595147328398559 0.135975188421687
0.09148675687227416 -0.758461777074901 0.1308120373921552
0.10527071935098745 -0.7320310437651477 0.13896696746574785
0.14035209002287186 -0.7223658544095914 0.13277999961070833
0.13500141387918022 -0.7587025284575925 0.13191278105326365
0.14042753300363348 -0.8007485491838777 0.11217910195931022
0.1427967913183519 -0.7840826530640514 0.11162560479374876
0.13933612616941252 -0.793581439897792 0.08165231265051173
0.1405909324219632 -0.8004697217906966 0.09140079298573218
0.13993924941041094 -0.7539669644713595 0.0718298101977
0.13346698779301272 -0.7967761495433066 0.07421089143198976
0.13110444404340038 -0.7585242622293076 0.06684029224197525
0.09137071032776019 -0.7885337550544718 0.09230542750901725
0.09400423786753874 -0.7952431289162958 0.08381853260187665
0.09048950577093991 -0.8072435928192461 0.08967983668982693
0.1071995956383701 -0.7711966060351135 0.1410613637569099
0.09147439461515519 -0.8085118474912214 0.12829694274147518
0.09030327345551153 -0.7746648420194471 0.1291141114390007
0.08850940368693876 -0.8080658177906916 0.10489620640941649
0.09408396871458555 -0.8136184660401666 0.13627104377396973
0.11438877875432883 -0.8062518464329074 0.13972751339549713
0.134376201518559 -0.809328969522243 0.12577076384267774
0.1274668392641007 -0.8160975411845883 0.1312337034698942
0.13767761398414904 -0.8084504048347416 0.12050538617943257
0.13947018014513787 -0.8168970642295206 0.11279969153721645
0.1406851267789566 -0.8041232894040425 0.10249702015614584
0.13941579041876231 -0.8206679073777521 0.09283946147839887
0.1400426803204274 -0.8402763435821832 0.09348116956058498
0.08615132599631037 -0.8355452078227014 0.08461183568126393
0.09012475573185688 -0.8356897290525503 0.07678421695236784
0.1013482617727778 -0.8286059645619714 0.14504671533436175
0.1036303351890752 -0.8048091679562948 0.14278811570546743
0.08933145480295009 -0.8151276293003857 0.1160308496773842
0.08766000723581098 -0.836688970268268 0.11319699262043874
0.17068062536397915 -0.9394336066000957 -0.07423772794545315
0.1719611807873318 -0.9418884716482412 -0.07516052006129005
0.1740811379783529 -0.9416844688829329 -0.0737397211040425
0.1337479980080308 -0.9317812619414652 -0.0901286811234056
0.13238839155007845 -0.9350628724612504 -0.09052076940332354
0.12988320267733058 -0.9326842036207414 -0.08985840945889631
0.15504314439776762 -0.944143786808523 -0.08288740293092828
0.15796054277471303 -0.9435707839099647 -0.08390982031146288
0.16074598509725974 -0.9420974410358082 -0.08311753859757742
0.19046032123720377 -0.9412944174363183 -0.036764567507109935
0.1914719268170939 -0.9428152141776407 -0.0357891515231783
0.18939129346481098 -0.9443291466251704 -0.03524477928395055
0.19185920434748643 -0.943955958414404 -0.034066624208502747
0.18306472230246146 -0.9457273630109155 -0.057215513526911205
0.13036677048128922 -0.9283617137415179 -0.07864211982103145
0.12053983637920916 -0.926594106168215 -0.06707973556794765
0.13283469635122752 -0.9282260977331034 -0.06902007508511802
0.11296739963784275 -0.9363940031045401 -0.04980185714320595
0.12033578120328348 -0.9409170772089914 -0.07406187020742566
0.12805819440468022 -0.9452049363018145 -0.07232119987210908
0.13784107189653055 -0.9329732046879389 -0.0712399942961493
0.14140243708853556 -0.9371048276216307 -0.0805140651815714
0.14009349589411813 -0.933711930891546 -0.081436890519236
0.15903134604472394 -0.9351284881954532 -0.07009530933357451
0.15565633553271682 -0.9321863217279912 -0.06870249452561272
0.1616879799084975 -0.937441527625593 -0.07677400392675672
0.1527254031779742 -0.9315597232590207 -0.0708354576887636
0.14453218341845125 -0.9433580571184326 -0.06671450462926976
0.1429164517813518 -0.9449624145061924 -0.057060974866544184
0.14861709222839475 -0.9398390245798351 -0.07848063671519899
0.15386329222335157 -0.9448817424681262 -0.06372057768469616
0.16756661959058583 -0.933215612418181 -0.060747845707818215
0.16361455574255246 -0.9349068163357293 -0.06185328899170701
0.17208010566721524 -0.9340799637825388 -0.0600568924538808
0.17112281318777783 -0.9373296441384005 -0.0707061309463636
0.1641234486831683 -0.9468237896813642 -0.0675847335772791
0.16944573301092525 -0.9481540744492083 -0.06574488065455113
0.17442055048323685 -0.9355032753618302 -0.05783471808381017
0.17579721942057305 -0.9417636189588585 -0.06628497412657983
0.1752577904986913 -0.9397185234345447 -0.06958719586156044
0.18238730767536268 -0.9327399294507424 -0.044166282443644636
0.1792827653452893 -0.9326613225862037 -0.044815345373545666
0.17786156425700597 -0.9444019321665011 -0.052083836539924315
0.19518056081538998 -0.933185220473421 -0.02038853358779891
0.19508024310323838 -0.938564243382144 -0.027888162456749355
0.1907544492612939 -0.9273326792876765 -0.01896063975541904
0.1929554449568666 -0.9320801895776434 -0.028409869092985006
0.18746417581395852 -0.9386935525230146 -0.032474372368637074
0.18520093073412586 -0.9402254301368868 -0.026175466316386668
0.18544471241586338 -0.9431693097329429 -0.025179758408794616
0.13255523345285475 -0.9301263985839212 -0.08719951286733205
0.1283729503090489 -0.9309710997435839 -0.08633151616651187
0.12522484057902936 -0.9251458992018746 -0.06441236688985777
0.12670364290975777 -0.9220614878144586 -0.053730793286164216
0.13230980932474895 -0.926623090883764 -0.05991483960141995
0.1233280516022316 -0.9401740280595148 -0.08172487908372252
0.12335467972614558 -0.9369228182044351 -0.08378473770488129
0.1164749801116769 -0.9291224026257845 -0.06369340449445686
0.11266262790615163 -0.9320780730233915 -0.053107933357451405
0.13489521613224933 -0.9432555136885966 -0.08144041017929605
0.13067994408458475 -0.9435168223392159 -0.08326892024940821
0.12505715876007403 -0.9437647371702826 -0.05003350748731844
0.1361572434527878 -0.9313536129818341 -0.08865194192492755
0.13920762434611716 -0.9363361296859108 -0.0855267252678398
0.13649090305285447 -0.9431213734355296 -0.05623839155173388
0.1355488605367512 -0.942368827249507 -0.06012234250504689
0.1603132964468237 -0.9376185726826858 -0.08232809945771923
0.15209706963165062 -0.9451101867165889 -0.055205399326129515
0.15470892888267385 -0.9425946322884882 -0.05783999702581735
0.15450610062987963 -0.9439840761628473 -0.05296316828789267
0.15671235361855618 -0.9418602556462712 -0.06429081099302009
0.1565499838908861 -0.9385587123837793 -0.061019039896932296
0.15784444386906946 -0.9354209807983986 -0.08059871576687697
0.16002987319133583 -0.9383232141750963 -0.08339139448199202
0.14790211946787304 -0.9274559614863718 -0.05868808222388108
0.15298548507841034 -0.9297667888608301 -0.05846719536482562
0.14105065617896637 -0.9280680862870538 -0.058930232834028484
0.14371776036981682 -0.9243000892606104 -0.05087205378589372
0.1508659949226332 -0.94341681779868 -0.07986791862498985
0.1525393611707526 -0.9408293960299815 -0.08234188509130133
0.1408682439771035 -0.9338675735202158 -0.06250786264732391
0.14369327398413462 -0.9362129715886438 -0.06784045721939809
0.13691552569005677 -0.9306666401830042 -0.05924105861286714
0.15596715761276783 -0.9470786813849968 -0.07723580355205746
0.15859295931566375 -0.9461783471672662 -0.07693103097908666
0.14901661893679327 -0.9458466807489874 -0.059932227260942834
0.1687526684437477 -0.9383239003966841 -0.07162072351839703
0.17357715493085354 -0.9388047519972939 -0.0727116228115254
0.1586996015801489 -0.9305966494288767 -0.054417763827677525
0.16270203295365324 -0.9285104189783931 -0.05062340588193399
0.16926356044195412 -0.9292942432370508 -0.0455691208095981
0.16676506176757344 -0.9462767688241327 -0.07206454463936458
0.16730526952233554 -0.9482690663467126 -0.06851009775043894
0.16860453077081844 -0.9431331982409956 -0.07466094494477665
0.16949819178434747 -0.9462653960566855 -0.07384759444563208
0.15758557849755148 -0.9357868579831445 -0.056642605556841114
0.15997942114140065 -0.9379025214946686 -0.060510053081980014
0.155087326959661 -0.9325960276332224 -0.05487426241783454
0.17102996332759365 -0.9478735921588266 -0.07042588071885031
0.16273269425495576 -0.9462583731163197 -0.05286460102452217
0.15893874936417035 -0.9456894578018915 -0.053728812075527106
0.16819971465965922 -0.9448042509761179 -0.04540192421709926
0.1725615137840336 -0.9424936769213998 -0.042732579160984614
0.17339218463647516 -0.9409524790664241 -0.05180356129286254
0.18666059562213153 -0.9402354535873478 -0.05077199312756648
0.1856959373640982 -0.9399656284784201 -0.05432450762017413
0.18152985281068332 -0.9441895200476926 -0.03442955344954348
0.18577031480013606 -0.9409019050803505 -0.037865238439258604
0.18414217420355475 -0.9388255050147845 -0.05521323146646537
0.17605446913320513 -0.9299986062255228 -0.039994259773747175
0.1783416577580298 -0.9278889896437947 -0.034170899858893086
0.18368629290714045 -0.9285340157952631 -0.02919805143756986
0.1797058337690484 -0.9446282086577737 -0.05600199015608936
0.1766730755560033 -0.9338633224904063 -0.044235883317119314
0.18112262517177546 -0.948091675207626 -0.052142567893158555
0.18342948201872117 -0.9475116176772671 -0.050552378391073
0.17727294330345733 -0.9457504252209383 -0.03828477926932442
0.17411912671529028 -0.9447668639626825 -0.04015444716552555
0.19524426241829798 -0.9356370047398118 -0.028011461877842675
0.19264556038285185 -0.9395465773547934 -0.017310338385838734
0.18970176327813257 -0.9424439332471672 -0.018906902723781163
0.19278618549259233 -0.9357521676438302 -0.03369098848528763
0.19101936109649506 -0.9342850540083993 -0.03252332892956022
0.18724033812081342 -0.9425860218253307 -0.03312078812234716
0.1891611881822306 -0.9398935584035242 -0.03566022700498682
0.18804668877271163 -0.9325091366948679 -0.025941641865684626
0.18653134815804132 -0.9300241319146478 -0.02539330666593143
0.18903907979963652 -0.9452775207683197 -0.031165236337811562
0.19132038946156524 -0.9444028981227248 -0.030145592240096414
0.186234243165772 -0.9436588886735363 -0.020265121382127122
0.18417632668204784 -0.9430595783200586 -0.022895443058915606
0.172192112020646 -0.9462314650984263 -0.07353931568233742
0.1735658714777735 -0.946070579422423 -0.07201569501083617
0.13498592095256953 -0.9406739519445776 -0.08618894747985435
0.13088736790567437 -0.940157055636915 -0.08752959527625041
0.1590095438751992 -0.9401079861131038 -0.08437357844097294
0.1574393528414513 -0.9386042659985526 -0.08398617513445018
0.19143228874901616 -0.9374585445847843 -0.035568480868731454
0.19281290045630506 -0.9394816308097196 -0.03564109288908701
0.1841490152682916 -0.9427223832580881 -0.057213625468053954
0.1201959319364096 -0.9320424431705574 -0.07608022524964628
0.13863937178002955 -0.9416787953368542 -0.07618483693948008
0.15068727339099636 -0.936704337379011 -0.07914828569439462
0.14702261521061044 -0.9353561697211589 -0.07385321921115832
0.17409218628583317 -0.9453481870515348 -0.06556451304181492
0.1853713582885468 -0.9449829232340996 -0.04709507609359205
0.18029089480359206 -0.9391764605091308 -0.055449147162214225
0.18938608495228917 -0.9367292614090099 -0.034003392291731674
0.12541175829976822 -0.9336292443480813 -0.08556897757760697
0.138273515393254 -0.9400420484748209 -0.08340340334143459
0.13631576521892028 -0.9326816646066034 -0.0627599683607839
0.16157840614486044 -0.9429565908234872 -0.0778099796810799
0.15535211857937892 -0.934420287391218 -0.0596528517868119
0.15573181293081753 -0.9373451529195145 -0.08265343473811779
0.14080037334755227 -0.9427374748196924 -0.060114244617388506
0.16627547023679828 -0.9413048046648453 -0.07180382574158106
0.1574794837936277 -0.9438067264316716 -0.05588445859503338
0.17542963598322758 -0.9430644633635816 -0.07066637064346282
0.1733738652770162 -0.9317861078774081 -0.04303364322724103
0.18505980479826534 -0.9458361116853082 -0.05233003241102031
0.18663235689278065 -0.9333678905778209 -0.03434901570190098
0.17524380462897196 -0.9411145471204698 -0.04408751110374355
0.19328687703034028 -0.9422720257046491 -0.029703084510941592
0.19352011201869912 -0.9305774830535423 -0.007435245037711568
0.18455003650184576 -0.9397329637425528 -0.0251330826000403
0.09734539845240932 -0.8111809862461411 0.0752803874983644
0.09767704996629384 -0.797551795622381 0.07716957004987117
0.09731716650379149 -0.7754271709861652 0.07928305544185227
0.10751173138581996 -0.7801872928977814 0.06935204667352082
0.10116485458391146 -0.7667837163257399 0.07437398563897392
0.11357619672363357 -0.788105776105676 0.06715964109240993
0.11830155406223204 -0.8150752706137026 0.06632894651560393
0.11948129195644007 -0.8006593736737595 0.06738121435944804
0.12636969021847616 -0.7993723848140912 0.06937412600850308
0.08809719707460806 -0.7702504409319717 0.10117733606583733
0.08656595465384544 -0.7651501801477845 0.11853228943545618
0.09508522055976903 -0.7917576291085431 0.13614165669488834
0.12222906401920955 -0.7639959844509889 0.1387229157326618
0.13779515847784085 -0.7812123395613091 0.12539939200654981
0.1293117023238559 -0.7928295742584817 0.13223480437484617
0.1461539685862208 -0.7733049120141938 0.10085978845056762
0.1410358576760575 -0.781014407378481 0.11992052063857882
0.08862658836679996 -0.7538846335912363 0.09421820626994311
0.09354533607113065 -0.774694619541739 0.08593970223285068
0.11239033198609609 -0.7335658280656941 0.1403889681054341
0.10783051715857585 -0.8016111103501641 0.06863208460464859
0.10788832279889043 -0.8146038872804964 0.06719025125978545
0.12108385749986685 -0.7730826211777055 0.0661056413393556
0.09569955772899436 -0.8314652236331426 0.07141438176678822
0.12111237962932858 -0.827717765947851 0.06482750504058506
0.11461567665743222 -0.8285056350436533 0.06344640271171054
0.12744998827876058 -0.8300336597171152 0.06843718385154099
0.12475145135139737 -0.8400276003089272 0.06316906488491995
0.10817737615517137 -0.8282828179803217 0.06438036285067152
0.10898176408017607 -0.8411163387503946 0.06058154995775043
0.13949007957174167 -0.8360358347097687 0.11496275988441682
0.14024388274025673 -0.831454591468719 0.10433167926815254
0.13631457212057776 -0.8540425159654693 0.12432303334409568
0.14020103969722203 -0.8578369240412376 0.11695563416409634
0.1319616287739451 -0.847152488622972 0.12770256495992743
0.11859673569426628 -0.8444429599914655 0.13474073779901655
0.1110228449660718 -0.8381679423383263 0.1415588915368691
0.10557435809761553 -0.8373024705357224 0.14595270222374807
0.10938813078607526 -0.8543740061726893 0.14610403954120385
0.09665712479561676 -0.8573901611982448 0.06321758692663562
0.1025305553981182 -0.8471142116637873 0.06148640516794455
0.11002350690137772 -0.8521340040173851 0.05570166428629925
0.11850305294445149 -0.8544725773539865 0.05367390925976766
0.11140935849689194 -0.8618786481824243 0.0490318630633531
0.13099286215971076 -0.850355043789419 0.0638095740118572
0.12539154867115515 -0.8512505290713631 0.058007567865219406
0.12795645954376372 -0.8604582545962656 0.05188922332562111
0.13225734877056725 -0.8253979829755151 0.07459363530186494
0.13334180296507725 -0.8382634071317041 0.07358541953810216
0.1321756968695266 -0.8118505028691614 0.07516419133904606
0.11728429626682761 -0.9113537673824872 -0.031738149080552065
0.1256485988422392 -0.9124276389689718 -0.03467310687747779
0.10951377004995477 -0.9138753887371178 -0.024905349490706902
0.11382896467371963 -0.9069365707841242 -0.019274426975632072
0.13030241069098938 -0.9063143167470691 -0.019619904913700796
0.14556371967488907 -0.9161529072301866 -0.028802313573471183
0.15435085932270884 -0.9113056320101334 -0.011829227756481113
0.1500865343891327 -0.904371460687718 -0.002436017563477901
0.1710687087806854 -0.9142564711018573 0.0022243719651691748
0.16677149593766832 -0.9089957537654498 0.011015770687047637
0.17898243694586788 -0.9175128189530695 0.010715338589132114
0.1830541246236883 -0.9209225588940217 0.00018084549435959466
0.17483222897298112 -0.9139478502478922 0.01993621888710256
0.1856705490157757 -0.9255292115514429 0.022184024050428044
0.18924508190782904 -0.9316967790022215 0.017683651111455256
0.10791833908377352 -0.9220850782008763 -0.033153427215265485
0.10438532443232756 -0.9270985888933747 -0.018409230898642475
0.10785979577315966 -0.9346966670379067 -0.027018904491105063
0.11762267611644917 -0.9423331043734527 -0.024416053077330517
0.11684383672357077 -0.940896525321151 -0.006837195871338293
0.18572004943712206 -0.9364100864484469 0.025750692185169573
0.18418332835922296 -0.9423908476686496 0.013721992115538843
0.12642484487831607 -0.9431352259393992 -0.005281150103288372
0.14482768366916332 -0.944725814499314 -0.004580439493500051
0.16535794658629227 -0.9457682083761598 0.01089850013622836
0.17744186168690187 -0.9441410391020795 0.020216778472257498
0.11932187881567147 -0.9003936348166788 -0.009935559714696859
0.12738004269816344 -0.8965846037497135 -0.0022119809314038235
0.13852470236379788 -0.9007030982900341 -0.004767193202316198
0.14282412015859766 -0.8925958877998248 0.01155512646628246
0.15919137986262724 -0.9008793828692758 0.01822513727247814
0.1546711005649767 -0.8921393030713087 0.03170958303501738
0.1650210890091663 -0.9045323280301416 0.024225757105143103
0.17247339581070598 -0.9118932924664047 0.03270236226858247
0.1656202234478151 -0.9041958300080621 0.04165071758221201
0.1741383030752611 -0.9184237641046766 0.04869874145230618
0.18300878807134197 -0.928488083338906 0.036120074511614995
0.15681757136346747 -0.8912957755532588 0.04752307686483995
0.1628764707621218 -0.9050485126312054 0.06227441013700394
0.1597854856528363 -0.9069949653768197 0.07572066791236423
0.17083754261441417 -0.9224322348982485 0.06382116309027598
0.1546984596414388 -0.9120598256883667 0.092667679815353
0.1600325797033984 -0.9208974080171974 0.08608987264657238
0.15091179869465032 -0.9026402455124353 0.09430208511839015
0.13638098830305026 -0.9015726663248222 0.13053641457671988
0.14143041886757282 -0.9145981160188674 0.12926612761547485
0.1397544359611587 -0.91811706103948 0.13413644342391243
0.14212992121545476 -0.9018749986941179 0.11658669586024961
0.15132586793074096 -0.9184771638441458 0.10507939402143096
0.15266150479795226 -0.8940734563079202 0.08246558017118016
0.14810898756249644 -0.8932614175286616 0.09549336129103914
0.15000074348116607 -0.882697909852537 0.07639110993772008
0.14178341111688647 -0.892184860367254 0.11315911878994185
0.144018830941938 -0.8811507669892632 0.10322354701430538
0.1353636590255513 -0.8909045306649531 0.12672253481293147
0.13133291815222217 -0.8906055686679208 0.13452124051241027
0.1279141019413995 -0.9118289957669155 0.15105564604587085
0.12244279835881634 -0.9111804065909708 0.1571442438330617
0.12395952584408367 -0.9196177422041917 0.15623437546239957
0.11941020673307869 -0.898455842810398 0.15671897698628998
0.11857271780577079 -0.9160318963503937 0.16024176828849593
0.10212953810313467 -0.9102540610041939 0.16206453086566244
0.10998350572567787 -0.9111362395491922 0.16235322938651547
0.10818410307940081 -0.9016226378884638 0.1623511649837675
0.11193644665502318 -0.9189798829760872 0.16148102327003744
0.09533496205490169 -0.9038988051619851 0.15785652621362742
0.0945513138811041 -0.9179855272931149 0.157187036661167
0.08919186119903737 -0.9218150636980782 0.15081969245995383
0.1255730550346548 -0.8843964819261695 0.1394576552452961
0.1106792302921454 -0.8867695613539677 0.1579685260821025
0.10346981964561383 -0.8898426888194405 0.15969798188263598
0.09676052157200915 -0.8906182495560967 0.15643087248897786
0.08931820905534653 -0.9059414898192277 0.150612247388619
0.0904272515844244 -0.8786827761046674 0.13768424570656387
0.08566118638343263 -0.9133959234372678 0.14148067558029728
0.08653724360154785 -0.9219288674798334 0.14414808342705174
0.08472728818131342 -0.9144394246545159 0.1320694383103821
0.11130637938432368 -0.9033257065024697 -0.007999306145592506
0.10607342991649475 -0.9102156458106363 -0.006877629598047733
0.10834906493350241 -0.8992553947177254 0.004792427434861545
0.10355870443345315 -0.917934367839021 -0.00803854144862505
0.10175031344496611 -0.9230637753629907 0.008826525579334112
0.10109692753709748 -0.9158103165831888 0.008678932997687136
0.13566492926864962 -0.8772484406854199 0.0319187999884836
0.12045147432411392 -0.8832532463279092 0.018141868282087067
0.11122708877580537 -0.8870619086232507 0.018440882457273235
0.11625462347333451 -0.8766239879336679 0.030354356732272266
0.09894331390836555 -0.8927769807782495 0.03395005614172983
0.10430446876323912 -0.894831150552305 0.019218511445560364
0.0998115286298413 -0.905081212302717 0.020297175615587627
0.0983529071984604 -0.9140538273063028 0.02303778146354935
0.09999824407073916 -0.9212227461543405 0.026241327405642546
0.09579052236884125 -0.9126698521581018 0.037809912010833245
0.09239420851060706 -0.9109143470703742 0.05661015854436839
0.09185144273658527 -0.9033585188594186 0.04921847819598569
0.10595696710461847 -0.9329794881490036 -0.008562366505432783
0.10397870757201065 -0.9278394936855054 0.020558835228149778
0.10125318120173249 -0.9238394735416684 0.04945374655802185
0.08838068890966583 -0.9023673928317473 0.0663076888754102
0.08842159908084748 -0.9112218169179284 0.08486614913664667
0.08746203025269685 -0.9116539799125888 0.09780988342629073
0.0863968541080189 -0.903987452493823 0.08425453504555519
0.08515109635355057 -0.9132793414871752 0.12261169829201231
0.08614616419842236 -0.9002257493289791 0.117460697299058
0.08636903946554363 -0.893192347486942 0.11458823260976428
0.0851046167417197 -0.8867611954365361 0.09429562416276682
0.08567279681495826 -0.8928473365634471 0.07968414587179809
0.08913030222455653 -0.893586233040365 0.06112304430437264
0.18012465224303756 -0.9331381020751323 0.04273456452073271
0.17013510930039916 -0.9288118782804993 0.06654087850006528
0.16564680280731384 -0.9326709208978932 0.07243045832034875
0.1552554946189963 -0.9257237813352042 0.09567311943994677
0.14503684293477118 -0.9229384627138655 0.12037151676689425
0.15219635981683038 -0.9300992914160889 0.0985293129850036
0.1390499542399874 -0.9255076495614374 0.133915049497425
0.13398571301849266 -0.92852324225572 0.14179764050142435
0.1290158095957694 -0.9273833566725522 0.14898450777155342
0.1089859394377627 -0.9263697413411462 0.1596588647954963
0.11668407529187505 -0.9244159457888925 0.15917523909371697
0.10118473953125574 -0.9268789736237848 0.15823810862782292
0.10657785133404572 -0.931287973901304 0.15648671408793188
0.0945546634148764 -0.927226677319082 0.15449188333293745
0.09034543072421884 -0.9291778379813744 0.14792565002098654
0.0944645522670723 -0.9307527390923821 0.15175699743686824
0.08735383746762734 -0.927017196795019 0.1411499480948898
0.08761459274769484 -0.9291279462781274 0.13323383816259815
0.0900190667505863 -0.9312515703645075 0.140569347467276
0.08759936148754308 -0.9278078323150284 0.12477969682568298
0.09046030134372011 -0.9329975638017431 0.13162556280679213
0.09257287268163956 -0.9238464120732153 0.09479047206840391
0.09548863043562092 -0.9295481800110823 0.10173524100533994
0.09765977635905732 -0.922456763465868 0.07143695289925839
0.12345294806794901 -0.870050802608999 0.03846659402224078
0.1310288794408432 -0.8675778506007517 0.04457757805323176
0.1379899114379327 -0.8685521580789001 0.05052369640556387
0.11326298385612991 -0.8699757901635493 0.04076586057051162
0.10429578135870905 -0.87126128353742 0.04601627764219814
0.09714048942980749 -0.8766522741705696 0.05234293141998643
0.09137865175801928 -0.872949123164686 0.06574263880272016
0.08770909122456277 -0.8762020788479863 0.07464293555821669
0.0825428666150014 -0.861654940157113 0.09622076813679489
0.08661382473657656 -0.879890552892882 0.11390241269631442
0.09886091546152033 -0.8714415180580499 0.15237722000504653
0.09765608061723001 -0.8543217776027048 0.14684269778399694
0.10997967564783426 -0.864579648708709 0.14952000692612682
0.11943521178080399 -0.8594397501591007 0.13634288773022538
0.11430401443065323 -0.8577086864531478 0.14092878083255272
0.13701806265787114 -0.8792184041085873 0.12153454412692169
0.13158665614430726 -0.8770192732019074 0.12939221192467043
0.12321775659664318 -0.9404772022679084 0.010487846232633756
0.1147093447340276 -0.9351161529911713 0.027048033287573103
0.13175237287510394 -0.9411943840638137 0.017589318780165425
0.14281227260669327 -0.9417302835014906 0.02760453867376421
0.17269056109863332 -0.9409004723725083 0.0415702753524949
0.16285198347349955 -0.936225236808409 0.06966018261906468
0.15323188425652862 -0.9392803857154701 0.06284654661994699
0.1459981843517432 -0.9406209304133629 0.04597689883963925
0.13403895891841863 -0.9386875322623993 0.05067221660316025
0.12799430697811104 -0.9381172356810893 0.039144178283825916
0.15164988346591105 -0.9335275728814181 0.09394196476089073
0.1449810785479083 -0.9378332261645006 0.08289888755352347
0.12592943340592147 -0.9371218678755313 0.08089605836354503
0.12460068777110679 -0.9364717148053474 0.05805626085814459
0.11131995609417139 -0.9311553541685482 0.05398319486699984
0.10785161761648555 -0.9309365357975569 0.073049087906302
0.10856748455118954 -0.9340343158591735 0.08941826583680891
0.11728858370882911 -0.9357889784400846 0.08301521494519025
0.14375748475681865 -0.9333849547114694 0.10874166040133344
0.1344371562879178 -0.9332498636339635 0.12599760315263522
0.12683585454605734 -0.9346660367330142 0.12997972483118322
0.1299735058822235 -0.9365146510955923 0.10973536915518112
0.1056801243348909 -0.9357984719622812 0.11116206169127527
0.1002671757051024 -0.9322833522555861 0.09887886108168494
0.1268887346650116 -0.9342558513092205 0.140855821968151
0.10512296922822392 -0.9334150284006613 0.15319602064265417
0.11574240862730804 -0.9336935705114913 0.15119247885642872
0.10239187354341353 -0.9341520736993885 0.14909049944692554
0.09378204257326225 -0.9333096673197283 0.14437899445494048
0.0935215452705168 -0.9346556470654641 0.12929275068630247
0.10190148726429227 -0.9354946530576407 0.12104313806292659
0.10696590556333914 -0.9343390487987284 0.14119500198212456
0.09663275272934128 -0.9345522650097604 0.14038544850822965
0.10784098294718734 -0.9290879009132482 -0.03629116140140797
0.13973330087807365 -0.9454756508651813 -0.0454392439364038
0.1596641763248991 -0.9458118592895892 -0.035347708363201766
0.1723390240564563 -0.9456208706968312 -0.019508386648292
0.18079048798878825 -0.9453695078813471 -0.00204231504568517
0.18892373237407978 -0.9383595672552302 0.009902854410735596
0.190244021272438 -0.928020571260888 0.008338517389426566
0.1879849119661939 -0.9240025227702399 0.004455455864116001
0.1715925666437418 -0.9215040709663288 -0.02029230681311995
0.15223364408834725 -0.9215440497674978 -0.03715036152831265
0.1339916660363402 -0.920465138906222 -0.04666179467979762
0.12222083363593086 -0.9181155858245218 -0.04607267422677136
0.11278806061171823 -0.9260035998338582 -0.049460502569728004
0.0937964445769847 -0.8374866316591325 0.13682561055174466
0.09135043120934712 -0.8524240250319864 0.12652166619752955
0.09567040003684235 -0.8426811990943277 0.14239320831289748
0.10006036511478743 -0.8423259107079828 0.1465728727843815
0.08296944005440252 -0.8451854438113854 0.09878110729068477
0.08267844551908662 -0.8551962453380925 0.08869240958254555
0.08440812234476422 -0.8462578199395454 0.10618117283448278
0.08529601371076728 -0.8564765976201599 0.1109736545036203
0.08546824284190782 -0.8528728417818034 0.08081315913152783
0.1449840523146002 -0.8711854217257823 0.07124072319478737
0.14438798017179943 -0.8703767059054698 0.08479033026640322
0.14396080962552324 -0.8719291193550633 0.05845934882969485
0.13806317013625663 -0.8602034745421732 0.06712656077429445
0.14390611753898386 -0.8696375636067712 0.09877081528348912
0.14176846976232446 -0.8585006741490686 0.09149036855977939
0.1380576264499619 -0.8484075812306726 0.08149434767508854
0.13478799862840224 -0.8493878690209711 0.07180504010657826
-0.017915948241707277 0.5628047859358912 0.009844802719255795
0.09834941128449905 -0.4872387496438349 0.022835057180621645
0.09087538510805593 -0.48268358387616517 0.029507552223366183
0.1064503758653401 -0.49476973252271433 0.020059606985598236
0.10881127039839038 -0.5091818866935098 0.02431042806912342
0.10323939173463469 -0.5023885912808815 0.026118157384448865
0.09354685349522712 -0.5019695756640756 0.037220099141589906
0.11682075911225911 -0.5106396151390398 0.022607717470645005
0.12754800864238 -0.505202583750757 0.022787952355474882
0.11143773807385192 -0.49179857230668844 0.016656167018477778
0.11057974975846804 -0.47916767724421855 0.011279656968658082
0.0563030536100533 0.13940493366030943 -0.11380127430634047
0.0835651802436752 0.10235466026434234 -0.11122000857704621
0.07463903266263734 -0.19801823092812 -0.07754549470837487
0.07261387784550666 -0.23282519923761008 -0.06591357988870075
0.0902228222473066 -0.03573748282688635 -0.09837131940793892
0.09669936279092954 -0.05540817022887112 -0.09571881334620436
0.07111390542270599 -0.27279068693618636 -0.051848449588234244
0.0836347724620257 -0.443040661295923 0.001061600084939468
0.08205779101470183 -0.42998434581426026 -0.003617060929507973
0.07933048065127293 -0.46229498811629655 0.033720601325779115
0.0843162826097388 -0.4057992471065843 -0.009921722413290496
0.10628626103243728 -0.34399556346801163 -0.031610818950283184
0.09296042428550833 -0.33622621064912606 -0.034118006604698894
0.08868364132419215 -0.015628572335513843 -0.0986975769265914
0.066401016647731 -0.3599860666003549 -0.01104036253002451
0.093425760515672 -0.4304328211066577 -0.00815573403309055
0.08254319984968551 -0.41763590999511124 -0.007003153885431067
0.11495545212314671 -0.0716475982256149 -0.09284809018441188
0.1022877825901339 -0.07270987488775488 -0.09422100664693056
0.05664766048768491 0.16048631778455433 -0.10997803208150628
0.10719773157596849 -0.14867133867196292 -0.09161646303575144
0.06657617625160203 -0.003193277482151117 -0.09932041465816431
0.05237930516642542 0.20156039013560226 -0.10644007644361236
0.08682158990572948 0.07538784308389557 -0.10863447385810913
0.09616342804123719 -0.3070257804838816 -0.04767667015131094
0.10694287771921548 -0.11651759948028197 -0.09399860618820768
0.09277204620500104 -0.113615605872476 -0.0948218081646884
0.05405990754596331 0.18073273759815767 -0.10836978274761347
0.06011224612436207 0.030389540115324246 -0.10357691275906693
0.11481730630891926 -0.014097387603428184 -0.09593806192653694
0.1122935532433342 0.006351040894118533 -0.09853962517560272
0.1613048883348838 -0.1999486203792681 -0.041065664853623285
0.12991955049769197 -0.2928377444307525 -0.04715153700159941
0.12025230698055409 -0.3478363657300857 -0.026977957342935368
0.13461252853080174 -0.3918283356037462 0.0034926933170000172
0.13206134235034794 -0.44476410724786164 0.010962852945980038
0.1079742249007886 -0.4620518726179836 0.0021700584147091384
0.10893499447565423 -0.42260444887545945 -0.008414336364231147
0.12031784968511144 0.1300690717033191 -0.08959915762418333
0.11843754678816179 -0.09385818966296555 -0.09166398162027287
0.13077615632309986 -0.09650401829200478 -0.08563877391250756
0.10600800391477637 0.2154952067980661 -0.0724917088225299
0.1365779856586584 -0.008885069529851656 -0.08398504370418912
0.11063976526892026 0.025131729370189544 -0.09976625383274244
0.10831772341282361 0.19824020071840545 -0.07451039542192053
0.12174476745617883 0.10513355892354227 -0.08989660109492803
0.1336276556558705 -0.26699087946275346 -0.05506510798155053
0.12924245861005296 -0.07516653669931972 -0.08683703795445613
0.11103243276790946 0.18292696334122166 -0.07770137789327841
0.11024453788828996 0.045684872413007 -0.0993596941185486
0.12967903052365967 -0.4883179962576042 0.019817789430763226
0.09210552068484357 0.24396539019954225 -0.07920323479294089
0.08910572788547498 0.2581959254519659 -0.08109853132756924
0.06104976852206856 0.22390127359024736 -0.09808708820083639
0.09505877710113171 0.22322179039998666 -0.0792897168023886
0.10387474363443837 0.2351994434962034 -0.07180114009260409
0.05218353852733396 -0.09196729257073488 -0.08050679694858882
0.1603501992106798 -0.05249265705518319 -0.04987774832006861
0.15539726672959442 -0.06072825902012401 -0.060828980274220755
0.1506701988379651 -0.08963560793998099 -0.06708367408238895
0.13801195707530736 -0.02549393486798537 0.055492048637195195
0.1336305462809004 -0.03623478668587826 0.06706191886782224
0.12880793881524408 -0.03951941712175369 0.074386589800745
0.11486447056828658 -0.04045203663079547 0.08912640370621297
0.005181477203170474 -0.12557438659427994 0.014297329854878311
0.004299606369643638 -0.12927121762428517 -0.0010568203711601826
0.005281441119259918 -0.1318457763774355 -0.00996754353409763
0.1585296415799699 -0.06928249054220559 0.023824607833952845
0.16355270443502887 -0.07584862761762978 0.01000695207556513
0.017624520981061285 -0.13105595253552188 -0.04248820929792983
0.16674786737044178 -0.09484335651201352 0.0008303657614708585
0.035180664242616524 -0.13350167683422942 -0.06296478628473126
0.0031049266946642133 -0.1227980001863536 0.013326659296251042
0.1496185955575503 -0.058567368438061096 0.03861071102431309
0.0750827121678634 -0.0661321310883633 0.1050397213526408
0.057666055777215 -0.06002284963880711 0.10918637942585521
0.10585803565237639 -0.09453392379549387 -0.0940203597449455
0.13348087774605605 -0.12097530790236831 -0.08273325777012551
0.16757210238771741 0.4076939527247489 0.008442534420208044
0.1351690872929952 -0.11144600041774155 0.06025640630914007
0.10554990560941581 -0.14922090970543267 0.07149931151841271
0.07168828497659335 0.168433413017589 0.04986809873728226
0.08323645298424942 0.3190189782410423 0.07667069050032463
0.10420172658702942 -0.16507412199664756 0.07390632258529498
0.1210531586284399 -0.2808914695624198 0.09198238405227176
0.13111035247155514 -0.39822041966584565 0.10001372270549846
0.14209068493652455 -0.37690221038850913 0.08464938633420076
0.15109085965338848 -0.44183360896220564 0.09664069282648026
0.1567729009120047 -0.4712150618981411 0.10376689090737128
0.0027188708457500863 -0.12107796175189428 -0.05226012644414109
0.008994250571225881 -0.119564521074865 -0.043376641898622864
0.12511064496276286 -0.31597499152462527 0.09461330372858759
0.16239390651556862 -0.4975003713911673 0.1069203243450089
0.02552740167200869 0.48556509250213076 0.05395462608746112
0.14719638208003089 0.48947084840542426 0.005102685519754374
0.012438488142471608 -0.17192406755252543 6.795982086592708e-05
0.21836042307158182 0.40180647111832685 -0.03598568628246927
0.02410570513232663 -0.22874078295384434 0.02646592183550285
0.13637747722879565 -0.2401618659130968 0.07414646743880231
0.16544486117689988 -0.5581765023675287 0.11835927596813084
0.16039779073647722 -0.6315658834324955 0.12308617375055173
0.006787065475502169 -0.14159668360289118 -0.0014147209291302738
0.011825414796845938 -0.1182407866371446 -0.044433941621497205
0.01220559167296267 -0.11998191805187193 -0.04114765280412535
0.16543987210718286 0.40426421123535633 0.012010759589120306
0.0410740554080903 -0.2949006219063671 0.05019734193641086
0.05832720847733221 -0.32188724704650284 0.07684335845775962
0.05305275307037008 -0.3460321288941314 0.06927631112380464
0.08446065715868452 -0.4426914843284492 0.10613562246455513
0.07710847148999089 -0.46737913765576716 0.09928060167109207
0.09012466784962674 -0.49939569049444155 0.1148332085269308
0.07685408273428372 -0.5623222836576239 0.1150607696032438
0.07584335519373127 -0.5820968819465959 0.11773357632264982
0.07743360973452439 -0.6198908107704912 0.12124284679898713
0.0913563150358899 -0.7156244740230899 0.12851834102148219
0.12736472584775974 0.5012861790920587 0.01676599970488841
0.1993292461620313 0.44757675733852637 -0.03417390681949844
0.20890504619282774 0.4300592240736166 -0.038083505540451874
0.17393226488379826 0.38814448637464183 0.004309564781598172
0.20950155306227297 0.4228835634890152 -0.03129357389519627
0.18379524526490568 0.47252447973796646 -0.035187003163106974
0.19089685910820564 0.3823127225101883 0.003917233786875279
0.08054244090969481 0.266559979614184 0.06716011356796406
0.1473964291917359 0.39625900610647075 0.03963351867675894
0.1154279313726182 0.37417625997709786 0.072301147066325
0.22667801695149759 0.34956580871409665 -0.00867667990001901
0.22966312183537102 0.3677056785371939 -0.027985504094581122
0.1103868803337751 -0.08748811026305514 0.08037856707958503
0.12527571119307276 -0.07329845591109169 0.07254049559756297
0.1183317437854221 -0.051684391090254855 0.08537640866178269
0.12234819281236609 -0.04214784294930341 0.08178224295764566
0.11556793044155633 0.023857093348900463 0.07776065995698107
0.11721107759059608 -0.0021313003185526296 0.08301941542336769
0.11240092793284394 0.041553618604270204 0.0728225407711055
0.09322282558952977 0.05961256076491228 0.07885244206395589
0.032611397476245904 -0.26108419009211475 0.038325049606709204
0.13450039463189634 -0.2139145265880424 0.07007941547285294
0.11789098912677606 -0.2563248595627796 0.08833146519391345
0.15021287493494043 -0.5919429583158815 0.1374743408098144
0.07588729339169294 -0.5993200165834749 0.11945838045381936
0.15199729028137215 -0.5108116085832604 0.12402401471061181
0.14487312072107694 -0.6609991666803138 0.1346138767789765
0.08359103550712405 -0.6637337933190708 0.1202323246287131
0.013209378790484675 -0.1221401620092913 -0.04009316789051077
0.013669942245023506 -0.12559100844903998 -0.038476027690331524
0.12151645228614821 -0.0287775379340387 0.08199732187865655
0.0983015074589942 0.13242684352988476 0.0473314395066303
0.10645669011783163 0.07964254997904541 0.06275069795682567
0.13179860840030222 -0.8320762860252745 0.12738728875082939
0.1256821439733685 -0.9027304583859669 0.1504080308246374
0.1267044845229666 -0.8785342869963968 0.13546756750316374
0.08653258338968549 -0.9119828341212595 0.11025228490874285
0.08674175811018496 -0.8939872399548761 0.12499357789087318
0.12173824657224083 -0.926676898976835 0.15573946678023892
0.1201833927158049 -0.9317862538304651 0.1528194693944355
0.09163804122361227 -0.9317867542808271 0.11990469059466023
0.08811057495960274 -0.8663455195346733 0.1193109524332285
0.1204945293083324 -0.9348276527849064 0.1371053770037303
0.09561711456088938 -0.9339412894502911 0.11633989007643884
0.03154893254997259 0.3221602867063401 -0.1330817647300343
0.05641469574766694 0.4197916757013181 -0.1190888739832769
0.019035741403163296 0.30624758853213757 -0.12728581020475618
0.11305729282675056 0.5153652124255125 -0.0832031519210081
0.022377934389287642 0.12746062559828186 -0.12455047478074799
0.03366577321138633 0.20617864440435849 -0.11657739259476788
0.033918303284909274 0.2506515231446091 -0.11352612569667969
0.041166572531471414 0.09618598075212402 -0.11792753159921034
0.019781090551373087 -0.015621364035553777 -0.10128232887686184
0.01935743799080522 0.5160137795249491 0.03851302293749885
0.01318036357912994 0.29698678262714456 -0.1256058163309727
0.01995269320484141 -0.06664055222817833 -0.10128601427717658
0.0834436685914926 0.500349905559746 -0.08245956030998193
0.09033710433085375 0.4708804986582616 -0.1022123963994554
0.024531601646608052 0.1846315411744593 -0.12234691561221661
0.012009209186012379 0.2619282711852932 -0.12271535198976437
0.0638083039487743 0.36651516958555624 -0.13090697810390287
0.06347868347813873 0.37667567686383296 -0.13048205061798862
0.10859990926746223 0.5351099638508893 -0.02124620072233986
0.11626984883795083 0.5289635390164127 -0.010461016210717478
0.07253296009810693 0.5245257282111152 0.03521406702691675
0.025433153025114022 0.06420924857349875 -0.11393254136749302
0.08186280180383905 0.5393584149274504 0.013118721757870407
0.04140508927880068 0.5262868838487397 0.03491533891713004
0.04138298208775017 0.3606276590415126 -0.13374432393764032
0.04801892292675417 0.3436933626571111 -0.13433768613699126
0.03684466751981754 0.33445214348301755 -0.13588916481334323
0.009173495973557372 -0.0734766756799543 -0.10117445717693953
-0.002756762997118847 -0.10503234361582263 -0.08180140997196629
0.050661866103202766 0.054205299121162565 -0.10611050330673644
0.04438203164876262 0.1664433871288949 -0.11392994996398184
0.025010456602203354 0.023542239130376983 -0.1020813339785875
0.02286026149159172 0.01487211977034034 0.11716471037810375
-0.030375166214701616 0.682087507496568 -0.1792548715505834
-0.01121694466714676 0.6887630108546184 -0.1672363292616276
-0.009513384534547304 0.6966457265621046 -0.16632705246058666
0.014172914216727806 0.7215513337654583 -0.12778909885487105
0.024722854422419182 0.6934352809696723 -0.09078304579982042
0.022578863196525117 0.6940955256917133 -0.10207744723649236
0.020474489481830307 0.6846099957125976 -0.09056789034832428
0.02192493040667524 0.685870071368288 -0.08848362612051411
0.02222259851919912 0.6882467082845257 -0.09345482676210758
0.022676962934305874 0.6889561105439416 -0.09232101790825721
0.022595491388009637 0.6873448136802784 -0.08754931010686158
0.02320557059492652 0.6882308423901665 -0.08740491882490137
0.02059244863124642 0.6904828941384259 -0.10046573348016724
0.021681551181179242 0.6904224250299007 -0.0975645992700853
0.022202086144944132 0.6942052341101939 -0.09211328257144863
0.0206087348001688 0.6572256567112209 -0.09774648660067155
0.02710814197109 0.6606106095211657 -0.09378428290854551
0.019439318087158472 0.6722031384224276 -0.09591820394724929
0.02822602945876901 0.41530239981111333 -0.11514446934405284
0.06561655468028436 0.4155444998508088 -0.12142016166109526
0.0776919061863067 0.4175099418827446 -0.1207644589141281
0.09382914979274705 0.41770761840458565 -0.11935528391020243
0.0533031248371715 0.3153017700973366 -0.1232412010526824
0.04322884679270461 0.3017586172017226 -0.11875217820332182
0.15474392193029313 0.37970814008961695 -0.024057306244125925
0.16464937435308657 0.3916930327759271 -0.0011848455883902197
0.12651714846582532 0.5100764490211275 -0.0946274230080909
0.1290218489730831 0.5173422792923373 -0.0834656161857528
0.1610243995938364 0.38510862547260793 -0.012061799173717958
0.1276296498999814 0.4858922602109625 -0.11702198284910513
0.12743852025841115 0.36631465378562966 -0.07295429381640893
0.15892193245989084 0.4107644929956298 0.02377136210458028
0.10099689364772226 0.3024867490071861 -0.07928821459572831
0.1700717184677997 0.49944560177079006 -0.07144651847940499
0.13217089076224786 0.5212979774204062 -0.0724095247009541
0.1556695931782642 0.5025015430334072 -0.10154130165519651
0.1391481372373668 0.49188474520505243 -0.11519254219701651
0.1361354107610947 0.47978139690491317 -0.12176934635223352
0.12760138649924957 0.47139558707617396 -0.1228751855992581
0.10858420134078778 0.47213980769836256 -0.11419051906231219
0.10303522179977366 0.44721799542460483 -0.11508626812554393
-0.00563720443139721 0.3696428521854407 -0.12823124843696826
0.046510695694259196 0.3698316877658052 -0.13215621179346343
0.11039647210778245 0.3636088072721799 -0.10519872105632282
0.10767544478146981 0.35123225315013507 -0.09642698294536499
0.12186881853776947 0.3467652739079705 -0.06725699919213739
0.0846335526601021 0.27218404343742014 -0.08516701307543546
0.17690721234044038 0.4891206755558417 -0.05905834907123339
0.16195311523353412 0.3967656046643565 0.01671547122480758
0.1395457304533489 0.33547499687263405 -0.03350410894257304
0.14942014044463756 0.3341549275996674 -0.006648539117388683
0.1574027912338697 0.35708965991509284 0.01185357616685698
0.1560008514471893 0.36733190598452364 0.023458317395952024
0.14996600184282108 0.37663865316260176 0.03615814853395127
0.14723536322541886 0.3818838470069299 0.04016389288526386
0.12905732805880907 0.40923289583988676 0.058747957959806224
0.12420720277160337 0.4220039764559795 0.060417161382033735
0.15053129199487328 0.45894805451344517 0.022168969017624458
0.1746228111795567 0.4556021031053031 0.0008155268882700309
0.07579031338203819 0.34526092433682465 -0.12363715142584608
0.08303135195159347 0.3423118070490743 -0.11784335059717295
0.07761087837960218 0.33219933860923656 -0.11711026255581637
0.057205043436400635 0.32965599464163853 -0.12942218348086065
-0.034220308999839744 0.4040548913912456 -0.10742861258323917
0.09058594801173257 0.3626428384540668 -0.12151972890311132
0.0920006338561234 0.3574904783925375 -0.11879012431701785
0.08927748338034153 0.4262762342839856 -0.11703505931087793
0.08278030802135376 0.40793236992328996 -0.1233518812228752
0.07387615073828778 0.3787201095873871 -0.1291186795543034
0.07120021219026919 0.3653373137580285 -0.12929690366859128
-0.06572888535472944 0.6066310988206818 -0.1812429209307354
-0.020832324752493348 0.1373877993040452 -0.1170686371145913
0.020694225793282804 0.1815902797821438 0.06044265114317874
0.020905762564676203 0.16573802112658978 0.0621469263706758
-0.009035121767568925 0.09438424891977044 -0.1222249064848452
-0.020530317445582577 0.15512815246223233 -0.12189903822061472
0.020077825337041673 0.27073629547258304 0.07490437674078787
-0.02528050262553778 0.13105937036831242 -0.11609679590879275
-0.03545060915825812 0.36427148536552173 -0.11378868233493206
0.004301370933640223 0.4523523629051096 0.06807087948717928
0.016827403224580696 0.08078353325213788 0.08714636597887652
0.014885022749113193 0.3346594506301279 0.08640675113331901
0.015095406901415523 0.3836382922485566 0.08881679920056221
-0.017347179355639182 0.04228415889365303 -0.10176873090555853
-0.011826828095370544 -0.1141526506867574 -0.07585823487358813
-0.02749694249266935 0.18521817830203838 -0.12564013799586093
-0.014279422353566487 0.16524118879910074 -0.12572976234427485
-0.006475727346199424 -0.042004131632112945 -0.09790530621628556
-0.02830789118378304 0.23097698529698307 -0.12362773187497113
3 1 2691 0
3 0 2691 2507
3 2508 2509 2
3 2825 3 4
3 2825 2823 3
3 2511 2774 2517
3 7 2521 2510
3 2510 2521 2796
3 2521 7 2519
3 7 2512 2519
3 2512 2842 2519
3 7 8 2512
3 2518 2513 9
3 2844 2514 11
3 11 2514 2515
3 2774 2516 2517
3 2518 103 12
3 2521 2519 2520
3 2519 2514 2520
3 2514 2519 2515
3 2519 2842 2515
3 2796 2770 13
3 2520 2660 2521
3 2660 2520 2794
3 2520 2514 2794
3 2514 2844 2794
3 2524 16 2523
3 15 16 2525
3 3895 3896 17
3 17 3896 2771
3 3896 3897 2771
3 2527 14 2528
3 2689 2770 20
3 2531 2532 2689
3 2532 2531 4006
3 2534 2532 4006
3 2533 2830 2534
3 3893 3894 22
3 3895 2535 3894
3 3894 2535 22
3 3895 17 2535
3 2691 1 2694
3 1 2536 2694
3 1 2537 2536
3 2693 2538 24
3 24 2538 5872
3 26 2695 25
3 25 2695 2539
3 2695 2852 2539
3 2612 2849 2540
3 2849 2539 2540
3 2612 111 2849
3 27 2541 2797
3 2853 105 2854
3 2851 2544 2542
3 2544 4622 2542
3 2851 2543 2544
3 28 2545 29
3 0 2545 2776
3 28 2546 2545
3 2545 2546 2776
3 2547 2508 2548
3 2508 2547 2507
3 29 2545 2547
3 2547 2545 2507
3 2545 0 2507
3 2548 2 2549
3 2548 2508 2
3 2550 6 2551
3 2552 16 15
3 16 2552 31
3 2552 30 31
3 2553 32 2554
3 32 2553 2801
3 2551 2832 2553
3 2553 2832 2801
3 2832 2756 2801
3 2749 2555 2556
3 2555 32 2556
3 32 33 2556
3 2557 2804 2558
3 2804 2557 35
3 2557 34 35
3 2641 2554 2559
3 2554 2641 2553
3 2641 2551 2553
3 3 2560 36
3 2561 2639 2585
3 2639 2561 2562
3 2561 37 2562
3 37 2638 2562
3 2645 2563 39
3 38 2564 2563
3 2563 2564 39
3 38 2565 2564
3 2645 2566 2644
3 2644 2566 37
3 2566 2638 37
3 2645 39 2566
3 2567 40 2568
3 40 2567 2643
3 2567 41 2643
3 41 42 2643
3 43 2569 2570
3 44 2571 2569
3 2569 2571 2570
3 2571 41 2570
3 2571 42 41
3 2573 2572 2556
3 2749 2556 2572
3 33 2574 2556
3 2556 2574 2573
3 2574 2834 2573
3 2834 2574 2833
3 2574 94 2833
3 43 2575 2569
3 45 2576 2575
3 2575 2576 2569
3 2576 44 2569
3 44 2576 2578
3 45 2577 2576
3 2576 2577 2578
3 2577 46 2578
3 2579 47 2716
3 47 48 2716
3 2580 48 47
3 48 2580 2721
3 2580 49 2721
3 49 50 2721
3 2581 2590 2582
3 5874 2690 5873
3 5873 2690 51
3 2 2583 5875
3 2 2509 2583
3 2639 2584 2585
3 5877 2585 2584
3 5877 52 2585
3 53 2568 54
3 2579 2716 2586
3 2587 57 2588
3 57 2587 2824
3 4630 2589 2587
3 2587 2589 2824
3 2589 56 2824
3 2600 2590 2581
3 60 2591 59
3 62 2591 2593
3 60 2592 2591
3 2591 2592 2593
3 2592 61 2593
3 2594 65 2595
3 65 2594 64
3 2594 63 64
3 66 3888 2596
3 66 493 3888
3 60 2597 2592
3 2597 2598 2592
3 2592 2598 61
3 2598 67 61
3 2581 2599 2600
3 2600 2599 2588
3 2601 2588 2599
3 2588 2601 2587
3 2601 68 2587
3 68 4630 2587
3 67 2602 61
3 63 2602 2822
3 67 3423 2602
3 2602 3423 2822
3 3423 69 2822
3 2595 2604 62
3 62 2604 2603
3 2604 2605 2603
3 2604 70 2605
3 2600 2588 2590
3 2588 58 2590
3 58 2588 57
3 58 2606 2590
3 2606 2607 2590
3 2517 2608 2511
3 2843 143 4618
3 2687 2610 2609
3 2610 2611 2609
3 2610 5249 2611
3 2540 27 2612
3 27 2540 2541
3 2524 2754 2532
3 2550 5 6
3 2614 2560 2823
3 2560 3 2823
3 2662 19 2528
3 2528 19 2531
3 4 36 74
3 4 3 36
3 38 2615 2565
3 75 2616 2615
3 2615 2616 2565
3 2565 2616 2618
3 75 2617 2616
3 2616 2617 2618
3 2617 76 2618
3 78 2619 2621
3 46 2620 2619
3 2619 2620 2621
3 2620 77 2621
3 77 2620 2622
3 46 2577 2620
3 2620 2577 2622
3 2577 45 2622
3 82 2623 2625
3 79 2624 2623
3 2623 2624 2625
3 2624 81 2625
3 81 2624 2627
3 79 2626 2624
3 2624 2626 2627
3 2626 80 2627
3 2628 71 2629
3 71 2628 2607
3 2628 2582 2607
3 2582 2590 2607
3 2630 2631 64
3 2631 65 64
3 65 2631 2632
3 28 2633 2546
3 2633 2634 2546
3 2633 2635 2634
3 28 29 2636
3 2565 2636 2564
3 29 2637 2636
3 2636 2637 2564
3 2637 39 2564
3 29 2547 2637
3 2548 2637 2547
3 39 2637 2566
3 2548 2638 2637
3 2637 2638 2566
3 2562 2549 2639
3 2549 2562 2548
3 2562 2638 2548
3 2584 2639 2549
3 83 2640 2707
3 2640 2825 2707
3 2825 26 2707
3 84 2550 2559
3 84 5 2550
3 2550 2641 2559
3 85 2559 2751
3 2559 2554 2751
3 2554 2760 2751
3 2760 2554 2642
3 2585 52 40
3 40 52 2568
3 52 54 2568
3 2643 2585 40
3 2585 2643 2561
3 2643 42 2561
3 42 37 2561
3 2644 44 2645
3 44 2644 2571
3 37 42 2644
3 2644 42 2571
3 38 2563 2647
3 2645 2646 2563
3 2563 2646 2647
3 2646 46 2647
3 46 2646 2578
3 2646 2645 2578
3 2645 44 2578
3 75 2615 2649
3 38 2648 2615
3 2615 2648 2649
3 2648 78 2649
3 78 2648 2619
3 38 2647 2648
3 2648 2647 2619
3 2647 46 2619
3 2568 2650 2567
3 86 2651 2650
3 2650 2651 2567
3 2651 41 2567
3 86 87 2651
3 45 2575 2653
3 43 2652 2575
3 2575 2652 2653
3 2652 89 2653
3 89 2652 2655
3 43 2654 2652
3 2652 2654 2655
3 2654 88 2655
3 88 2654 87
3 43 2656 2654
3 2654 2656 87
3 87 2656 2651
3 43 2570 2656
3 2656 2570 2651
3 2570 41 2651
3 86 2650 3837
3 3837 2650 53
3 2650 2568 53
3 89 2657 2653
3 90 2658 2657
3 2657 2658 2653
3 2658 45 2653
3 45 2658 2622
3 90 2659 2658
3 2658 2659 2622
3 2659 77 2622
3 4979 4008 4007
3 91 4983 4008
3 4008 4983 4007
3 2661 3893 22
3 3893 2661 3892
3 2661 92 3892
3 92 3891 3892
3 2596 3889 2686
3 2686 3889 2838
3 2845 2788 93
3 19 2662 2529
3 2662 2663 2529
3 2530 2529 2663
3 4983 91 18
3 20 2664 2527
3 33 2665 2574
3 2665 2666 2574
3 2666 94 2574
3 2665 2667 2666
3 2666 2667 94
3 2804 2668 2558
3 59 2591 96
3 62 2603 2591
3 2591 2603 96
3 63 2594 2602
3 2595 2593 2594
3 2594 2593 2602
3 2593 61 2602
3 2595 62 2593
3 70 2670 2669
3 2670 58 2669
3 58 2670 2606
3 97 2671 2670
3 2670 2671 2606
3 2672 2779 2841
3 2779 2672 2673
3 2837 2673 2672
3 2674 98 2675
3 98 2674 2839
3 3890 2676 2674
3 2674 2676 2839
3 2676 2758 2839
3 2677 14 2789
3 101 2846 2792
3 2846 99 2792
3 100 2678 2850
3 11 10 2679
3 2679 10 2791
3 2681 10 2680
3 2850 101 2792
3 2845 2679 2791
3 102 2681 2680
3 102 2788 2681
3 2680 2773 2683
3 12 2682 2773
3 2773 2682 2683
3 2682 2685 2683
3 12 2684 2682
3 2682 2684 2685
3 98 2686 2838
3 98 104 2686
3 104 4989 2686
3 2546 2609 2776
3 2687 1056 2688
3 83 6 5
3 2509 5874 2583
3 2509 2690 5874
3 13 2532 2754
3 2532 13 2689
3 13 2770 2689
3 6 83 2613
3 2613 83 73
3 2690 2508 2691
3 2508 2507 2691
3 2690 2509 2508
3 84 2692 5
3 2692 83 5
3 83 2692 2640
3 2536 2537 24
3 2537 23 24
3 23 2693 24
3 23 105 2693
3 51 2694 2536
3 51 2690 2694
3 2694 2690 2691
3 26 4 2695
3 73 83 2696
3 83 2707 2696
3 2696 2707 2697
3 2848 2698 2843
3 105 23 2699
3 23 2537 2699
3 2537 2611 2699
3 2611 2537 2700
3 2537 1 2700
3 106 2701 2702
3 2775 2702 2701
3 2753 108 2703
3 107 2703 108
3 24 5872 51
3 2704 109 2705
3 2697 110 2696
3 110 72 2696
3 72 73 2696
3 2706 2695 74
3 2695 4 74
3 26 111 2707
3 4630 68 112
3 68 2708 112
3 5885 2899 3864
3 2901 2709 2899
3 2899 2709 3864
3 2709 114 3864
3 114 2709 113
3 3866 2710 3853
3 2878 2711 2710
3 2710 2711 3853
3 115 3867 116
3 3867 3866 116
3 3866 2712 116
3 2738 2714 2713
3 2714 118 2713
3 114 2715 121
3 2573 2715 2572
3 2715 2749 2572
3 2712 118 116
3 2714 117 118
3 2716 48 86
3 48 87 86
3 50 2717 2719
3 79 2718 2717
3 2717 2718 2719
3 2718 88 2719
3 88 2718 2655
3 79 2720 2718
3 2718 2720 2655
3 2720 89 2655
3 2721 87 48
3 50 2719 2721
3 2721 2719 87
3 2719 88 87
3 86 3837 2716
3 90 2657 2723
3 89 2722 2657
3 2657 2722 2723
3 2722 82 2723
3 82 2722 2623
3 89 2720 2722
3 2722 2720 2623
3 2720 79 2623
3 81 2724 2625
3 122 2725 2724
3 2724 2725 2625
3 2725 82 2625
3 82 2725 2727
3 122 2726 2725
3 2725 2726 2727
3 2726 123 2727
3 49 2580 2729
3 47 2728 2580
3 2580 2728 2729
3 2728 124 2729
3 47 2730 2728
3 47 2579 2730
3 2579 2731 2730
3 2579 2732 2731
3 55 2733 2586
3 2733 2732 2586
3 2732 2579 2586
3 80 2734 125
3 125 2734 2815
3 49 2729 2734
3 2734 2729 2815
3 2729 124 2815
3 81 2627 2736
3 80 2735 2627
3 2627 2735 2736
3 2735 126 2736
3 126 2735 2816
3 80 125 2735
3 2735 125 2816
3 2827 2737 2713
3 2737 2738 2713
3 2740 2582 2739
3 2582 2740 2581
3 129 2740 128
3 2581 2740 2599
3 129 2741 2740
3 2740 2741 2599
3 2826 2741 129
3 2599 2741 2601
3 2826 4631 2741
3 2741 4631 2601
3 4631 68 2601
3 2739 2742 130
3 2629 2742 2628
3 2742 2739 2628
3 2739 2582 2628
3 130 2742 2744
3 2629 2743 2742
3 2742 2743 2744
3 2743 131 2744
3 2629 2745 2743
3 2745 2855 2743
3 114 113 2715
3 113 2749 2715
3 2749 113 2555
3 2760 2750 2737
3 127 2738 2750
3 2750 2738 2737
3 2760 2737 2751
3 2751 2737 2614
3 110 2752 72
3 2613 2523 6
3 2523 2613 2524
3 2613 2754 2524
3 2523 16 2551
3 2665 2755 30
3 2755 31 30
3 31 2755 2756
3 2510 2848 2757
3 2757 109 8
3 2796 13 72
3 13 73 72
3 3890 3891 2676
3 3891 92 2676
3 2676 92 2758
3 134 2759 133
3 73 13 2613
3 13 2754 2613
3 2750 2760 120
3 120 2760 2642
3 2759 135 133
3 135 2759 5253
3 2759 132 5253
3 132 106 5253
3 137 2761 2763
3 75 2762 2761
3 2761 2762 2763
3 2762 136 2763
3 136 2762 2764
3 75 2649 2762
3 2762 2649 2764
3 2649 78 2764
3 90 2765 2659
3 138 2766 2765
3 2765 2766 2659
3 2766 77 2659
3 77 2766 2768
3 138 2767 2766
3 2766 2767 2768
3 2767 139 2768
3 2660 2769 2521
3 2521 20 2770
3 2521 2769 20
3 17 2771 140
3 140 2771 4985
3 3897 2772 2771
3 2771 2772 4985
3 2511 2793 2774
3 2793 132 2774
3 132 103 2774
3 10 2773 2680
3 10 2513 2773
3 2773 2513 12
3 2513 2518 12
3 2518 2774 103
3 9 2774 2518
3 2774 9 2516
3 3901 2787 141
3 4987 141 2787
3 2854 105 2775
3 2705 2543 108
3 2611 2700 2609
3 1 2776 2700
3 2700 2776 2609
3 1 0 2776
3 80 2777 2734
3 2734 2777 49
3 2777 50 49
3 50 2777 2717
3 80 2626 2777
3 2777 2626 2717
3 2626 79 2717
3 2855 2745 2778
3 2745 71 2778
3 71 2745 2629
3 2606 2779 2607
3 2779 2780 2607
3 2780 71 2607
3 71 2780 2778
3 2632 2781 142
3 2632 2631 2781
3 2781 2631 2782
3 2631 2630 2782
3 2783 64 2784
3 64 2783 2630
3 2783 2785 2630
3 2565 2618 2636
3 76 2786 2618
3 2618 2786 2636
3 2786 28 2636
3 28 2786 2633
3 2787 3901 3900
3 14 2522 2789
3 97 2790 2841
3 2790 97 142
3 97 2632 142
3 2792 99 2850
3 2791 10 2681
3 2788 2791 2681
3 2788 2845 2791
3 2609 2635 2687
3 2635 2609 2634
3 2609 2546 2634
3 105 2699 2775
3 2775 2699 2702
3 2699 2611 2702
3 2611 5249 2702
3 2704 108 2753
3 2704 2705 108
3 132 2793 2703
3 2703 2793 2753
3 2793 2511 2753
3 2660 2794 100
3 2844 2678 2794
3 2794 2678 100
3 3900 99 2787
3 2795 8648 99
3 99 8648 2787
3 72 2752 2796
3 2510 2796 2752
3 2521 2770 2796
3 143 2797 930
3 70 2798 2670
3 2670 2798 97
3 2798 2632 97
3 70 2835 2798
3 2798 2835 2632
3 2835 65 2632
3 2538 2693 2853
3 2693 105 2853
3 2698 2752 110
3 2698 2510 2752
3 2510 2698 2848
3 2680 2799 102
3 2680 2683 2799
3 2683 2685 2800
3 102 101 2788
3 101 93 2788
3 111 2612 2707
3 2707 2612 2697
3 33 2801 2665
3 2665 2801 2755
3 2801 2756 2755
3 33 32 2801
3 2550 2551 2641
3 2802 35 2803
3 144 2804 2802
3 2802 2804 35
3 70 2805 2605
3 70 2669 2805
3 2805 2669 57
3 2669 58 57
3 34 2557 2806
3 2558 2806 2557
3 2558 2807 2806
3 2806 2807 94
3 2808 4988 3899
3 3899 4988 3898
3 75 2761 2617
3 137 2809 2761
3 2761 2809 2617
3 2809 76 2617
3 76 2809 2810
3 137 6287 2809
3 2809 6287 2810
3 6287 145 2810
3 131 2743 147
3 2855 2811 2743
3 2743 2811 147
3 2855 146 2811
3 128 2740 2813
3 2739 2812 2740
3 2740 2812 2813
3 2812 2730 2813
3 2730 2812 2728
3 2739 124 2812
3 2812 124 2728
3 129 128 2814
3 128 2813 2814
3 2813 2732 2814
3 2732 2813 2731
3 2813 2730 2731
3 2739 130 124
3 130 2815 124
3 130 2816 2815
3 2816 125 2815
3 130 2744 2816
3 2744 126 2816
3 126 2744 2817
3 2744 131 2817
3 82 2727 2723
3 123 2818 2727
3 2727 2818 2723
3 2818 90 2723
3 90 2818 2765
3 123 2819 2818
3 2818 2819 2765
3 2819 138 2765
3 127 2820 117
3 148 2686 4989
3 148 2596 2686
3 144 2821 2804
3 2804 2821 2668
3 2821 95 2668
3 95 2821 149
3 64 2822 2784
3 2784 2822 3056
3 2822 69 3056
3 64 63 2822
3 2630 2785 2782
3 2782 2785 150
3 2640 2823 2825
3 2640 2692 2823
3 111 25 2849
3 25 2539 2849
3 2584 2549 5875
3 2549 2 5875
3 85 84 2559
3 84 85 2692
3 2751 2614 85
3 85 2614 2692
3 2614 2823 2692
3 57 2824 2805
3 2824 2605 2805
3 2605 2824 2603
3 2824 56 2603
3 56 96 2603
3 26 2825 4
3 129 2814 2826
3 2814 2733 2826
3 2814 2732 2733
3 4622 4620 2542
3 2542 4620 2854
3 2827 2614 2737
3 2614 2827 2560
3 2703 107 132
3 107 106 132
3 126 2817 2829
3 131 2828 2817
3 2817 2828 2829
3 2828 151 2829
3 131 147 2828
3 2555 2889 2642
3 2889 119 2642
3 2555 113 2889
3 2525 2524 2830
3 2524 2525 16
3 3868 152 2663
3 2529 2534 4006
3 2534 2830 2532
3 2830 2524 2532
3 31 2831 16
3 2831 2551 16
3 2642 2554 2555
3 2554 32 2555
3 2530 2663 152
3 2551 2831 2832
3 2832 2831 2756
3 2831 31 2756
3 2510 2757 7
3 2757 8 7
3 2833 95 2834
3 95 2833 2668
3 94 2807 2833
3 2833 2807 2668
3 2807 2558 2668
3 65 2835 2595
3 70 2604 2835
3 2835 2604 2595
3 142 2836 2790
3 2836 2841 2790
3 2841 2836 2672
3 2836 2837 2672
3 98 2838 2675
3 4990 2839 2758
3 4990 2840 2839
3 2839 2840 98
3 2840 104 98
3 2606 2841 2779
3 2606 2671 2841
3 2671 97 2841
3 8 2608 2512
3 2517 2842 2608
3 2608 2842 2512
3 2517 2516 2842
3 11 2515 10
3 9 2513 2515
3 2515 2513 10
3 2516 9 2842
3 2842 9 2515
3 2850 2678 93
3 93 2678 2845
3 2799 2846 102
3 2844 11 2679
3 101 102 2846
3 2679 2845 2844
3 2845 2678 2844
3 2799 2683 2846
3 2846 2683 2847
3 2683 2800 2847
3 2848 2843 109
3 109 2757 2848
3 109 2704 8
3 8 2704 2608
3 2704 2511 2608
3 2511 2704 2753
3 2850 93 101
3 6 2523 2551
3 24 51 2536
3 2852 4619 2539
3 106 107 2542
3 2542 107 2851
3 2543 2851 108
3 2851 107 108
3 109 2843 2705
3 2705 2843 4618
3 27 2698 2612
3 110 2612 2698
3 110 2697 2612
3 2852 2695 2706
3 4620 2853 2854
3 2543 2705 2544
3 2705 4618 2544
3 2843 27 2797
3 27 2843 2698
3 111 26 25
3 2775 2701 2854
3 2854 2701 2542
3 2701 106 2542
3 2797 143 2843
3 146 2855 2856
3 2778 2856 2855
3 2862 2859 2858
3 115 2860 3867
3 2860 2862 2858
3 115 2861 2860
3 2861 2862 2860
3 2860 2858 154
3 2858 2859 2933
3 2863 2860 2864
3 2860 2863 3867
3 2860 154 2864
3 115 116 2861
3 116 2882 2861
3 154 2865 2864
3 154 2866 2865
3 2865 2866 2867
3 2866 2868 2867
3 2867 2868 155
3 165 2869 2884
3 2884 2869 5888
3 2869 2747 5888
3 2747 2869 2746
3 156 155 2870
3 155 2868 2870
3 2934 2870 2868
3 156 2870 157
3 157 2871 158
3 157 2870 2871
3 2871 2870 2872
3 2870 2934 2872
3 158 2873 159
3 158 2871 2873
3 2873 2871 2874
3 2871 2872 2874
3 159 2875 160
3 159 2873 2875
3 2875 2873 2876
3 2873 2874 2876
3 2866 2919 2868
3 2919 2866 181
3 2877 2879 2878
3 2867 155 2877
3 2877 155 2879
3 2880 2878 2710
3 2878 2880 2877
3 2880 2865 2877
3 2865 2867 2877
3 2864 2880 2863
3 2863 2880 3867
3 2880 2710 3867
3 2864 2865 2880
3 154 2881 2866
3 116 118 2882
3 117 2882 118
3 2738 127 2714
3 2714 127 117
3 3848 2883 5881
3 162 2820 2884
3 2884 2885 162
3 2884 5888 2885
3 162 2885 2886
3 162 2886 163
3 2885 2887 2886
3 3850 2886 2887
3 2886 3850 163
3 3850 2888 163
3 2820 127 2884
3 165 2884 127
3 2746 119 2748
3 2746 120 119
3 119 120 2642
3 2889 2748 119
3 2748 2889 3838
3 113 2709 2889
3 2889 2709 3838
3 2709 2901 3838
3 2750 120 165
3 165 120 2869
3 120 2746 2869
3 112 2708 2891
3 2708 2890 2891
3 2890 167 2891
3 167 2890 166
3 2876 2892 2875
3 2892 2893 2875
3 2893 160 2875
3 160 2893 2895
3 2892 2894 2893
3 2893 2894 2895
3 2894 168 2895
3 2861 2882 2862
3 117 2896 2882
3 2882 2896 2862
3 117 2820 2896
3 2896 2820 2897
3 2898 2899 2900
3 2899 5885 2900
3 2898 2901 2899
3 2879 2902 169
3 2902 2879 156
3 2879 155 156
3 169 2902 2909
3 2909 2902 2908
3 2902 157 2908
3 2902 156 157
3 168 2903 2895
3 2903 167 2895
3 167 160 2895
3 166 2904 167
3 2904 160 167
3 2904 159 160
3 166 2905 2904
3 2905 2906 2904
3 2906 159 2904
3 2906 158 159
3 2876 2907 2892
3 2912 2892 2907
3 157 158 2908
3 158 2906 2908
3 2908 2906 2909
3 2906 2905 2909
3 2874 2935 2876
3 170 2876 2935
3 2876 170 2907
3 171 5886 5887
3 171 3839 5886
3 3839 2911 5886
3 5886 2911 2910
3 2911 2900 2910
3 2900 2911 2898
3 3839 171 2747
3 171 5888 2747
3 172 2912 2907
3 174 2912 173
3 173 2912 172
3 175 2913 2915
3 2913 174 2915
3 174 2913 2912
3 5887 2913 175
3 174 173 2914
3 2915 174 2914
3 175 2915 2887
3 2915 3850 2887
3 2917 2916 2921
3 170 177 176
3 170 2935 177
3 2921 2916 2918
3 2932 2920 2919
3 2919 2920 178
3 2932 2921 2920
3 2932 2931 2921
3 177 2920 2918
3 2918 2920 2921
3 177 2935 2920
3 2935 178 2920
3 2859 2922 2933
3 2924 2933 2922
3 2929 2923 2926
3 2923 2924 2926
3 2857 2925 5878
3 2925 2922 5878
3 5878 2922 2859
3 153 2925 2857
3 3848 2926 153
3 4994 2927 5002
3 2927 2928 5002
3 2927 179 2928
3 179 180 2928
3 181 2929 2931
3 2923 2929 2866
3 2929 181 2866
3 2931 2932 181
3 181 2932 2919
3 2881 2923 2866
3 2933 2923 2881
3 2933 2924 2923
3 2872 2935 2874
3 178 2935 2934
3 2935 2872 2934
3 127 2750 165
3 2917 2936 2916
3 173 172 2936
3 2916 2936 176
3 2936 172 176
3 176 172 170
3 170 172 2907
3 2937 2820 162
3 2938 162 163
3 162 2938 2937
3 2888 2938 163
3 2938 2888 182
3 2888 164 182
3 184 2939 183
3 184 2940 2939
3 2939 2940 2941
3 187 2942 2943
3 2942 185 2943
3 185 2944 2943
3 185 3511 2944
3 3511 186 2944
3 186 2945 2944
3 2978 2946 2945
3 2945 2946 2944
3 4681 2948 2947
3 2947 2948 2992
3 188 189 206
3 191 2950 2949
3 2949 2950 3979
3 2950 2951 3979
3 2950 5890 2951
3 192 2952 4756
3 4756 2952 2953
3 2952 3001 2953
3 192 193 2952
3 2954 3506 3507
3 3506 953 3507
3 2956 942 2957
3 942 2956 4765
3 2956 2958 4765
3 2958 194 4765
3 2948 2959 195
3 2959 5955 195
3 3518 197 2960
3 2985 2961 2984
3 2961 198 2984
3 198 199 2984
3 2962 200 2963
3 200 2962 2965
3 3935 2964 2962
3 2962 2964 2965
3 4684 2966 4683
3 2966 2967 4683
3 2966 5891 2967
3 201 5936 203
3 203 5936 202
3 2968 2957 2969
3 2957 2968 2956
3 2968 204 2956
3 204 2958 2956
3 5928 2970 205
3 5954 2970 2971
3 189 190 206
3 2999 2972 208
3 208 2972 5727
3 207 2973 2972
3 2972 2973 5727
3 3508 2974 3444
3 2974 3508 209
3 210 2976 2986
3 2986 2976 2975
3 210 211 2976
3 2977 2945 2992
3 2977 2978 2945
3 2996 2980 2979
3 212 2982 3333
3 3333 2982 2981
3 2982 2983 2981
3 2982 213 2983
3 214 2984 3068
3 3068 2984 199
3 214 2985 2984
3 3117 5678 2975
3 215 2986 5678
3 5678 2986 2975
3 215 210 2986
3 217 2988 2989
3 2988 216 2989
3 216 2988 218
3 5898 2974 445
3 2974 5898 5892
3 5898 2990 5892
3 2990 2997 5892
3 219 2989 216
3 219 2991 2989
3 2989 2991 217
3 2991 220 217
3 2992 3510 4680
3 4680 3510 2993
3 2992 2945 3510
3 222 2993 221
3 4699 221 223
3 4699 222 221
3 183 2994 224
3 3419 2994 2995
3 183 2939 2994
3 2994 2939 2995
3 2939 2941 2995
3 2996 2997 2990
3 2996 2979 2997
3 4684 4685 2966
3 225 5893 4685
3 4685 5893 2966
3 2998 3526 2999
3 3526 2998 3525
3 210 215 2998
3 2998 215 3525
3 3012 3000 226
3 2952 227 3001
3 227 2952 5848
3 193 3002 2952
3 2952 3002 5848
3 3003 3970 228
3 3944 229 3004
3 229 3944 3005
3 2985 3006 3601
3 3601 3006 3007
3 3006 271 3007
3 231 3037 3008
3 3037 3038 3008
3 3038 230 3008
3 4774 3009 5862
3 3009 5759 5862
3 5759 3010 5862
3 5759 234 3010
3 4954 3011 4953
3 3011 3012 4953
3 3012 226 4953
3 235 3013 4851
3 236 237 4836
3 4836 237 3014
3 237 5894 3014
3 240 3015 239
3 238 3016 3015
3 3015 3016 239
3 238 2953 3016
3 669 484 3908
3 484 241 3908
3 241 243 3908
3 243 241 242
3 245 3017 244
3 244 3017 247
3 246 3018 3017
3 3017 3018 247
3 249 3019 3020
3 248 3020 3019
3 3021 4840 3022
3 4840 3021 251
3 3021 250 251
3 4852 3023 3024
3 3024 3023 3025
3 3023 252 3025
3 252 253 3025
3 941 3026 4964
3 3026 254 4964
3 255 3027 3665
3 3665 3027 3028
3 3027 257 3028
3 255 256 3027
3 259 3030 261
3 261 3030 260
3 259 3617 3030
3 262 3031 5914
3 5914 3031 5900
3 3031 227 5900
3 262 667 3031
3 265 3032 3946
3 264 3035 4637
3 4637 3035 3034
3 3035 266 3034
3 266 3035 3036
3 3035 265 3036
3 3037 944 3038
3 231 267 3037
3 270 3327 269
3 214 3039 2985
3 2985 3039 3006
3 3039 271 3006
3 270 3040 3327
3 3040 292 3327
3 292 268 3327
3 5016 3041 3042
3 273 3042 3041
3 273 3043 3042
3 3042 3043 3044
3 3043 3046 3044
3 992 3045 274
3 5225 3046 3047
3 3046 3043 3047
3 3043 275 3047
3 275 3043 273
3 277 3048 276
3 277 3049 3048
3 3048 3049 272
3 277 276 3050
3 3050 3053 3051
3 2940 3053 3052
3 2940 3051 3053
3 3046 3054 3044
3 3044 3054 3055
3 3054 279 3055
3 279 280 3055
3 3057 992 274
3 992 3057 4923
3 3057 4922 4923
3 281 3056 69
3 281 3057 3056
3 3056 3057 2784
3 3057 274 2784
3 2784 3058 2783
3 2784 274 3058
3 3059 150 5667
3 150 453 5667
3 282 3060 214
3 214 3060 3039
3 4806 271 3060
3 3060 271 3039
3 284 3061 283
3 283 3061 3062
3 285 3062 3061
3 286 3063 3065
3 287 3064 3063
3 3063 3064 3065
3 3064 3658 3065
3 287 3066 3064
3 3066 288 3064
3 5871 5982 3067
3 5982 289 3067
3 3067 289 290
3 270 291 3040
3 3068 282 214
3 282 3068 4808
3 199 3069 3068
3 3068 3069 4808
3 294 3070 293
3 293 3070 3356
3 3070 295 3356
3 295 3070 3107
3 296 3147 3071
3 3071 3147 3072
3 3147 341 3072
3 3847 3074 298
3 4811 3074 4812
3 3847 3075 3074
3 3074 3075 4812
3 3884 3076 5851
3 3076 3602 5851
3 3602 3076 299
3 3080 3078 3077
3 3077 3078 3079
3 3078 3878 3079
3 287 3081 3066
3 300 3082 3081
3 3081 3082 3066
3 3082 288 3066
3 288 3082 3084
3 300 3083 3082
3 3082 3083 3084
3 3083 301 3084
3 294 293 3085
3 293 3086 3085
3 3086 338 3085
3 338 3086 302
3 3087 303 3088
3 303 3087 5693
3 3109 3089 3087
3 3087 3089 5693
3 307 3090 306
3 304 3091 3090
3 3090 3091 306
3 306 3091 3092
3 304 3092 3091
3 3093 5036 5753
3 5036 3093 308
3 4814 3094 4813
3 4813 3094 292
3 4814 3095 3094
3 3096 310 3095
3 309 5062 3096
3 3097 312 3098
3 4958 232 313
3 315 3099 3101
3 314 3100 3099
3 3099 3100 3101
3 3100 5093 3101
3 314 3102 3100
3 296 3103 316
3 317 3103 3104
3 294 3105 3070
3 3105 3106 3070
3 3106 3107 3070
3 3106 318 3107
3 3088 3108 3087
3 334 3109 3108
3 3108 3109 3087
3 5070 3110 319
3 3110 320 319
3 5088 3528 320
3 322 3111 3113
3 5692 3112 3111
3 3111 3112 3113
3 3112 321 3113
3 321 3112 3114
3 5692 3114 3112
3 3847 298 324
3 298 3115 324
3 298 3116 3115
3 297 3437 326
3 297 3117 3437
3 3121 3119 3118
3 327 3120 3118
3 3118 3120 3121
3 448 3122 220
3 448 5863 3122
3 3122 5863 3123
3 5863 946 3123
3 2993 4628 4680
3 4680 4628 5897
3 4628 328 5897
3 3124 3080 3125
3 3080 3124 3128
3 280 279 3124
3 3124 279 3128
3 329 3126 3453
3 3453 3126 3127
3 3126 5074 3127
3 329 330 3126
3 3080 3128 3876
3 279 3129 3128
3 3128 3129 3876
3 199 3130 3069
3 331 3131 3130
3 3130 3131 3069
3 331 332 3131
3 331 3130 207
3 333 3132 3824
3 3824 3132 2958
3 3132 194 2958
3 333 3133 3132
3 3134 218 2988
3 218 3134 3135
3 295 3107 3609
3 3107 3136 3609
3 3609 3136 3377
3 3136 3104 3377
3 318 3136 3107
3 318 3137 3136
3 3136 3137 3104
3 3137 317 3104
3 334 5063 335
3 5064 3139 5063
3 5063 3139 335
3 5064 3138 3139
3 5069 3140 5068
3 5068 3140 336
3 5069 3141 3140
3 5067 3143 3142
3 3109 334 3144
3 3145 5072 3146
3 5072 3145 5071
3 3145 339 5071
3 339 340 5071
3 296 316 3147
3 5070 319 3148
3 3148 319 3449
3 342 3150 3151
3 3151 3150 3153
3 5076 3152 3150
3 3150 3152 3153
3 5081 3154 5080
3 5080 3154 3155
3 3154 5079 3155
3 5081 3156 3154
3 5082 5084 3157
3 5084 5082 5083
3 340 339 5082
3 5082 339 5083
3 3158 344 3159
3 344 3158 5724
3 3158 3160 5724
3 3160 343 5724
3 345 3161 3186
3 3186 3161 3160
3 3161 343 3160
3 345 3162 5099
3 5099 3162 346
3 3164 347 3165
3 347 3164 5776
3 3164 3190 5776
3 5094 3302 3166
3 3302 5094 3554
3 5094 348 3554
3 348 3552 3554
3 349 5075 3192
3 3192 5075 351
3 349 350 5075
3 3313 3167 3312
3 3312 3167 3168
3 3313 3169 3167
3 3170 353 3171
3 353 3170 3205
3 3215 3172 3170
3 3170 3172 3205
3 3173 354 3174
3 354 3173 5764
3 3173 3311 5764
3 3219 3175 3176
3 3176 3175 3202
3 3175 3311 3202
3 3311 3173 3202
3 356 3177 355
3 355 3177 3178
3 3219 3176 3177
3 3177 3176 3178
3 3298 3179 3428
3 3428 3179 355
3 3179 356 355
3 3298 3180 3179
3 357 3182 3181
3 3181 3182 3183
3 3182 3207 3183
3 361 3184 360
3 358 3185 3184
3 3184 3185 360
3 358 359 3185
3 345 3186 362
3 362 3186 3188
3 3160 3187 3186
3 3186 3187 3188
3 346 3189 3163
3 3163 3189 3190
3 3189 363 3190
3 346 3191 3189
3 364 3192 3395
3 3395 3192 3193
3 3192 351 3193
3 364 349 3192
3 3194 3305 3143
3 3305 3142 3143
3 3196 366 3197
3 366 3196 5715
3 365 3198 3196
3 3196 3198 5715
3 3198 3549 5715
3 3199 3176 3200
3 3176 3199 3178
3 3199 367 3178
3 367 355 3178
3 3200 3202 3201
3 3201 3202 3203
3 3202 3173 3203
3 3200 3176 3202
3 3174 5763 368
3 353 3204 5763
3 5763 3204 368
3 3205 3172 3556
3 3167 3169 3555
3 3169 352 3555
3 352 3396 3555
3 3396 352 3206
3 3182 3306 3207
3 3306 3182 3304
3 357 3208 3182
3 3182 3208 3304
3 372 5714 371
3 373 3210 5714
3 5714 3210 371
3 373 3209 3210
3 3209 370 3210
3 374 3213 3211
3 3211 3213 3212
3 3213 360 3212
3 374 370 3213
3 3171 3214 3170
3 3170 3214 3215
3 3214 3228 3215
3 3171 3216 3214
3 3171 3217 3216
3 356 3218 3177
3 3177 3218 3219
3 3218 376 3219
3 356 375 3218
3 5676 5729 3221
3 377 3220 5729
3 5729 3220 3221
3 3220 371 3221
3 377 3222 3220
3 3222 3180 3220
3 378 3314 3315
3 378 3223 3314
3 3314 3223 3224
3 3223 3239 3224
3 381 3226 3225
3 3226 379 3225
3 381 382 3226
3 3216 3227 3214
3 3214 3227 3228
3 3227 383 3228
3 3216 3324 3227
3 3217 3324 3216
3 3324 3217 3323
3 3217 354 3323
3 354 384 3323
3 3229 376 3230
3 376 3229 3310
3 5123 3231 3229
3 3229 3231 3310
3 385 3232 375
3 375 3232 3218
3 3232 3230 3218
3 3230 376 3218
3 386 3233 388
3 386 5119 3233
3 3233 5119 385
3 5119 387 385
3 377 3234 3309
3 3309 3234 375
3 3234 385 375
3 385 3234 3233
3 377 3235 3234
3 3234 3235 3233
3 3235 388 3233
3 3236 389 5109
3 569 5120 3238
3 390 3237 5120
3 5120 3237 3238
3 3237 378 3238
3 378 3237 3223
3 390 3239 3237
3 3237 3239 3223
3 391 3240 382
3 3240 392 382
3 382 392 3226
3 392 379 3226
3 5105 3241 3242
3 3241 3243 3242
3 3242 3243 393
3 3243 5122 393
3 395 5136 3245
3 5137 3244 5136
3 5136 3244 3245
3 3244 5102 3245
3 5102 3244 5101
3 3244 5137 5101
3 5137 394 5101
3 5121 3246 3247
3 397 3247 396
3 3246 3248 3247
3 3247 3248 396
3 398 3249 5106
3 3249 3250 5106
3 3249 5140 3250
3 399 3322 3251
3 3322 3252 3251
3 3252 3253 3251
3 3252 5118 3253
3 5118 3254 3253
3 400 5110 3254
3 3254 5110 3253
3 401 3255 404
3 403 3255 402
3 401 3256 3255
3 3255 3256 402
3 3257 5104 3576
3 5104 3257 3258
3 3257 405 3258
3 405 406 3258
3 3259 407 5140
3 409 3260 408
3 3263 3260 389
3 409 3261 3260
3 3260 3261 389
3 410 3262 5135
3 5135 3262 3263
3 3262 411 3263
3 410 3264 3262
3 402 5463 412
3 5470 5463 401
3 402 3256 5463
3 5463 3256 401
3 5139 3265 413
3 415 3265 414
3 5139 5138 3265
3 3265 5138 414
3 416 1064 5464
3 5265 3266 407
3 5265 3267 3266
3 3266 3267 417
3 5141 3268 3259
3 3268 5466 3259
3 5466 407 3259
3 5466 5265 407
3 408 3269 5148
3 3269 3270 5148
3 3270 5141 5148
3 5141 3270 3268
3 408 3260 3269
3 3263 3271 3260
3 3260 3271 3269
3 3263 411 3271
3 418 3272 3273
3 3272 419 3273
3 419 3275 3273
3 419 3274 3275
3 3274 420 3275
3 5085 3276 5086
3 3277 337 3142
3 337 3277 3279
3 3281 3278 3277
3 3277 3278 3279
3 3142 3280 3277
3 3277 3280 3281
3 3280 421 3281
3 3142 3305 3280
3 3208 3282 3596
3 3596 3282 3283
3 3208 357 3282
3 357 3284 3282
3 422 3286 423
3 423 3286 3285
3 3286 3239 3285
3 3239 3286 3224
3 390 3288 3287
3 3287 3288 3289
3 3288 424 3289
3 390 3290 3288
3 425 3292 3291
3 3291 3292 5137
3 3292 394 5137
3 394 3292 5112
3 425 3293 3292
3 3292 3293 5112
3 425 3294 426
3 3294 403 402
3 426 3294 5468
3 3294 412 5468
3 3294 402 412
3 3295 5171 3296
3 5171 3295 427
3 430 428 429
3 372 3297 365
3 431 3297 3298
3 372 3298 3297
3 367 3199 3300
3 3200 3299 3199
3 3199 3299 3300
3 3299 362 3300
3 362 3299 3550
3 3299 3200 3550
3 3200 3191 3550
3 368 3301 3203
3 3203 3301 363
3 368 432 3301
3 353 3205 433
3 3556 3303 3205
3 3205 3303 433
3 3556 3302 3303
3 3195 3304 3194
3 3194 3304 3305
3 3304 3208 3305
3 3195 3306 3304
3 434 3307 436
3 435 3308 3307
3 3307 3308 436
3 435 3543 3308
3 3180 3309 3179
3 3179 3309 356
3 3309 375 356
3 3180 3222 3309
3 3222 377 3309
3 3219 3310 3175
3 3175 3310 3311
3 3310 3231 3311
3 3219 376 3310
3 3312 380 3313
3 380 3312 3225
3 3312 3168 3225
3 3168 381 3225
3 357 3314 3224
3 357 3181 3314
3 3314 3181 3315
3 3181 3183 3315
3 422 3284 3286
3 3284 3224 3286
3 3284 357 3224
3 400 3316 3560
3 3476 3560 437
3 3316 5124 3560
3 3560 5124 437
3 438 3318 3317
3 3317 3318 388
3 3318 386 388
3 386 3318 5126
3 438 3319 3318
3 3318 3319 5126
3 3319 3316 5126
3 5122 3320 393
3 5122 3321 3320
3 3320 3321 3322
3 3321 387 3322
3 3323 439 3324
3 439 3323 5820
3 3323 384 5820
3 384 5128 5820
3 441 3325 439
3 439 3325 5131
3 3325 383 5131
3 383 3325 440
3 442 3326 5690
3 3326 5065 5690
3 5065 3464 5690
3 3327 3329 269
3 268 3328 3327
3 3327 3328 3329
3 3328 443 3329
3 3330 445 5908
3 445 3330 5898
3 3330 444 5898
3 444 2990 5898
3 446 5908 3331
3 5908 446 3330
3 446 444 3330
3 446 3331 3332
3 447 3334 3333
3 3334 212 3333
3 3336 3335 3440
3 3440 3335 448
3 3336 3430 3335
3 298 3074 3337
3 3337 3074 3338
3 3074 4811 3338
3 321 3340 449
3 321 3339 3340
3 304 3090 3342
3 307 3341 3090
3 3090 3341 3342
3 3341 451 3342
3 451 3341 3344
3 307 3343 3341
3 3341 3343 3344
3 3343 450 3344
3 428 430 3346
3 430 3345 3346
3 3345 5770 3346
3 4675 3347 3348
3 647 3349 233
3 233 3349 232
3 3349 313 232
3 3349 4863 313
3 4773 954 452
3 4924 3350 3859
3 3350 453 3859
3 3058 3859 2783
3 2783 3859 2785
3 453 150 3859
3 3859 150 2785
3 3445 3351 3399
3 3445 3653 3351
3 3352 3355 3353
3 3450 3354 3352
3 3352 3354 3355
3 454 3356 295
3 293 3356 455
3 454 3357 3356
3 3356 3357 455
3 284 3358 3061
3 3072 3359 3358
3 3358 3359 3061
3 3359 285 3061
3 285 3359 3360
3 3072 5761 3359
3 3359 5761 3360
3 5761 456 3360
3 3361 457 3362
3 4823 458 244
3 458 245 244
3 245 458 3363
3 277 3364 238
3 277 3050 3364
3 3050 3051 3364
3 459 3365 5915
3 5915 3365 460
3 461 5912 5901
3 5912 5902 5901
3 5871 462 5055
3 5871 3067 462
3 464 3367 3368
3 3367 4656 3368
3 4656 3367 4655
3 463 3369 3367
3 3367 3369 4655
3 3370 311 3371
3 311 3370 3372
3 465 3372 3370
3 467 3373 5924
3 467 4997 3373
3 4638 3375 3374
3 4638 469 3375
3 296 3376 3103
3 3376 3104 3103
3 3104 3376 3377
3 471 3377 3378
3 470 3378 3379
3 3377 3376 3378
3 3378 3376 3379
3 3376 296 3379
3 270 3380 291
3 271 4806 3380
3 5216 270 269
3 270 5216 3380
3 5216 3007 3380
3 3007 271 3380
3 473 3381 472
3 472 3381 3383
3 3381 3382 3383
3 3382 943 3383
3 3384 474 3385
3 474 3384 3386
3 3384 267 3386
3 267 231 3386
3 3387 4852 3024
3 235 4851 3387
3 251 3388 4839
3 4839 3388 236
3 3388 237 236
3 251 250 3388
3 3389 3391 3390
3 3389 3944 3391
3 3944 3004 3391
3 3450 3529 3354
3 3354 3529 3392
3 3393 307 306
3 307 3393 3394
3 475 3394 3393
3 369 3395 3206
3 3206 3395 3396
3 3395 3193 3396
3 369 364 3395
3 315 3398 3397
3 3397 3398 329
3 3398 330 329
3 315 3101 3398
3 3101 5093 3398
3 428 3400 3399
3 3399 3400 3445
3 428 3346 3400
3 149 2821 3401
3 2821 3402 3401
3 2821 144 3402
3 265 3403 3032
3 3403 3404 3032
3 3403 3940 3404
3 477 5895 249
3 5890 3406 2951
3 2951 3406 3405
3 3406 213 3405
3 213 3406 2983
3 2949 5950 3407
3 478 3407 5950
3 478 3408 3407
3 480 5846 3409
3 222 4628 2993
3 4760 3411 481
3 481 3411 3410
3 3411 187 3410
3 187 3411 2942
3 3411 185 2942
3 4761 3412 3411
3 3412 185 3411
3 185 3412 3511
3 4761 3413 3412
3 3412 3413 3511
3 3413 223 3511
3 4699 223 482
3 482 223 3413
3 272 3049 240
3 277 3015 3049
3 3049 3015 240
3 277 238 3015
3 4926 4762 955
3 4762 483 485
3 187 3414 3410
3 193 3415 3414
3 3414 3415 3410
3 3415 481 3410
3 193 192 3415
3 2940 3052 2941
3 3052 278 2941
3 2941 278 3417
3 278 3416 3417
3 3416 3854 3417
3 3854 3418 3417
3 3418 2941 3417
3 2941 3418 2995
3 486 3419 3418
3 3418 3419 2995
3 486 180 3419
3 179 3421 180
3 180 3421 3419
3 179 3420 3421
3 488 3422 487
3 3858 3423 67
3 3858 3917 3423
3 3423 3917 69
3 3917 281 69
3 3858 67 3424
3 67 2598 3424
3 3424 2598 489
3 2598 2597 489
3 488 487 3738
3 3425 460 3426
3 144 3427 3402
3 3402 3427 3855
3 3427 492 3855
3 492 3427 2803
3 144 2802 3427
3 3427 2802 2803
3 493 66 180
3 180 66 3432
3 5160 3357 454
3 455 3357 494
3 5160 5735 3357
3 3357 5735 494
3 198 5210 3537
3 3537 5210 2973
3 5210 5211 2973
3 198 495 5210
3 3428 431 3298
3 431 3428 3429
3 355 367 3428
3 3428 367 3429
3 497 5983 496
3 5009 3430 3336
3 5009 3431 3430
3 493 180 486
3 498 180 3432
3 180 498 2928
3 3433 5212 3626
3 5212 5978 3626
3 5978 3627 3626
3 3434 3847 324
3 3847 3434 3846
3 3434 499 3846
3 3602 299 500
3 500 299 3435
3 3619 559 3436
3 3117 325 3437
3 325 501 3437
3 447 3333 502
3 2981 3438 3333
3 3333 3438 502
3 2981 3439 3438
3 503 3440 2991
3 2991 3440 220
3 3440 448 220
3 503 3336 3440
3 5924 3373 3441
3 3441 3373 4694
3 4694 3442 3441
3 3441 3442 5925
3 3123 3443 5852
3 5852 3443 190
3 3443 206 190
3 3123 3444 3443
3 3127 3447 3272
3 3447 419 3272
3 419 3447 5777
3 3534 3448 3447
3 3447 3448 5777
3 3449 3353 3148
3 3353 3449 3352
3 319 3450 3449
3 3449 3450 3352
3 315 3397 3452
3 329 3451 3397
3 3397 3451 3452
3 3451 504 3452
3 504 3451 3454
3 329 3453 3451
3 3451 3453 3454
3 3453 418 3454
3 504 3455 3456
3 505 3456 3455
3 506 3456 3457
3 505 3457 3456
3 3458 5087 3459
3 5087 3458 5088
3 3528 5088 3458
3 5065 3460 3462
3 3460 3461 3462
3 3461 5086 3462
3 3461 5085 5086
3 3278 3463 3462
3 3462 3463 5065
3 3463 3464 5065
3 3278 3281 3463
3 3281 3465 3463
3 3463 3465 3464
3 3465 436 3464
3 3281 421 3465
3 3283 3466 421
3 3466 434 421
3 421 434 3465
3 434 436 3465
3 3466 3283 358
3 3283 3282 358
3 359 3282 3284
3 3282 359 358
3 3467 422 3468
3 359 3284 3467
3 3467 3284 422
3 3473 3469 3470
3 3468 3470 3469
3 3470 3468 423
3 3468 422 423
3 423 3471 3470
3 3289 3472 3471
3 3471 3472 3470
3 3472 3473 3470
3 3472 437 3473
3 3293 3475 424
3 424 3475 3474
3 3475 3476 3474
3 3475 507 3476
3 507 3477 508
3 508 3477 3478
3 3477 425 3478
3 426 3479 3478
3 3479 508 3478
3 508 3479 3480
3 576 3481 509
3 3482 512 3483
3 512 3482 4635
3 3482 511 4635
3 513 3484 3739
3 3739 3484 3485
3 3484 264 3485
3 513 511 3484
3 3485 264 3486
3 620 4639 3487
3 4639 3829 3487
3 620 516 4639
3 3813 516 620
3 197 3518 3813
3 3488 559 3619
3 559 3488 3933
3 3488 3489 3933
3 3489 517 3933
3 519 3490 3492
3 3953 3491 3490
3 3490 3491 3492
3 3491 518 3492
3 3953 3493 3491
3 3493 520 3491
3 521 3494 4645
3 3494 3495 4645
3 3494 488 3495
3 516 4646 4639
3 4639 4646 3496
3 4646 4647 3496
3 516 558 4646
3 3497 3996 3498
3 3996 3497 3499
3 3497 3034 3499
3 3034 266 3499
3 3960 3500 3517
3 3500 522 3517
3 3439 2981 3501
3 3501 2981 225
3 3014 5894 3502
3 2996 3504 2980
3 3504 523 2980
3 523 5943 2980
3 203 202 3505
3 2954 3332 3506
3 2954 3509 3332
3 3509 446 3332
3 2954 3507 3509
3 2955 3508 524
3 444 446 3509
3 221 3510 186
3 186 3510 2945
3 221 2993 3510
3 223 221 3511
3 3511 221 186
3 3419 3421 2994
3 3420 3512 3421
3 3421 3512 2994
3 3512 224 2994
3 224 3512 3514
3 3420 3513 3512
3 3512 3513 3514
3 3513 525 3514
3 2990 3504 2996
3 2957 3515 2969
3 942 3516 2957
3 2957 3516 3515
3 3516 3385 3515
3 3385 474 3515
3 3960 3517 934
3 522 3518 3517
3 965 3520 5800
3 5800 3520 3919
3 3520 527 3919
3 527 528 3919
3 997 5773 3521
3 529 3963 3615
3 3615 3963 3614
3 3964 3522 3963
3 3963 3522 3614
3 279 3054 3129
3 3046 5226 3054
3 3054 5226 3129
3 3046 5225 5226
3 5016 3523 530
3 5016 3042 3523
3 3523 3042 3524
3 3042 3044 3524
3 3525 4818 3526
3 4818 3525 4817
3 3525 215 4817
3 215 531 4817
3 3339 323 3527
3 323 3339 3114
3 3339 321 3114
3 3450 3528 3529
3 3528 3450 320
3 3450 319 320
3 306 3092 3531
3 305 3530 3092
3 3092 3530 3531
3 3530 532 3531
3 532 3530 3532
3 305 5779 3530
3 3530 5779 3532
3 3964 3971 3522
3 3522 3971 3624
3 517 3489 3971
3 3971 3489 3624
3 3127 3533 3447
3 3447 3533 3534
3 3533 533 3534
3 3127 5074 3533
3 3044 3535 3524
3 3044 3055 3535
3 3535 3055 3536
3 3055 280 3536
3 207 3130 2973
3 199 3537 3130
3 3130 3537 2973
3 199 198 3537
3 5076 3538 3152
3 3152 3538 5815
3 3538 5089 5815
3 5089 534 5815
3 348 5094 535
3 535 5094 5092
3 3166 3539 5094
3 5094 3539 5092
3 348 5095 5817
3 5817 5095 3540
3 5095 5096 3540
3 348 535 5095
3 5084 5099 3157
3 3157 5099 5098
3 5099 3155 5098
3 3155 5079 5098
3 3166 3302 3541
3 3542 442 3543
3 442 3542 5687
3 3542 366 5687
3 366 536 5687
3 435 3307 3545
3 434 3544 3307
3 3307 3544 3545
3 3544 361 3545
3 361 3544 3184
3 434 3466 3544
3 3544 3466 3184
3 3466 358 3184
3 3167 3546 3168
3 3168 3546 3547
3 3546 3172 3547
3 3172 3215 3547
3 3160 3158 3187
3 3159 3548 3158
3 3158 3548 3187
3 3159 3549 3548
3 346 3162 3191
3 345 3550 3162
3 3162 3550 3191
3 345 362 3550
3 432 3551 347
3 347 3551 3553
3 433 3552 3551
3 3551 3552 3553
3 3302 3554 3303
3 3554 3552 3303
3 3552 433 3303
3 351 3541 3193
3 3193 3541 3555
3 3541 3302 3555
3 3172 3546 3556
3 3167 3556 3546
3 3167 3555 3556
3 3547 381 3168
3 381 3547 3557
3 3547 3215 3557
3 3215 3228 3557
3 3557 382 381
3 382 3557 3558
3 3557 3228 3558
3 3228 383 3558
3 3558 391 382
3 391 3558 3559
3 3558 383 3559
3 507 3560 3476
3 507 3561 3560
3 3560 3561 400
3 440 3562 3563
3 537 3563 3562
3 5121 3563 3246
3 537 3564 3563
3 3563 3564 3246
3 538 3565 3566
3 3565 3567 3566
3 3567 537 3566
3 537 3567 3568
3 540 3569 539
3 539 3569 3570
3 3569 441 3570
3 441 3569 3572
3 540 3571 3569
3 3569 3571 3572
3 3571 538 3572
3 409 3573 399
3 399 3573 5116
3 3573 398 5116
3 410 3574 3578
3 3578 3574 508
3 410 5111 3574
3 5465 3575 5145
3 5145 3575 5144
3 414 3576 3575
3 3575 3576 5144
3 416 5464 541
3 5465 3577 5464
3 5464 3577 541
3 5465 5145 3577
3 5147 5818 542
3 3565 5818 541
3 5147 5822 5818
3 5818 5822 541
3 5148 409 408
3 410 3578 3264
3 3264 3578 3579
3 508 3480 3578
3 3578 3480 3579
3 3575 415 414
3 415 3575 5469
3 3575 5465 5469
3 5750 5772 3580
3 5772 3353 3580
3 3353 3355 3580
3 506 3581 3456
3 3581 3582 3456
3 3582 504 3456
3 504 3582 3584
3 3581 3583 3582
3 3582 3583 3584
3 3583 301 3584
3 455 494 3585
3 3608 3585 543
3 494 3586 3585
3 3585 3586 543
3 5692 3111 3588
3 322 3587 3111
3 3111 3587 3588
3 3587 3590 3588
3 322 3589 3587
3 3587 3589 3590
3 3589 544 3590
3 475 3591 3394
3 322 3592 3591
3 3591 3592 3394
3 3592 476 3394
3 476 3592 3593
3 322 3113 3592
3 3592 3113 3593
3 3113 321 3593
3 362 3188 3300
3 3187 3594 3188
3 3188 3594 3300
3 3594 367 3300
3 367 3594 3429
3 3187 3595 3594
3 3594 3595 3429
3 3595 431 3429
3 3191 3201 3189
3 3189 3201 363
3 3201 3203 363
3 3191 3200 3201
3 3193 3555 3396
3 3302 3556 3555
3 3305 3596 3280
3 3280 3596 421
3 3596 3283 421
3 3305 3208 3596
3 3166 3597 3539
3 3539 3597 5100
3 342 3151 3597
3 3597 3151 5100
3 2976 211 545
3 545 211 3598
3 550 3600 549
3 549 3600 4663
3 3600 547 4663
3 547 548 4663
3 2985 3601 552
3 3007 551 3601
3 554 553 3098
3 553 5778 3098
3 500 449 3602
3 449 500 3603
3 429 428 3604
3 428 3399 3604
3 3399 3351 3604
3 427 3295 3662
3 3296 3605 3295
3 3295 3605 3662
3 3296 3392 3605
3 3392 3529 3605
3 3606 427 3662
3 427 3606 5748
3 3606 303 5748
3 303 5700 5748
3 3607 302 3608
3 302 3607 5707
3 3607 555 5707
3 555 3089 5707
3 471 3609 3377
3 3609 454 295
3 285 3360 3611
3 456 3610 3360
3 3360 3610 3611
3 3610 287 3611
3 287 3610 3081
3 456 3612 3610
3 3610 3612 3081
3 3612 300 3081
3 3613 3940 3403
3 3613 556 3940
3 228 5949 5907
3 3614 4649 3615
3 3522 557 3614
3 264 4636 3035
3 511 3616 4636
3 4636 3616 3035
3 3616 265 3035
3 265 3616 4650
3 511 3617 3616
3 3616 3617 4650
3 3960 3618 3436
3 3436 3618 3619
3 3618 521 3619
3 3960 934 3618
3 522 3620 3518
3 3621 560 3622
3 560 3621 3959
3 3621 559 3959
3 559 2963 3959
3 3624 557 3522
3 557 3624 3625
3 3624 3489 3625
3 3489 3495 3625
3 3626 3116 3433
3 3116 3626 3115
3 3626 3627 3115
3 3627 324 3115
3 3079 3628 563
3 561 3629 3628
3 3628 3629 563
3 561 562 3629
3 505 3630 3457
3 3457 3630 564
3 475 3393 3631
3 306 3631 3393
3 565 3631 3632
3 306 3531 3631
3 3631 3531 3632
3 3531 532 3632
3 350 3634 3633
3 3633 3634 3635
3 3634 3637 3635
3 350 349 3634
3 3194 3636 3195
3 3195 3636 5782
3 3636 3637 5782
3 3637 566 5782
3 567 364 5783
3 5783 364 369
3 364 567 5781
3 567 566 5781
3 3306 3638 3207
3 3207 3638 5784
3 567 3641 3638
3 3638 3641 5784
3 3313 3639 3169
3 3639 3640 3169
3 3640 352 3169
3 3639 3641 3640
3 3183 5786 3315
3 3643 5786 3639
3 3183 3642 5786
3 5786 3642 3639
3 379 5821 3225
3 568 380 5821
3 5821 380 3225
3 568 3643 380
3 380 3643 5785
3 5134 5788 5133
3 5133 5788 569
3 5134 3646 5788
3 3644 3645 396
3 3645 397 396
3 3644 3646 3645
3 3647 5150 3648
3 5150 3647 5149
3 406 405 3647
3 3647 405 5149
3 3649 570 3650
3 5470 401 3649
3 418 3651 3272
3 3651 3127 3272
3 3127 3651 3453
3 418 3453 3651
3 504 3454 3455
3 418 3652 3454
3 3454 3652 3455
3 3652 505 3455
3 505 3652 3273
3 418 3273 3652
3 3445 5255 3653
3 3653 5255 5172
3 2940 3654 3051
3 3051 3654 3364
3 2940 184 3654
3 3002 3655 3426
3 3426 3655 3425
3 3655 491 3425
3 491 3655 571
3 522 3951 3620
3 3951 573 3620
3 573 558 3620
3 3860 7168 3657
3 574 3656 7168
3 7168 3656 3657
3 3656 288 3657
3 288 3656 3064
3 574 3658 3656
3 3656 3658 3064
3 456 3659 3612
3 314 3660 3659
3 3659 3660 3612
3 3660 300 3612
3 300 3660 3661
3 314 3099 3660
3 3660 3099 3661
3 3099 315 3661
3 3529 3459 3605
3 3605 3459 3662
3 3459 3529 3458
3 3529 3528 3458
3 4641 515 575
3 3663 257 3664
3 257 3663 3961
3 558 573 3663
3 3663 573 3961
3 518 3962 3492
3 577 3665 3962
3 3962 3665 3492
3 3665 519 3492
3 587 4714 579
3 4715 3666 4714
3 4714 3666 579
3 4715 578 3666
3 3667 578 4715
3 578 3667 4729
3 3667 580 4729
3 582 3668 4730
3 3668 581 4730
3 583 3669 4731
3 3669 3670 4731
3 3670 4732 4731
3 3671 4713 3672
3 4713 3671 4712
3 584 3673 3671
3 3671 3673 4712
3 586 3693 585
3 3694 4943 3693
3 3693 4943 585
3 3694 3674 4943
3 3675 587 3676
3 587 3675 4714
3 3675 3680 4714
3 588 3678 3677
3 3678 589 3677
3 3676 3679 3675
3 3675 3679 3680
3 3679 591 3680
3 3676 590 3679
3 3686 3681 4716
3 3681 4731 4716
3 4731 592 4716
3 4744 3672 4066
3 3672 4744 3671
3 4744 593 3671
3 4733 582 3682
3 594 3794 4733
3 707 3772 4734
3 3683 595 596
3 596 3686 3685
3 3685 3686 4716
3 3689 3688 4718
3 3772 3690 3688
3 3688 3690 4718
3 3692 4720 3691
3 4720 3767 3691
3 3692 598 4720
3 3693 586 3695
3 586 4023 3695
3 3696 600 3697
3 600 3696 4701
3 599 3698 3696
3 3696 3698 4701
3 3699 602 3726
3 602 3699 4706
3 3699 4946 4706
3 4946 601 4706
3 602 4018 3726
3 603 3700 4018
3 4018 3700 3726
3 603 604 3700
3 3701 4942 4011
3 605 3702 3701
3 607 3703 4711
3 606 3704 3703
3 3703 3704 4711
3 606 3705 3704
3 3706 4950 4024
3 4950 3816 4024
3 610 3708 609
3 608 3709 3708
3 3708 3709 609
3 608 3809 3709
3 614 3711 613
3 3732 3712 3711
3 3711 3712 613
3 3732 3713 3712
3 3816 3783 607
3 3784 3703 3783
3 3783 3703 607
3 3784 606 3703
3 3714 4944 3715
3 4944 3714 4943
3 3714 615 4943
3 4936 3717 3716
3 3716 3717 3718
3 4945 4929 3719
3 4929 4945 4928
3 4945 616 4928
3 617 3720 3721
3 3720 4003 3721
3 4950 3706 3778
3 3707 4947 3706
3 3706 4947 3778
3 3707 3722 4947
3 3723 3802 3724
3 3802 3717 3724
3 604 3725 3700
3 3700 3725 3726
3 3725 616 3726
3 4934 3362 644
3 619 3708 610
3 618 608 3708
3 612 3710 3737
3 3737 3710 3487
3 3710 611 3487
3 611 620 3487
3 197 3729 3728
3 3728 3729 3730
3 3729 3806 3730
3 197 3731 3729
3 621 3732 3733
3 622 3733 614
3 3732 3711 3733
3 3733 3711 614
3 624 3734 623
3 624 3735 3734
3 3734 3735 614
3 3735 622 614
3 3362 4934 3361
3 3361 4934 3736
3 4934 3727 3736
3 197 3728 2960
3 2960 3728 196
3 3728 3730 196
3 487 621 3738
3 490 3738 622
3 621 3733 3738
3 3738 3733 622
3 490 622 3623
3 622 3735 3623
3 3735 510 3623
3 510 3735 624
3 513 3739 619
3 619 3739 3708
3 3739 3485 3708
3 3485 618 3708
3 615 4930 3740
3 3740 4930 625
3 615 612 4930
3 3741 626 711
3 3672 3743 4066
3 4066 3743 4065
3 3743 4745 4065
3 3744 627 3745
3 580 597 3744
3 3746 4732 3670
3 4732 3746 4737
3 3746 628 4737
3 628 580 4737
3 3747 601 4946
3 4011 3748 631
3 3749 4704 3750
3 4704 3749 632
3 3749 3751 632
3 4941 3752 634
3 633 640 3752
3 636 3754 635
3 635 3754 3753
3 3754 3732 3753
3 3732 3754 3713
3 3761 631 3755
3 631 3761 3757
3 3761 3762 3757
3 3762 605 3757
3 3718 4949 3716
3 3719 3756 4949
3 4949 3756 3716
3 3756 4932 3716
3 3719 4929 3756
3 637 3758 638
3 3755 631 3758
3 635 3753 639
3 639 3753 3760
3 3753 621 3760
3 621 3753 3732
3 637 3759 3758
3 515 3755 3759
3 3759 3755 3758
3 3764 4931 3763
3 4931 640 3763
3 639 3760 263
3 263 3760 3422
3 3760 487 3422
3 487 3760 621
3 515 3761 3755
3 3761 509 3762
3 3763 514 3764
3 640 3765 3763
3 3768 586 585
3 586 3768 3770
3 641 3769 3768
3 3768 3769 3770
3 625 3771 3740
3 642 645 4738
3 626 4725 3773
3 4725 3772 3773
3 595 3774 3684
3 3684 3774 4723
3 3774 3775 4723
3 3775 4724 4723
3 3776 598 3692
3 598 3776 4725
3 3776 3777 4725
3 3777 3690 4725
3 3803 3778 3779
3 3803 643 3778
3 612 3737 3780
3 3780 3737 3786
3 3816 3782 3783
3 3782 4952 3783
3 3783 4952 3784
3 4952 3720 3784
3 3707 3785 3722
3 3722 3785 4939
3 3785 641 4939
3 641 3771 4939
3 3780 3786 3787
3 3787 3786 3737
3 3823 3789 3788
3 3788 3789 604
3 3823 3702 3789
3 579 4743 3791
3 587 3792 3793
3 3792 3689 3793
3 3767 3743 3766
3 3743 3767 3742
3 4731 3681 583
3 3681 3795 583
3 3681 3794 3795
3 3796 3780 3787
3 3780 3796 3797
3 513 619 3796
3 3796 619 3797
3 3486 618 3485
3 618 3486 3808
3 3486 3736 3808
3 3736 3727 3808
3 588 3798 4021
3 4021 3798 627
3 588 592 3798
3 509 3799 3762
3 509 3481 3799
3 3799 3481 624
3 3481 510 624
3 3800 3801 3723
3 3801 3802 3723
3 3802 3801 629
3 3803 644 4002
3 644 3803 4934
3 3803 4938 4934
3 3731 3804 3729
3 3804 3805 3729
3 3805 3806 3729
3 3805 3807 3806
3 3805 4937 3807
3 3807 4937 635
3 4937 636 635
3 3808 608 618
3 3779 4938 3803
3 3779 3809 4938
3 3806 3810 3730
3 3806 3807 3810
3 3810 3807 639
3 3807 635 639
3 196 3811 3033
3 3033 3811 263
3 3811 639 263
3 639 3811 3810
3 3811 196 3810
3 196 3730 3810
3 3672 4722 3812
3 3672 4713 4722
3 645 4739 4276
3 4276 4739 593
3 3694 3814 3674
3 3814 3815 3674
3 3814 3800 3815
3 3800 3723 3815
3 3816 607 694
3 611 3817 3820
3 3817 3804 3820
3 3804 3731 3820
3 4935 3818 3724
3 3724 3818 4951
3 3818 3715 4951
3 3715 4944 4951
3 3819 613 616
3 3820 620 611
3 620 3820 3813
3 3820 3731 3813
3 3731 197 3813
3 624 623 3799
3 623 3821 3799
3 3821 3762 3799
3 3821 605 3762
3 3823 3788 646
3 646 3788 4700
3 604 603 3788
3 3788 603 4700
3 632 3823 3822
3 3822 3823 646
3 632 3751 3823
3 333 3824 648
3 648 3824 3825
3 2958 204 3824
3 3824 204 3825
3 5906 5932 3826
3 4833 3503 5909
3 3483 3829 3828
3 3496 3828 3829
3 260 3828 4652
3 3828 3496 4652
3 3496 4647 4652
3 3829 3483 512
3 3781 3832 625
3 610 609 3832
3 3706 3833 3707
3 3707 3833 3785
3 3833 3769 3785
3 3769 641 3785
3 599 3834 4022
3 4022 3834 3775
3 3834 4724 3775
3 599 3673 3834
3 3781 3797 3832
3 3832 3797 610
3 3797 619 610
3 3781 3780 3797
3 3331 333 648
3 333 3331 4771
3 3331 5908 4771
3 3862 652 55
3 154 2858 2881
3 2881 2858 2933
3 178 2934 2919
3 2934 2868 2919
3 177 2918 176
3 2918 2916 176
3 2597 3835 489
3 489 3835 3857
3 3835 3856 3857
3 3856 3835 3401
3 3835 149 3401
3 60 3836 2597
3 2597 3836 3835
3 3836 149 3835
3 60 3840 3836
3 3836 3840 149
3 3840 95 149
3 3837 2711 55
3 2711 3862 55
3 3838 2746 2748
3 2746 3838 2898
3 3838 2901 2898
3 2746 3839 2747
3 2746 2898 3839
3 3839 2898 2911
3 3840 60 59
3 3841 59 96
3 59 3841 3840
3 3841 2834 3840
3 2834 95 3840
3 3842 96 56
3 96 3842 3841
3 3842 2573 3841
3 2573 2834 3841
3 4630 3843 2589
3 3843 56 2589
3 56 3843 3842
3 3843 2573 3842
3 3844 324 3627
3 324 3844 3434
3 3844 3845 3434
3 3845 499 3434
3 3846 651 3847
3 651 3846 650
3 499 5970 3846
3 3846 5970 650
3 2917 3852 5884
3 5884 3852 5881
3 3848 5881 3852
3 173 3849 2914
3 182 164 3849
3 3849 164 2914
3 2915 164 3850
3 3850 164 2888
3 2915 2914 164
3 2929 2930 2931
3 2921 2931 2930
3 3848 3851 2926
3 3851 2930 2926
3 2926 2930 2929
3 3851 3852 2917
3 3853 2711 3837
3 2712 3866 3853
3 492 3854 3855
3 3402 3855 3416
3 3854 3416 3855
3 3402 3416 3401
3 278 3856 3416
3 3416 3856 3401
3 278 3052 3856
3 3856 3052 3857
3 3052 3053 3857
3 489 3857 276
3 3053 3050 3857
3 3857 3050 276
3 489 276 3424
3 276 3048 3424
3 3048 3858 3424
3 3048 272 3858
3 4922 3057 281
3 274 3045 3058
3 4924 3058 3045
3 4924 3859 3058
3 2917 2921 2930
3 3581 3860 3583
3 3860 3861 3583
3 3861 301 3583
3 301 3861 3084
3 3860 3657 3861
3 3861 3657 3084
3 3657 288 3084
3 2879 2711 2878
3 2879 169 2711
3 169 3862 2711
3 169 2909 3862
3 2909 652 3862
3 2909 3863 652
3 112 2891 121
3 121 2891 3864
3 2891 2903 3864
3 2891 167 2903
3 2708 3865 2890
3 3865 166 2890
3 166 3865 2905
3 3867 2710 3866
3 652 3863 653
3 653 3863 3865
3 3863 2905 3865
3 2905 3863 2909
3 3870 654 5208
3 654 655 5208
3 2663 2662 3868
3 2677 3868 2662
3 2677 2789 3868
3 654 3870 3869
3 3870 9647 3869
3 9647 3870 5974
3 656 3871 658
3 658 3871 657
3 5205 657 3872
3 657 5205 3873
3 5205 659 3873
3 659 3874 5224
3 3874 660 5224
3 660 661 5224
3 5198 3875 5197
3 5197 3875 660
3 3875 661 660
3 5198 3877 3875
3 3080 3876 662
3 3129 3877 3876
3 3080 5227 3078
3 3078 5227 3878
3 5227 5228 3878
3 3080 662 5227
3 3527 5688 663
3 5689 3879 5688
3 5688 3879 663
3 5689 3880 3879
3 3881 3339 3882
3 3339 3881 3340
3 5234 664 5855
3 664 5851 5855
3 5851 664 3884
3 664 3883 3884
3 665 3884 7416
3 3884 3883 7416
3 3883 3885 7416
3 3883 664 3885
3 2677 2662 2528
3 492 3886 3854
3 3854 3886 3418
3 493 486 3886
3 3886 486 3418
3 492 3887 3886
3 3886 3887 493
3 492 2803 3887
3 493 3887 3888
3 3887 35 3888
3 35 3887 2803
3 35 34 3888
3 34 3889 3888
3 3888 3889 2596
3 34 2806 3889
3 3889 2806 2838
3 2806 2675 2838
3 2806 94 2675
3 94 2667 2675
3 2675 2667 2674
3 2667 3890 2674
3 2667 2665 3890
3 3891 3890 30
3 3890 2665 30
3 3892 15 3893
3 15 3892 2552
3 3892 3891 2552
3 3891 30 2552
3 3894 2830 3895
3 2830 3894 2525
3 3894 3893 2525
3 3893 15 2525
3 3897 3896 21
3 21 3896 2533
3 3896 3895 2533
3 3895 2830 2533
3 3897 21 4008
3 21 2530 4008
3 152 18 91
3 18 3868 2526
3 18 152 3868
3 3898 2789 3899
3 2789 3898 3868
3 3898 2526 3868
3 2522 3899 2789
3 2664 141 2522
3 2522 141 3899
3 3901 100 3900
3 100 3901 2660
3 100 2850 3900
3 2850 99 3900
3 571 3902 5857
3 187 2943 3902
3 3902 2943 5857
3 2943 666 5857
3 4764 3903 4919
3 3903 239 4919
3 239 667 4919
3 5948 5791 3904
3 5791 5792 3904
3 3906 3905 242
3 243 242 3905
3 4764 3907 4867
3 4867 3907 3906
3 3907 4763 3906
3 669 3908 3909
3 3908 243 3909
3 243 668 3909
3 3910 5911 5934
3 5911 3910 5910
3 670 3911 3910
3 3910 3911 5910
3 672 3914 3965
3 671 3915 3914
3 3914 3915 3965
3 461 3916 5912
3 3917 4922 281
3 4922 3917 4921
3 3917 3858 4921
3 3858 272 4921
3 673 465 3918
3 465 458 3918
3 458 465 3363
3 465 3370 3363
3 3370 3371 3363
3 5800 3919 674
3 528 3920 3919
3 3921 3976 228
3 228 3976 3003
3 676 3990 3923
3 560 3922 3990
3 3990 3922 3923
3 3922 675 3923
3 675 3922 3983
3 3922 560 3983
3 560 4901 3983
3 678 3924 5793
3 3924 677 5793
3 670 3925 5920
3 5920 3925 459
3 670 262 3925
3 671 3926 3915
3 3915 3926 3927
3 3926 2964 3927
3 2964 3935 3927
3 5794 3929 3928
3 3928 3929 3930
3 3932 678 981
3 678 3932 3924
3 3932 680 3924
3 559 3933 3934
3 3933 517 3934
3 3934 2963 559
3 2963 3934 2962
3 517 3935 3934
3 3934 3935 2962
3 4913 4914 3937
3 681 3936 4914
3 4914 3936 3937
3 3936 682 3937
3 682 3936 3939
3 681 3938 3936
3 3936 3938 3939
3 3938 5917 3939
3 3940 556 3941
3 556 3992 3941
3 2987 3942 3941
3 3941 3942 3404
3 3831 477 2987
3 477 3942 2987
3 249 3020 3389
3 3020 3943 3389
3 3944 3389 3943
3 229 3005 3946
3 3005 3945 3946
3 3005 3995 3945
3 447 3947 577
3 577 3947 3991
3 3947 572 3991
3 572 3827 3991
3 3390 3948 3949
3 3948 477 3949
3 3948 3942 477
3 3390 3391 3948
3 3940 3941 3404
3 3404 3993 3032
3 3404 3942 3993
3 477 249 3949
3 3390 3949 3389
3 249 3389 3949
3 683 3951 3950
3 3950 3951 3952
3 3951 522 3952
3 683 573 3951
3 519 3954 3490
3 3490 3954 3953
3 3954 683 3953
3 519 3028 3954
3 213 2982 3956
3 212 3955 2982
3 2982 3955 3956
3 3955 520 3956
3 520 3955 3491
3 3955 212 3491
3 212 518 3491
3 684 3957 3958
3 4913 3937 3957
3 3957 3937 3958
3 3937 682 3958
3 3959 4901 560
3 4901 3959 4902
3 3959 2963 4902
3 2963 200 4902
3 3436 3622 3960
3 3622 3436 3621
3 3436 559 3621
3 3028 3961 3954
3 3954 3961 683
3 3961 573 683
3 3028 257 3961
3 3962 447 577
3 447 3962 3334
3 518 212 3962
3 3962 212 3334
3 3831 3827 572
3 3831 2987 3827
3 3966 3964 3963
3 672 3965 529
3 529 3965 3963
3 3915 3966 3965
3 3965 3966 3963
3 3622 3967 3960
3 3960 3967 3500
3 3967 3952 3500
3 3952 522 3500
3 3968 677 3924
3 677 3968 5795
3 3969 678 5793
3 4795 3970 3969
3 3966 3971 3964
3 3915 3927 3966
3 3966 3927 3971
3 3927 3935 3971
3 3935 517 3971
3 681 3972 3938
3 685 3973 3972
3 3972 3973 3938
3 3973 5917 3938
3 685 3911 3973
3 5773 3974 3521
3 3974 686 3521
3 686 3974 3930
3 3930 3974 3928
3 3974 5773 3928
3 5806 3916 4911
3 5806 5912 3916
3 679 996 3446
3 5912 5806 3975
3 4876 3029 688
3 3029 258 3968
3 688 3029 680
3 680 3029 3924
3 3029 3968 3924
3 678 3976 981
3 689 690 3977
3 690 689 5921
3 689 491 5921
3 684 3978 3981
3 2951 3980 3979
3 3979 3980 3981
3 2951 3405 3980
3 3980 3405 3983
3 213 3982 3405
3 3405 3982 3983
3 3982 675 3983
3 675 3982 3984
3 213 3956 3982
3 3982 3956 3984
3 3956 520 3984
3 675 3984 3923
3 520 3985 3984
3 3984 3985 3923
3 3985 676 3923
3 520 3493 3985
3 3493 3953 3985
3 666 2943 480
3 2944 2946 2943
3 2943 2946 480
3 480 2946 2978
3 3408 3987 3986
3 3408 3988 3987
3 478 3989 5923
3 478 3979 3989
3 3952 3967 676
3 3622 3990 3967
3 3967 3990 676
3 3622 560 3990
3 683 3950 3953
3 3953 3950 3985
3 3952 676 3950
3 3950 676 3985
3 577 3991 255
3 3827 3992 3991
3 3991 3992 255
3 3941 3992 2987
3 3992 3827 2987
3 3391 3993 3948
3 3948 3993 3942
3 3004 3993 3391
3 3993 3004 229
3 229 3032 3993
3 3032 229 3946
3 3945 3994 3946
3 3945 3995 3994
3 3994 3995 3499
3 526 3996 3995
3 3995 3996 3499
3 526 3997 3996
3 3498 3998 457
3 469 3765 3998
3 640 3999 3765
3 640 4000 3999
3 4000 644 3999
3 644 3362 3999
3 633 4001 4940
3 4940 4001 4002
3 4001 691 4002
3 633 4003 4001
3 4792 258 4004
3 468 4790 514
3 692 637 4790
3 514 4642 3764
3 3764 4642 4005
3 4642 637 4005
3 637 638 4005
3 3764 4005 634
3 634 4005 4941
3 4005 638 4941
3 638 630 4941
3 2660 2664 2769
3 2664 20 2769
3 2689 20 2527
3 14 2677 2528
3 19 4006 2531
3 2529 4006 19
3 21 2533 2530
3 2530 2533 2529
3 2533 2534 2529
3 2528 2531 2527
3 2531 2689 2527
3 4979 3897 4008
3 2664 2522 2527
3 2522 14 2527
3 4987 5251 141
3 152 4008 2530
3 152 91 4008
3 2664 3901 141
3 2664 2660 3901
3 4009 617 4941
3 617 4009 4010
3 630 4010 4009
3 3784 4012 606
3 606 4012 4703
3 4012 3750 4703
3 3750 4704 4703
3 630 3748 4010
3 3748 4011 4010
3 617 4010 3750
3 3750 4010 3749
3 4010 4942 3749
3 617 4012 3720
3 3720 4012 3784
3 617 3750 4012
3 3816 4013 3782
3 3782 4013 691
3 4013 643 691
3 3777 3776 693
3 3692 4014 3776
3 3776 4014 693
3 3692 3705 4014
3 3777 693 4015
3 4015 693 4017
3 3676 4719 590
3 590 4719 4016
3 4020 4705 602
3 591 4018 4705
3 4705 4018 602
3 591 603 4018
3 627 4019 601
3 601 4019 4706
3 597 4020 4019
3 4019 4020 4706
3 627 601 4021
3 4716 4707 3685
3 4716 3677 4707
3 3677 589 4707
3 596 3693 3683
3 3693 596 4708
3 596 3685 4708
3 3685 4707 4708
3 599 4022 3698
3 3698 4022 4709
3 3775 4023 4022
3 4022 4023 4709
3 3706 4024 600
3 600 4024 4025
3 3816 4025 4024
3 3816 694 4025
3 607 4711 694
3 695 4026 4058
3 4058 4026 696
3 4027 4203 695
3 4203 4027 4202
3 4748 4028 4027
3 4027 4028 4202
3 4748 4029 4028
3 698 4030 751
3 751 4030 4031
3 698 4051 4030
3 4032 4753 4033
3 4034 4751 4035
3 4751 4034 4750
3 4034 4255 4750
3 4255 709 4750
3 4036 712 4037
3 4038 702 4209
3 702 4038 4039
3 4038 701 4039
3 701 4037 4039
3 628 703 4040
3 4041 4061 4042
3 4050 4067 4041
3 3682 4043 4044
3 4044 4045 4741
3 4749 4046 4045
3 4045 4046 4741
3 4049 4047 4752
3 4057 4742 706
3 4742 705 706
3 645 4049 4048
3 4749 4045 4030
3 4045 4033 4030
3 4041 4042 4050
3 4042 697 4050
3 697 4042 4051
3 4735 4052 4734
3 4052 707 4734
3 4053 707 4054
3 4055 696 4056
3 696 4055 4754
3 4055 4201 4754
3 4201 706 4754
3 708 4053 702
3 4053 4054 702
3 702 4054 4057
3 4054 4742 4057
3 695 4058 4059
3 696 4743 4058
3 4754 4743 696
3 4743 4754 4060
3 4754 705 4060
3 705 4052 4060
3 4061 594 4046
3 710 4062 4744
3 4744 4062 4063
3 4062 709 4063
3 711 712 4064
3 4065 710 4066
3 713 760 700
3 760 4035 700
3 700 4035 4751
3 628 3746 703
3 703 3746 4746
3 3670 4067 3746
3 3746 4067 4746
3 4068 712 711
3 712 4068 4069
3 4068 4736 4069
3 4736 708 4069
3 4093 4072 714
3 4133 4071 715
3 4083 4071 716
3 4072 718 714
3 720 4074 4073
3 4074 719 4073
3 719 4074 4075
3 4074 721 4075
3 721 4076 4597
3 4076 4245 4597
3 4245 722 4597
3 4180 4392 4393
3 4180 723 4392
3 723 724 4392
3 725 4077 726
3 4078 746 4079
3 4599 4080 729
3 729 4080 4595
3 4080 728 4595
3 728 4523 4595
3 754 4081 730
3 732 4082 731
3 733 734 4082
3 734 4083 4605
3 4083 4084 4605
3 4084 735 4605
3 4083 716 4084
3 716 4085 4084
3 4085 735 4084
3 735 4085 4086
3 754 4087 4136
3 4136 4087 736
3 754 730 4087
3 4092 4089 4090
3 4089 743 4090
3 738 4092 4090
3 4229 4186 4138
3 4072 4093 4107
3 4093 4592 4107
3 739 4094 4217
3 740 4095 4096
3 742 4097 741
3 4116 4228 4089
3 4089 4228 743
3 4116 4145 4228
3 4090 4099 4100
3 4099 4613 4100
3 4090 743 4099
3 735 4102 4101
3 4101 4102 4103
3 4102 745 4103
3 735 4086 4102
3 4104 732 731
3 732 4104 4132
3 4606 4105 4104
3 4104 4105 4132
3 4106 740 4096
3 720 4073 4593
3 717 4107 4073
3 4073 4107 4593
3 717 4072 4107
3 727 740 4078
3 740 746 4078
3 790 4108 4109
3 4108 4584 4109
3 4584 4111 4109
3 4584 4110 4111
3 747 4581 4112
3 4112 4581 4113
3 4581 4582 4113
3 4114 4599 4115
3 4599 4114 4080
3 4114 748 4080
3 748 728 4080
3 811 4117 4116
3 4116 4117 4118
3 4118 4145 4116
3 4118 4117 4145
3 4081 4215 4590
3 4590 4215 4119
3 797 4119 4215
3 4120 715 4121
3 715 4120 4199
3 4591 4122 4120
3 4120 4122 4199
3 715 4071 4121
3 4121 4071 4604
3 4071 734 4604
3 734 4071 4083
3 4081 4268 730
3 4268 749 730
3 749 4269 4123
3 4269 4270 4123
3 4123 4124 749
3 730 749 4124
3 730 4124 4087
3 4124 4128 4087
3 4128 736 4087
3 736 4128 4129
3 4270 4125 4123
3 4123 4125 4127
3 4125 4206 4127
3 4206 4126 4127
3 4123 4127 4124
3 4126 4124 4127
3 4128 812 4129
3 4124 4126 4128
3 4207 743 713
3 743 4207 4612
3 4207 750 4612
3 4130 751 4227
3 732 4132 4131
3 4131 4132 4105
3 4519 4133 4134
3 4517 4134 4616
3 721 4135 753
3 721 4594 4135
3 4135 4594 752
3 736 4137 4136
3 755 4094 4106
3 4220 4138 4139
3 757 4313 4314
3 741 4097 4402
3 4097 4140 4402
3 724 4141 758
3 758 4141 4162
3 724 4142 4141
3 744 4234 4144
3 4144 4234 747
3 747 4143 4144
3 744 4144 798
3 4229 4138 4164
3 760 4145 4146
3 4145 4117 4146
3 740 4163 4095
3 4147 4142 4148
3 722 4245 4147
3 740 727 4163
3 727 4251 4163
3 752 4149 4218
3 4149 4217 4218
3 4149 739 4217
3 762 4150 4274
3 761 4151 4150
3 4150 4151 4274
3 4151 866 4274
3 4156 766 783
3 766 4156 4316
3 4156 782 4316
3 782 765 4316
3 4175 725 4611
3 725 767 4237
3 725 4157 767
3 767 4157 4586
3 744 4610 4098
3 4098 4610 4158
3 4610 4171 4158
3 744 798 4610
3 4221 4159 4161
3 4159 4160 4161
3 4160 768 4161
3 768 4160 4162
3 4160 758 4162
3 4251 769 4163
3 4164 4138 4165
3 806 4163 4589
3 4198 770 4167
3 4273 4277 4315
3 4277 4168 4315
3 4165 4169 4164
3 4170 773 4453
3 4170 772 773
3 724 723 4142
3 4142 723 4148
3 4158 4171 4237
3 4171 4611 4237
3 4611 725 4237
3 744 4172 891
3 4480 4172 4158
3 744 4098 4172
3 4172 4098 4158
3 775 4157 726
3 4157 725 726
3 4077 725 4175
3 4175 774 4077
3 776 4077 4174
3 774 4174 4077
3 774 4175 4173
3 4611 4173 4175
3 4613 4614 4100
3 4100 4614 4173
3 4614 774 4173
3 750 4256 4614
3 4614 4256 779
3 4246 4178 771
3 4181 4178 4180
3 4246 4179 4178
3 4178 4179 4180
3 4180 4393 4181
3 4179 723 4180
3 724 781 4392
3 724 758 781
3 781 758 4182
3 783 4184 4156
3 4184 782 4156
3 4179 4148 723
3 4185 756 4186
3 4187 4260 784
3 4246 4167 785
3 785 4167 770
3 4246 771 4167
3 4601 4189 786
3 786 4189 785
3 4148 785 4189
3 4191 4192 4607
3 4192 4105 4607
3 4105 4606 4607
3 4191 4196 4192
3 787 4194 4224
3 4224 4194 785
3 4194 786 785
3 787 4193 4194
3 737 4088 788
3 4168 4301 4088
3 4088 4301 788
3 4168 4195 4301
3 789 4196 4197
3 4197 4196 4191
3 789 4197 4198
3 4199 4133 715
3 4200 769 4251
3 4109 4111 4603
3 4056 4249 4055
3 4055 4249 4201
3 4249 791 4201
3 4056 789 4249
3 4105 4202 4028
3 4105 4192 4202
3 4202 4192 4203
3 4192 4196 4203
3 751 4204 698
3 751 4130 4204
3 4204 4130 697
3 4130 732 697
3 4205 4125 4031
3 4205 4206 4125
3 4228 760 713
3 750 4207 701
3 780 4177 4208
3 4208 4177 4755
3 779 4209 4177
3 4177 4209 4755
3 791 4238 4201
3 780 4208 4238
3 4238 4208 4201
3 4056 4210 789
3 789 4210 4196
3 4210 4203 4196
3 4105 4028 4131
3 732 4131 697
3 4028 4029 4131
3 4131 4029 697
3 4164 4169 792
3 792 4169 788
3 737 788 4169
3 793 4212 4211
3 4211 4212 741
3 4212 742 741
3 793 4213 4212
3 794 716 4615
3 4519 4615 4133
3 795 745 4214
3 754 4216 4081
3 797 4215 4216
3 4216 4215 4081
3 4608 4144 4143
3 4608 4609 4144
3 4144 4609 798
3 4094 755 4166
3 755 4314 4166
3 763 4217 4154
3 4094 4166 4217
3 4217 4166 4154
3 764 752 4155
3 752 4218 4155
3 4218 763 4155
3 763 4218 4217
3 764 4219 752
3 752 4219 4135
3 4219 753 4135
3 753 4219 4220
3 753 4220 4244
3 4220 4312 4244
3 4312 799 4244
3 4317 778 805
3 778 4317 4185
3 4317 756 4185
3 4243 4221 4222
3 765 4222 4316
3 4221 4161 4222
3 4222 4161 4316
3 4161 768 4316
3 719 4223 802
3 4224 785 770
3 4096 4095 4231
3 4153 4318 4241
3 4241 4318 782
3 4318 765 782
3 4153 757 4318
3 4106 4096 4265
3 775 4225 803
3 804 4225 781
3 4097 4260 4096
3 4096 4260 4265
3 4226 736 4129
3 736 4226 4257
3 4226 4117 4257
3 4270 4227 4125
3 751 4031 4227
3 4227 4031 4125
3 760 4228 4145
3 713 743 4228
3 4229 4282 4186
3 4282 815 4186
3 4141 4230 805
3 805 4230 4317
3 4230 799 4317
3 4140 759 806
3 4140 4097 759
3 4231 4097 4096
3 803 4232 775
3 4232 807 775
3 803 4233 4232
3 4233 838 4232
3 4315 4168 4088
3 4138 4186 4139
3 4186 756 4139
3 4234 808 747
3 744 891 4234
3 759 4097 4231
3 793 4235 4213
3 838 4235 4232
3 793 4236 4235
3 4235 4236 4232
3 4236 807 4232
3 4158 4237 4578
3 4578 4237 767
3 4168 4277 4195
3 809 4302 4277
3 4277 4302 4195
3 783 814 4184
3 814 4284 4184
3 4184 4284 4239
3 4183 782 4239
3 782 4183 4241
3 817 4153 4183
3 4183 4153 4241
3 765 4242 4222
3 4242 4243 4222
3 757 4187 4242
3 4242 4187 4243
3 4187 784 4243
3 721 753 4076
3 753 4244 4076
3 4244 4245 4076
3 4244 799 4245
3 4246 4148 4179
3 4148 4246 785
3 810 4176 778
3 783 4176 814
3 4176 810 814
3 799 4230 4245
3 4245 4230 4147
3 4141 4142 4230
3 4230 4142 4147
3 4608 4248 4247
3 4247 4248 790
3 4608 4143 4248
3 4164 792 4229
3 4089 4250 4116
3 4116 4250 811
3 4089 4092 4250
3 4092 738 4250
3 4049 4252 4047
3 787 4190 4193
3 4103 4253 4190
3 4190 4253 4193
3 4103 745 4253
3 4126 4254 4128
3 4254 812 4128
3 4146 4035 760
3 4035 4146 4034
3 4146 4255 4034
3 779 4256 4209
3 4209 4256 4038
3 750 701 4256
3 4256 701 4038
3 736 4247 4137
3 736 4257 4247
3 4247 4257 811
3 796 4085 794
3 794 4085 716
3 4251 727 4078
3 4115 4258 4114
3 4258 748 4114
3 4600 4259 4258
3 4260 813 784
3 757 4314 4187
3 4314 4260 4187
3 4314 755 4260
3 761 4150 4261
3 4261 4150 4262
3 4150 762 4262
3 807 4264 4263
3 755 4265 4260
3 755 4106 4265
3 768 4266 766
3 768 4267 4266
3 4266 4267 805
3 4141 4267 4162
3 4267 768 4162
3 4141 805 4267
3 815 4281 4186
3 4186 4281 4185
3 810 778 4281
3 4281 778 4185
3 764 4165 4219
3 4165 4220 4219
3 4220 4165 4138
3 4081 4590 4268
3 749 4268 4269
3 4590 4271 4268
3 4268 4271 4269
3 4271 733 4269
3 733 4270 4269
3 733 4227 4270
3 4271 734 733
3 4600 4272 4259
3 745 795 4272
3 4148 4189 4147
3 4189 4601 4147
3 4601 722 4147
3 782 4184 4239
3 4163 759 4095
3 759 4231 4095
3 817 4240 4153
3 4153 4240 4152
3 809 4273 4240
3 4240 4273 4152
3 772 4274 773
3 773 4274 4275
3 4274 866 4275
3 772 762 4274
3 645 4276 4049
3 593 4063 4276
3 4117 811 4257
3 809 4277 4273
3 4117 4226 4146
3 4129 812 4226
3 4146 4226 4255
3 812 4278 4226
3 4226 4278 4255
3 733 4082 4227
3 732 4130 4082
3 4082 4130 4227
3 807 4279 4264
3 807 4236 4279
3 810 4280 814
3 4229 792 816
3 4239 4284 4298
3 4239 4298 4183
3 4298 4283 4183
3 4283 817 4183
3 817 4303 4240
3 818 809 4303
3 4303 809 4240
3 4284 814 4297
3 822 4285 819
3 819 4285 4290
3 820 821 4286
3 820 4286 4280
3 822 4289 4285
3 820 4289 821
3 4289 822 821
3 4287 822 4288
3 822 4287 821
3 822 819 4288
3 4289 815 4285
3 815 4289 4281
3 4289 820 4281
3 820 810 4281
3 815 4290 4285
3 815 4282 4290
3 4290 4282 4229
3 4290 4229 4291
3 4291 4292 4290
3 819 4290 4292
3 814 4280 4297
3 4280 810 820
3 819 4292 4288
3 4292 4294 4288
3 823 4293 4291
3 4291 4293 4292
3 4293 4294 4292
3 823 4295 4293
3 4295 824 4293
3 4310 4294 824
3 4294 4293 824
3 4229 816 4291
3 4291 816 823
3 4294 4296 4288
3 4288 4296 4287
3 4296 4309 4287
3 4280 4286 4297
3 4286 4300 4297
3 4297 4298 4284
3 4297 4299 4298
3 4298 4299 825
3 4299 4297 4300
3 4300 4286 827
3 788 816 792
3 809 818 4302
3 4301 4295 788
3 4295 4301 828
3 4301 4195 828
3 828 824 4295
3 824 828 829
3 4302 828 4195
3 4295 823 788
3 788 823 816
3 4303 817 825
3 817 4283 825
3 4283 4298 825
3 4304 4303 825
3 4304 818 4303
3 4307 4305 4304
3 818 4306 4302
3 4302 4306 828
3 4306 829 828
3 818 4304 4306
3 4305 4306 4304
3 4299 826 825
3 825 826 4304
3 826 4307 4304
3 4307 826 831
3 826 830 831
3 4305 4307 831
3 4308 831 4309
3 831 830 4309
3 827 4309 830
3 827 4311 4309
3 4311 4287 4309
3 4300 826 4299
3 826 4300 830
3 4300 827 830
3 829 4310 824
3 4310 829 4308
3 831 4308 4305
3 4305 4308 4306
3 4308 829 4306
3 4294 4310 4296
3 4310 4308 4296
3 4308 4309 4296
3 821 4287 827
3 4287 4311 827
3 827 4286 821
3 799 4312 756
3 756 4312 4139
3 4312 4220 4139
3 4313 4273 4314
3 4273 4313 4152
3 757 4153 4313
3 4313 4153 4152
3 763 4154 737
3 737 4154 4088
3 4154 4315 4088
3 4154 4166 4315
3 763 737 4155
3 737 4169 4155
3 4155 4169 764
3 4169 4165 764
3 4316 768 766
3 4273 4315 4314
3 4315 4166 4314
3 799 756 4317
3 765 4318 4242
3 4318 757 4242
3 778 4266 805
3 766 4266 783
3 778 4176 4266
3 4266 4176 783
3 4319 4331 840
3 844 833 835
3 844 4341 833
3 834 4320 833
3 4320 835 833
3 4213 4321 4212
3 4212 4321 742
3 4321 4386 742
3 4213 4322 4321
3 813 4387 784
3 4387 4388 784
3 4243 4324 4391
3 4391 4324 4325
3 4324 4388 4325
3 4324 4243 4388
3 4243 784 4388
3 838 4335 842
3 838 4233 4335
3 4335 4233 841
3 4233 839 841
3 832 4342 4323
3 813 4326 4386
3 4386 4326 742
3 4319 4334 4327
3 4342 4328 4323
3 4348 4349 842
3 841 4338 843
3 841 4329 4338
3 4338 4329 4337
3 4331 4319 4371
3 4319 4330 4371
3 4346 4331 4368
3 4331 4371 4368
3 4341 834 833
3 834 4341 4332
3 4341 4337 4332
3 4337 4339 4332
3 836 4390 4333
3 4333 4390 842
3 4390 838 842
3 836 4322 4390
3 840 4331 4328
3 4331 4323 4328
3 844 835 4358
3 835 832 4358
3 832 4359 4358
3 4334 4319 840
3 4319 4327 4330
3 4330 4327 4372
3 4327 845 4372
3 845 4336 4372
3 4345 4335 843
3 4345 4348 4335
3 4335 4348 842
3 4350 4333 4349
3 4349 4333 842
3 4350 836 4333
3 845 4350 4336
3 849 4338 4337
3 4338 4345 843
3 4323 4359 832
3 4359 4323 4347
3 4323 4331 4347
3 4331 4346 4347
3 804 4339 4225
3 4339 4340 4225
3 4340 803 4225
3 803 4340 839
3 4341 849 4337
3 849 4341 4357
3 4341 844 4357
3 4391 4342 4343
3 4342 832 4343
3 4343 832 4320
3 832 835 4320
3 4335 841 843
3 4350 845 836
3 845 4344 836
3 845 837 4344
3 845 4327 837
3 849 4345 4338
3 4349 4373 4350
3 4373 4336 4350
3 4348 4345 4351
3 4360 4356 4352
3 4353 4360 4352
3 4352 847 4353
3 847 4384 4354
3 847 4355 4384
3 4356 4355 4352
3 4355 847 4352
3 849 4357 847
3 847 4357 4353
3 844 4353 4357
3 844 4358 4353
3 4353 4358 4360
3 4360 4358 4361
3 4358 4359 4361
3 4351 4354 4370
3 849 847 4351
3 4351 847 4354
3 4351 4345 849
3 848 4364 4365
3 4363 4364 4361
3 848 4356 4364
3 4364 4356 4361
3 4356 4360 4361
3 4362 4363 4361
3 4364 4367 4365
3 4362 4366 4363
3 4363 4366 4367
3 4362 4368 4366
3 4366 4368 850
3 4362 4346 4368
3 4363 4367 4364
3 4361 4347 4362
3 4347 4346 4362
3 4361 4359 4347
3 851 4369 4383
3 4383 4369 4365
3 4369 848 4365
3 4369 4356 848
3 4356 4369 852
3 4369 851 852
3 4354 4384 4370
3 853 4370 4384
3 4351 4370 4348
3 4370 853 4348
3 855 853 4384
3 851 4379 852
3 4379 855 852
3 4379 4380 855
3 4336 846 4372
3 4330 850 4371
3 850 4330 856
3 850 4368 4371
3 4336 4373 846
3 4373 4349 857
3 4348 853 4349
3 4349 853 857
3 857 4377 4373
3 4377 846 4373
3 4377 857 4376
3 846 4374 4372
3 4372 4374 4330
3 4374 856 4330
3 846 4377 4374
3 853 854 857
3 854 4376 857
3 4382 4376 4380
3 4376 854 4380
3 4382 4377 4376
3 4378 4382 4380
3 4382 4378 4375
3 851 4383 4378
3 4378 4383 4375
3 851 4378 4379
3 4379 4378 4380
3 855 4380 853
3 4380 854 853
3 850 856 4366
3 856 4381 4366
3 856 4374 4381
3 4367 4366 4381
3 4375 4381 4382
3 4374 4382 4381
3 4382 4374 4377
3 4375 4383 4381
3 4383 4367 4381
3 4367 4383 4365
3 4356 852 4355
3 855 4384 852
3 852 4384 4355
3 4159 4385 834
3 834 4385 4320
3 4159 4221 4385
3 4322 4344 4321
3 4321 4344 4386
3 4344 837 4386
3 4322 836 4344
3 4334 4388 4387
3 4334 840 4388
3 840 4325 4388
3 4391 4325 4342
3 840 4328 4325
3 4325 4328 4342
3 4233 803 839
3 813 4386 4387
3 4386 4334 4387
3 4334 4386 4327
3 4386 837 4327
3 4159 834 4389
3 834 4332 4389
3 4332 804 4389
3 804 4332 4339
3 838 4390 4235
3 4390 4322 4235
3 4322 4213 4235
3 4339 4337 4340
3 4337 4329 4340
3 4329 839 4340
3 839 4329 841
3 4320 4385 4343
3 4221 4391 4385
3 4385 4391 4343
3 4221 4243 4391
3 4182 804 781
3 804 4182 4389
3 758 4160 4182
3 4182 4160 4389
3 4160 4159 4389
3 781 4225 4392
3 4392 4225 726
3 4225 775 726
3 726 4393 4392
3 726 4077 4393
3 4077 776 4393
3 4393 776 4181
3 4394 859 4395
3 4415 862 4396
3 4412 4397 861
3 4415 4397 862
3 862 4452 4396
3 862 4398 4452
3 741 4402 865
3 865 4402 4401
3 4402 864 4401
3 4403 865 4455
3 793 4211 4403
3 4403 4211 865
3 4211 741 865
3 868 866 4404
3 4406 4399 4405
3 4399 860 4405
3 860 4396 4405
3 4454 858 4406
3 883 4409 4408
3 867 4410 4404
3 4404 4410 868
3 4412 861 4407
3 861 867 4407
3 867 861 869
3 4412 4411 4397
3 4397 4411 862
3 858 4440 870
3 4441 4440 4395
3 858 4394 4440
3 4440 4394 4395
3 4399 4414 875
3 875 4414 870
3 858 870 4414
3 4398 862 4411
3 4417 866 868
3 863 4413 4417
3 4399 4406 4414
3 4414 4406 858
3 860 871 4396
3 4396 871 4415
3 871 874 4415
3 859 4394 4454
3 4454 4394 858
3 872 4416 4395
3 4416 4441 4395
3 872 876 4416
3 873 4410 869
3 4408 4410 4424
3 873 4424 4410
3 4408 4409 868
3 876 872 4423
3 872 4409 4423
3 4409 883 4423
3 863 4417 4409
3 4417 868 4409
3 861 873 869
3 873 861 4422
3 861 4418 4422
3 4399 875 860
3 875 871 860
3 4412 4456 4419
3 867 761 4456
3 874 4420 4415
3 4415 4420 4397
3 4420 4418 4397
3 4418 861 4397
3 4405 4452 4455
3 4452 4405 4396
3 4408 868 4410
3 4410 867 869
3 872 863 4409
3 863 872 4400
3 872 4421 4400
3 859 4421 4395
3 872 4395 4421
3 4424 873 878
3 4428 4426 4425
3 878 4422 4427
3 877 4427 4422
3 4430 4451 4425
3 877 4428 4451
3 4451 4428 4425
3 877 4420 4428
3 4428 4420 4426
3 4420 874 4426
3 877 4418 4420
3 4426 874 4425
3 874 4429 4425
3 874 871 4429
3 879 4430 4429
3 4429 4430 4425
3 873 4422 878
3 4422 4418 877
3 4430 4449 4431
3 4449 4430 879
3 880 879 4429
3 4449 879 4432
3 879 880 4432
3 880 881 4432
3 875 870 880
3 880 870 881
3 4449 4432 881
3 871 875 4429
3 4429 875 880
3 882 4433 4450
3 4433 4449 4450
3 4449 4433 4431
3 4431 4433 4438
3 4433 882 4438
3 4427 4434 878
3 4434 4435 878
3 878 4435 4424
3 4435 4434 4436
3 4427 4437 4434
3 882 4439 4438
3 4439 4437 4438
3 870 4440 881
3 4441 4447 4440
3 4440 4447 881
3 4441 4444 4447
3 876 4423 4442
3 4423 883 4442
3 883 4408 4435
3 4408 4424 4435
3 884 876 4442
3 884 4442 4443
3 4442 883 4443
3 4416 4444 4441
3 876 884 4416
3 4416 884 4444
3 4435 4443 883
3 4435 4436 4443
3 885 4443 4436
3 885 4445 4443
3 4445 884 4443
3 885 4446 4445
3 4445 4446 886
3 4446 4450 886
3 4437 4446 885
3 4437 4439 4446
3 4446 4439 4450
3 4439 882 4450
3 4437 885 4434
3 885 4436 4434
3 4444 4448 4447
3 4449 881 4448
3 4448 881 4447
3 4448 4445 886
3 4448 4444 4445
3 4444 884 4445
3 886 4449 4448
3 886 4450 4449
3 4431 4451 4430
3 877 4451 4438
3 4431 4438 4451
3 877 4438 4427
3 4438 4437 4427
3 4236 4452 4279
3 4452 4398 4279
3 4398 4264 4279
3 4577 4421 4453
3 4421 4577 4400
3 4577 4413 4400
3 4413 863 4400
3 865 4401 4454
3 4401 859 4454
3 859 4401 864
3 865 4454 4455
3 4454 4406 4455
3 4455 4406 4405
3 866 4151 4404
3 761 867 4151
3 4151 867 4404
3 4421 864 4453
3 4421 859 864
3 4412 4263 4411
3 4411 4263 4398
3 4263 4264 4398
3 4412 4419 4263
3 4413 4275 4417
3 4417 4275 866
3 4413 773 4275
3 867 4456 4407
3 4456 4412 4407
3 793 4403 4236
3 4236 4403 4452
3 4403 4455 4452
3 887 4475 892
3 888 4457 4509
3 4509 4457 4508
3 4474 4458 4457
3 4457 4458 4508
3 4476 4459 4583
3 4476 4510 4459
3 4460 888 4466
3 4511 4463 4462
3 4463 890 4462
3 4481 4513 4511
3 772 4464 4513
3 4513 4464 4511
3 4511 4464 4463
3 772 4465 4464
3 4464 4465 4463
3 893 4477 4588
3 4588 891 894
3 890 4510 4462
3 900 4471 893
3 4461 4471 898
3 4471 900 898
3 894 4472 4588
3 4472 893 4588
3 4475 887 4498
3 887 908 4498
3 4460 4475 4497
3 4475 4498 4497
3 4474 4473 4458
3 889 4512 4473
3 4473 4512 4458
3 889 4480 4512
3 4461 4476 4471
3 893 4471 4477
3 4476 4477 4471
3 892 4475 4469
3 4475 4466 4469
3 4466 4475 4460
3 4479 4483 888
3 888 4483 4457
3 4483 897 4457
3 897 4474 4457
3 4468 887 892
3 4478 908 887
3 908 4478 899
3 896 4484 894
3 894 4484 4472
3 4484 893 4472
3 4484 900 893
3 4500 4461 898
3 899 4478 4500
3 895 4470 889
3 4470 896 894
3 4460 4479 888
3 4460 4497 4479
3 4482 4474 897
3 4474 4482 4473
3 895 889 4482
3 4482 889 4473
3 4481 4466 4509
3 4466 888 4509
3 4478 4467 4500
3 4467 4461 4500
3 887 4468 4478
3 4468 4467 4478
3 895 4489 4470
3 4489 896 4470
3 896 4495 4484
3 4484 4495 900
3 896 4493 4495
3 4486 897 4487
3 902 895 4486
3 902 4489 895
3 902 4485 4489
3 4489 4485 4493
3 901 4486 4487
3 897 4486 4482
3 4486 895 4482
3 4488 4487 4479
3 897 4483 4487
3 4487 4483 4479
3 901 4487 4488
3 896 4489 4493
3 4506 4490 903
3 4490 901 903
3 903 901 4488
3 903 4488 4504
3 4488 4491 4504
3 4488 4497 4491
3 903 4504 4506
3 4488 4479 4497
3 905 4492 904
3 904 4492 4506
3 4506 4492 4490
3 4490 4492 4507
3 4492 905 4507
3 4485 4494 4493
3 4494 4495 4493
3 906 900 4495
3 906 4495 907
3 4495 4494 907
3 4494 4485 4496
3 905 4485 4507
3 4485 905 4496
3 4491 4498 4499
3 4499 4498 908
3 4491 4497 4498
3 898 900 909
3 900 906 909
3 898 909 4500
3 909 4502 4500
3 4502 899 4500
3 4501 910 909
3 910 4502 909
3 899 4502 908
3 4502 4499 908
3 4502 910 4499
3 909 906 4501
3 906 907 4501
3 4503 911 907
3 911 4501 907
3 911 910 4501
3 4503 904 911
3 4496 904 4503
3 4496 905 904
3 907 4494 4503
3 4494 4496 4503
3 910 4504 4499
3 4504 4491 4499
3 910 4505 4504
3 4505 910 911
3 4506 4505 911
3 4506 4504 4505
3 911 904 4506
3 4490 4507 901
3 901 4507 4486
3 4507 902 4486
3 902 4507 4485
3 4508 762 4509
3 762 4508 4262
3 4508 4458 4262
3 4476 4461 4510
3 4461 4467 4510
3 892 4462 4468
3 4468 4462 4467
3 892 4511 4462
3 892 4469 4511
3 4511 4469 4481
3 4469 4466 4481
3 4477 4476 4583
3 4467 4462 4510
3 4512 4262 4458
3 4262 4512 4578
3 4512 4480 4578
3 889 4172 4480
3 891 4172 894
3 889 4470 4172
3 4172 4470 894
3 762 4513 4509
3 4509 4513 4481
3 762 772 4513
3 4514 728 748
3 728 4514 912
3 4530 4515 4514
3 4514 4515 912
3 4558 4516 801
3 4558 4559 4516
3 4516 4559 4517
3 4559 913 4517
3 913 4518 4517
3 4517 4518 4134
3 4518 4519 4134
3 796 794 914
3 914 794 4528
3 794 4520 4528
3 4521 4522 4523
3 4522 801 4523
3 4522 4558 801
3 4259 4526 4258
3 4526 748 4258
3 748 4526 4514
3 4526 4529 4514
3 4529 4530 4514
3 912 4523 728
3 4523 912 4521
3 912 916 4521
3 795 4525 4272
3 4526 4259 4525
3 4525 4259 4272
3 794 4615 4520
3 4519 4524 4615
3 4615 4524 4520
3 4519 4518 4524
3 4527 796 914
3 796 4527 4214
3 4527 795 4214
3 4525 915 4526
3 4518 4548 4524
3 915 4529 4526
3 912 4515 916
3 4521 916 917
3 916 4564 917
3 4529 918 4530
3 918 4529 4553
3 4529 915 4553
3 915 4552 4553
3 4531 4532 4533
3 4533 4532 4537
3 919 4536 4534
3 4536 4537 4534
3 919 4557 4541
3 4541 4557 4535
3 4557 920 4535
3 4532 4534 4537
3 4532 4551 4534
3 4542 4532 4531
3 4536 914 4537
3 914 4536 4527
3 4536 919 4527
3 919 795 4527
3 4520 4538 4528
3 914 4528 4537
3 4528 4538 4537
3 4537 4538 4533
3 4538 4539 4533
3 4533 4540 4531
3 4533 4539 4540
3 4535 4552 4541
3 4552 915 4541
3 915 4525 4541
3 4541 4525 919
3 4525 795 919
3 4531 4545 4542
3 4531 4540 4545
3 922 4544 921
3 921 4544 4543
3 4544 4539 4543
3 4539 4544 4540
3 922 4540 4544
3 4540 922 4545
3 4575 4545 922
3 922 4546 4575
3 922 921 4546
3 4546 4547 4560
3 4548 4547 921
3 4546 921 4547
3 921 4543 4548
3 4543 4538 4548
3 4538 4543 4539
3 4520 4548 4538
3 4520 4524 4548
3 4550 923 4549
3 923 4550 4576
3 4550 4542 4576
3 4542 4545 4576
3 4542 4550 4532
3 4532 4550 4551
3 4549 4551 4550
3 4553 4552 920
3 920 4552 4535
3 4553 920 925
3 925 920 4555
3 920 924 4555
3 926 918 4553
3 4554 4553 925
3 4554 926 4553
3 925 4555 4573
3 4573 4555 4556
3 924 4556 4555
3 4549 4556 4551
3 4556 924 4551
3 4557 924 920
3 919 4534 4557
3 4557 4534 924
3 4534 4551 924
3 913 4561 4518
3 4561 4548 4518
3 927 4558 4563
3 4558 4522 4563
3 4563 4522 917
3 4522 4521 917
3 927 4559 4558
3 927 4560 4559
3 4559 4560 913
3 4560 4561 913
3 4560 927 4562
3 4546 4560 4562
3 4562 927 4568
3 4560 4547 4561
3 4561 4547 4548
3 4564 916 4565
3 4530 918 4515
3 918 916 4515
3 916 918 4565
3 928 4565 926
3 926 4565 918
3 917 4564 4566
3 4565 4566 4564
3 4565 928 4566
3 928 4567 4566
3 4567 929 4566
3 4568 917 4566
3 917 4568 4563
3 4568 927 4563
3 4566 929 4568
3 928 926 4554
3 4567 928 4571
3 4554 4569 928
3 928 4569 4571
3 4571 929 4567
3 923 4570 4572
3 4570 4569 4572
3 4569 4570 4571
3 923 4572 4549
3 4549 4572 4556
3 4572 4573 4556
3 4572 4569 4573
3 925 4573 4554
3 4554 4573 4569
3 4546 4562 4568
3 4568 4574 4546
3 4575 4546 4574
3 4571 4574 929
3 4574 4568 929
3 4571 4570 4574
3 923 4575 4570
3 4570 4575 4574
3 923 4576 4575
3 4575 4576 4545
3 776 4174 4181
3 777 4181 4174
3 777 4188 4181
3 4181 4188 4178
3 4188 771 4178
3 773 4577 4453
3 773 4413 4577
3 742 4326 4097
3 813 4260 4326
3 4326 4260 4097
3 807 4263 775
3 4263 4419 775
3 775 4419 4157
3 4262 4578 4261
3 4578 767 4261
3 4480 4158 4578
3 4402 4579 864
3 4579 4453 864
3 4579 4170 4453
3 4140 4579 4402
3 4140 4580 4579
3 4579 4580 4170
3 4163 806 759
3 808 4581 747
3 808 4583 4581
3 4581 4583 4582
3 4583 4459 4582
3 4587 4510 890
3 4459 4510 4582
3 4587 4585 4510
3 4510 4585 4582
3 4587 4584 4585
3 4582 4585 4113
3 747 4112 4143
3 4584 4108 4585
3 4108 4113 4585
3 4587 4110 4584
3 769 4110 4587
3 772 4170 4465
3 4580 4465 4170
3 769 4589 4163
3 790 4113 4108
3 790 4248 4113
3 4113 4248 4112
3 4248 4143 4112
3 767 4586 4261
3 4586 761 4261
3 761 4586 4456
3 4157 4419 4586
3 4586 4419 4456
3 4580 806 4587
3 4580 4140 806
3 4587 890 4580
3 890 4465 4580
3 4465 890 4463
3 4477 4234 4588
3 4588 4234 891
3 4583 808 4477
3 4477 808 4234
3 806 4589 4587
3 4589 769 4587
3 4111 4110 769
3 4111 769 4200
3 714 746 4093
3 4079 746 4070
3 746 714 4070
3 4119 4121 4590
3 4121 4119 4120
3 800 4591 4119
3 4119 4591 4120
3 740 4106 746
3 4093 746 4592
3 4106 4592 746
3 4107 4592 739
3 4106 4094 4592
3 4592 4094 739
3 4107 739 4593
3 739 4149 4593
3 4593 4149 720
3 4149 752 720
3 752 4594 720
3 720 4594 4074
3 4594 721 4074
3 729 4595 4596
3 4595 719 4596
3 719 4595 4223
3 4595 4523 4223
3 4523 801 4223
3 729 4598 4597
3 4598 721 4597
3 721 4598 4075
3 729 4596 4598
3 4598 4596 4075
3 4596 719 4075
3 722 4599 4597
3 4597 4599 729
3 722 4601 4599
3 4115 4601 4600
3 4600 4601 786
3 4115 4599 4601
3 4115 4600 4258
3 4193 4600 4194
3 4600 786 4194
3 745 4272 4253
3 4272 4600 4253
3 4600 4193 4253
3 796 4214 4086
3 745 4102 4214
3 4214 4102 4086
3 796 4086 4085
3 802 4223 4602
3 801 4602 4223
3 801 4516 4602
3 4602 4516 4616
3 4516 4517 4616
3 714 718 4122
3 4122 718 4199
3 714 4122 4070
3 4070 4122 4591
3 4070 4591 4079
3 4079 4591 800
3 4079 800 4078
3 800 4119 4078
3 4119 4251 4078
3 4251 4119 797
3 797 4200 4251
3 4200 797 4111
3 797 4216 4111
3 4216 4603 4111
3 4216 754 4603
3 754 4109 4603
3 790 4109 4137
3 754 4136 4109
3 4109 4136 4137
3 4121 4604 4590
3 4590 4604 4271
3 4604 734 4271
3 734 4605 4082
3 4605 735 4082
3 735 731 4082
3 731 4101 4104
3 4104 4101 4606
3 4101 4103 4606
3 731 735 4101
3 4191 4607 787
3 787 4607 4190
3 4607 4606 4190
3 4606 4103 4190
3 4197 770 4198
3 770 4197 4224
3 4191 787 4197
3 4197 787 4224
3 4247 811 4608
3 790 4137 4247
3 798 4609 738
3 738 4609 4250
3 4609 4608 4250
3 4608 811 4250
3 4091 4611 4171
3 4090 4091 738
3 4091 798 738
3 798 4091 4610
3 4091 4171 4610
3 4091 4100 4611
3 4611 4100 4173
3 4091 4090 4100
3 743 4612 4099
3 4099 4612 4613
3 4612 750 4613
3 4614 779 774
3 4613 750 4614
3 777 4174 780
3 774 4177 4174
3 4174 4177 780
3 774 779 4177
3 771 4188 791
3 791 4188 4238
3 777 780 4188
3 4188 780 4238
3 4167 789 4198
3 789 4167 4249
3 771 791 4167
3 4167 791 4249
3 716 4071 4615
3 4615 4071 4133
3 4133 4199 4134
3 4134 4199 4616
3 4199 718 4616
3 718 4617 4616
3 802 4602 4617
3 4617 4602 4616
3 718 4072 4617
3 4072 717 4617
3 717 802 4617
3 717 4073 802
3 4073 719 802
3 2539 933 2540
3 2540 933 2541
3 930 2797 2541
3 4624 2853 4621
3 143 4626 4618
3 5872 2538 932
3 2538 4624 932
3 2538 2853 4624
3 4620 4621 2853
3 4618 4626 2544
3 2544 4626 4622
3 4627 4624 4621
3 143 931 4626
3 930 2541 4623
3 2541 4625 4623
3 4627 143 930
3 4627 932 4624
3 4627 4623 932
3 4626 931 4622
3 931 4620 4622
3 4621 4620 931
3 143 4627 931
3 4627 4621 931
3 4627 930 4623
3 4628 222 4629
3 4623 4625 932
3 4619 933 2539
3 2541 933 4625
3 4619 5872 933
3 121 4630 112
3 121 2715 4630
3 4630 2715 3843
3 2715 2573 3843
3 652 2733 55
3 2733 653 2826
3 2733 652 653
3 68 4631 2708
3 2708 4631 3865
3 4631 2826 3865
3 2826 653 3865
3 196 4632 2960
3 2960 4632 3518
3 196 934 4632
3 196 3033 934
3 263 4651 3033
3 3033 4651 934
3 263 521 4651
3 3361 3498 457
3 3498 3361 3497
3 3361 3736 3497
3 3736 3034 3497
3 488 3494 3422
3 3494 263 3422
3 263 3494 521
3 557 4633 490
3 490 4633 3738
3 4633 488 3738
3 576 4634 3481
3 4634 510 3481
3 510 4634 935
3 3787 4635 3796
3 511 513 4635
3 4635 513 3796
3 511 4636 3484
3 3484 4636 264
3 264 4637 3486
3 3486 4637 3736
3 4637 3034 3736
3 3765 469 3763
3 469 4638 3763
3 4638 514 3763
3 4638 468 514
3 4789 637 692
3 637 4789 3759
3 4789 575 3759
3 575 515 3759
3 4639 3496 3829
3 3518 4640 3813
3 3813 4640 516
3 4648 510 935
3 510 4648 3623
3 557 490 4648
3 4648 490 3623
3 576 509 4641
3 509 3761 4641
3 4641 3761 515
3 3829 512 3487
3 3487 512 3737
3 512 4635 3737
3 4635 3787 3737
3 457 3998 3362
3 3362 3998 3999
3 3998 3765 3999
3 637 4642 4790
3 4642 514 4790
3 260 3030 3828
3 3617 4643 3030
3 3030 4643 3828
3 4643 3483 3828
3 3483 4643 3482
3 4643 3617 3482
3 3617 511 3482
3 3375 3997 3374
3 526 4644 3997
3 3997 4644 3374
3 526 3519 4644
3 3619 4645 3488
3 3488 4645 3489
3 4645 3495 3489
3 3619 521 4645
3 4646 3664 4647
3 3664 4646 3663
3 4646 558 3663
3 266 3994 3499
3 3994 266 3946
3 266 3036 3946
3 3036 265 3946
3 934 3517 4632
3 3517 3518 4632
3 557 4648 3614
3 935 4649 4648
3 4648 4649 3614
3 265 4650 3403
3 3403 4650 3613
3 3617 259 4650
3 4650 259 3613
3 934 4651 3618
3 3618 4651 521
3 3518 3620 4640
3 3620 558 4640
3 558 516 4640
3 488 4633 3495
3 3495 4633 3625
3 4633 557 3625
3 3664 4977 4647
3 261 4652 4977
3 4977 4652 4647
3 261 260 4652
3 3996 3997 3498
3 3498 3997 3998
3 3997 3375 3998
3 3375 469 3998
3 327 3118 5858
3 3119 4653 3118
3 3118 4653 5858
3 3119 3433 4653
3 4654 943 3382
3 4655 3347 4656
3 3347 4655 3348
3 4655 937 3348
3 937 254 3348
3 3382 3381 4657
3 473 4657 3381
3 3329 4657 4658
3 4657 473 4658
3 473 551 4658
3 548 547 4659
3 3119 3121 4660
3 546 3599 5217
3 3599 4662 5217
3 549 4663 552
3 552 4663 5218
3 4663 548 5218
3 548 495 5218
3 473 4664 5214
3 5214 4664 549
3 4664 550 549
3 473 472 4664
3 310 4665 4666
3 4665 4667 4666
3 939 5797 4665
3 4665 5797 4667
3 5797 5220 4667
3 941 4668 940
3 937 3369 4668
3 942 4669 550
3 550 4669 3600
3 4669 4670 3600
3 4670 547 3600
3 943 4654 4671
3 4654 936 4671
3 936 944 4671
3 5778 4672 3098
3 327 1210 946
3 1210 945 946
3 4766 547 4670
3 547 4766 4659
3 4766 947 4659
3 947 938 4659
3 3120 4767 3121
3 5984 4660 4767
3 4767 4660 3121
3 5984 497 4660
3 4673 254 4674
3 254 4673 3348
3 948 4675 4673
3 4673 4675 3348
3 472 3383 4769
3 4769 3383 4768
3 3383 943 4768
3 4770 472 4769
3 472 4770 4664
3 942 550 4770
3 4770 550 4664
3 949 5897 4676
3 4678 4679 949
3 4679 5897 949
3 5897 4679 4680
3 4679 2947 4680
3 4678 4681 4679
3 4681 2947 4679
3 2959 4681 4682
3 4681 5925 4682
3 5926 205 5956
3 5926 5928 205
3 225 4685 950
3 4688 4686 4687
3 3501 4687 4686
3 4687 3501 950
3 3501 225 950
3 4688 4690 4686
3 4690 4688 951
3 4688 5930 951
3 4689 502 4690
3 502 4689 5931
3 4833 5909 4689
3 4689 5909 5931
3 3830 649 3332
3 3332 649 4691
3 649 952 4691
3 3332 4691 3506
3 3506 4691 4692
3 4691 952 4692
3 4692 4693 3506
3 3506 4693 953
3 4694 3135 3442
3 3442 3135 5866
3 4694 218 3135
3 3373 4695 4694
3 4694 4695 218
3 4695 216 218
3 4997 4695 3373
3 4997 4696 4695
3 4695 4696 216
3 4696 219 216
3 219 4696 4697
3 4697 4696 4698
3 4696 4998 4698
3 4696 4997 4998
3 4699 5258 222
3 219 503 2991
3 503 219 4697
3 3800 3678 3801
3 3678 588 3801
3 588 629 3801
3 590 4700 3679
3 3679 4700 591
3 4700 603 591
3 590 646 4700
3 3693 3695 3683
3 3695 595 3683
3 595 3695 3774
3 3695 4023 3774
3 4023 3775 3774
3 4701 3706 600
3 3706 4701 3833
3 3698 4702 4701
3 4701 4702 3833
3 4702 3769 3833
3 4711 3704 4721
3 3705 3691 3704
3 3704 3691 4721
3 3705 3692 3691
3 606 4703 3705
3 3705 4703 4014
3 4703 4704 4014
3 4704 693 4014
3 693 632 4017
3 693 4704 632
3 632 3822 4017
3 3822 4015 4017
3 4015 3822 4016
3 646 590 3822
3 3822 590 4016
3 591 4705 3680
3 3680 4705 3687
3 4705 4020 3687
3 4020 597 3687
3 4020 602 4706
3 4021 629 588
3 629 4021 3747
3 4021 601 3747
3 589 3814 4707
3 3814 589 3800
3 589 3678 3800
3 3693 4708 3694
3 3694 4708 3814
3 4708 4707 3814
3 3698 4709 4702
3 4709 3769 4702
3 3769 4709 3770
3 4023 586 4709
3 4709 586 3770
3 600 4025 3697
3 3697 4025 4710
3 694 4710 4025
3 4722 4711 4721
3 4722 4710 4711
3 4710 694 4711
3 4712 3697 4713
3 3697 4712 3696
3 3673 599 4712
3 4712 599 3696
3 3680 4715 4714
3 4716 592 3677
3 592 588 3677
3 596 595 582
3 3684 3668 595
3 595 3668 582
3 3684 581 3668
3 596 4717 3686
3 3686 4717 3681
3 596 582 4717
3 3680 3687 4715
3 597 3667 3687
3 3687 3667 4715
3 597 580 3667
3 3689 4718 4719
3 4718 4016 4719
3 4016 4718 4015
3 3690 3777 4718
3 4718 3777 4015
3 4720 3742 3767
3 3742 4720 3741
3 4720 598 3741
3 598 626 3741
3 627 3744 4019
3 3744 597 4019
3 4721 3812 4722
3 3812 4721 3766
3 4721 3691 3766
3 3691 3767 3766
3 4723 581 3684
3 581 4723 4738
3 4723 4724 4738
3 4724 642 4738
3 4725 626 598
3 3690 3772 4725
3 587 3793 3676
3 3676 3793 4719
3 3689 4719 3793
3 627 3798 3745
3 592 4726 3798
3 3798 4726 3745
3 592 4731 4726
3 4713 4710 4722
3 4713 3697 4710
3 3673 4727 3834
3 3834 4727 4724
3 4727 642 4724
3 3673 584 4727
3 578 4728 3666
3 3666 4728 579
3 4728 4743 579
3 578 4059 4728
3 4729 4059 578
3 4059 4729 4040
3 580 628 4729
3 4729 628 4040
3 582 4730 3682
3 3682 4730 4043
3 4730 581 4043
3 581 704 4043
3 4731 4732 4726
3 4732 3745 4726
3 593 584 3671
3 582 4733 4717
3 4733 3794 4717
3 3794 3681 4717
3 4734 3689 4735
3 3689 4734 3688
3 4734 3772 3688
3 626 4736 711
3 711 4736 4068
3 3672 3812 3743
3 3812 3766 3743
3 4737 3745 4732
3 3745 4737 3744
3 4737 580 3744
3 4738 704 581
3 704 4738 4048
3 4738 645 4048
3 626 3773 4736
3 3772 707 3773
3 3791 587 579
3 587 3791 3792
3 3791 4735 3792
3 4735 3689 3792
3 3742 4745 3743
3 4745 3742 4064
3 3742 3741 4064
3 3741 711 4064
3 583 3795 3669
3 3795 3794 3669
3 3669 3794 4061
3 3794 594 4061
3 593 4739 584
3 584 4739 4727
3 645 642 4739
3 4739 642 4727
3 703 4740 4040
3 4040 4740 4059
3 4740 695 4059
3 703 4747 4740
3 3670 3669 4067
3 3669 4041 4067
3 3669 4061 4041
3 699 4032 704
3 4033 4043 4032
3 4032 4043 704
3 4033 4045 4043
3 4045 4044 4043
3 4741 3682 4044
3 3682 4741 4733
3 4046 594 4741
3 4741 594 4733
3 4048 699 704
3 699 4048 4752
3 4048 4049 4752
3 707 4052 4054
3 4052 4742 4054
3 4052 705 4742
3 708 3773 4053
3 4053 3773 707
3 708 4736 3773
3 4059 4058 4728
3 4058 4743 4728
3 4743 4060 3791
3 4060 4052 3791
3 4052 4735 3791
3 4061 4046 4042
3 4042 4046 4749
3 710 4744 4066
3 4063 593 4744
3 712 4036 4064
3 4064 4036 4745
3 4036 700 4745
3 4745 700 4065
3 703 4746 4747
3 4747 4746 4748
3 4746 4067 4748
3 4067 4050 4748
3 4049 4276 4252
3 4276 4063 4252
3 4063 709 4252
3 696 4026 4056
3 695 4210 4026
3 4026 4210 4056
3 695 4203 4210
3 4748 4027 4747
3 4747 4027 4740
3 4027 695 4740
3 4748 4050 4029
3 4050 697 4029
3 4051 4749 4030
3 4051 4042 4749
3 4126 4206 699
3 4205 4032 4206
3 4206 4032 699
3 4205 4753 4032
3 710 4750 4062
3 4062 4750 709
3 710 4751 4750
3 4036 713 700
3 713 4036 4207
3 4037 701 4036
3 4036 701 4207
3 4039 708 702
3 708 4039 4069
3 4039 4037 4069
3 4037 712 4069
3 4752 4126 699
3 4126 4752 4254
3 4752 4047 4254
3 4047 812 4254
3 706 4201 4208
3 4030 4033 4031
3 4033 4753 4031
3 4031 4753 4205
3 698 4204 4051
3 4051 4204 697
3 706 705 4754
3 702 4057 4209
3 4057 4755 4209
3 4057 706 4755
3 706 4208 4755
3 700 4751 4065
3 4751 710 4065
3 4252 812 4047
3 812 4252 4278
3 709 4255 4252
3 4252 4255 4278
3 192 4756 4757
3 4756 3654 4757
3 3654 4756 3364
3 2953 238 4756
3 4756 238 3364
3 2953 5849 3016
3 3016 5849 239
3 5849 667 239
3 2953 3001 5849
3 4758 954 485
3 184 183 4759
3 183 481 4759
3 183 4760 481
3 3411 4760 4761
3 4760 224 4761
3 4760 183 224
3 482 3413 525
3 3413 4761 525
3 525 4761 3514
3 4761 224 3514
3 481 3415 4759
3 192 4757 3415
3 3415 4757 4759
3 4757 184 4759
3 184 4757 3654
3 3907 957 4763
3 957 3907 5861
3 3907 4764 5861
3 4764 956 5861
3 669 3909 958
3 942 4765 4669
3 4765 194 4669
3 194 4670 4669
3 943 4671 267
3 267 4671 3037
3 4671 944 3037
3 3098 4672 3097
3 4672 5798 3097
3 3133 4766 3132
3 3132 4766 194
3 4766 4670 194
3 3133 947 4766
3 5984 4767 3430
3 3430 4767 3335
3 4767 3120 3335
3 3120 448 3335
3 4768 3385 4769
3 3385 4768 3384
3 943 267 4768
3 4768 267 3384
3 3385 3516 4769
3 942 4770 3516
3 3516 4770 4769
3 5731 5958 5932
3 5932 5958 4771
3 5958 3133 4771
3 3133 333 4771
3 4772 524 3508
3 524 4772 945
3 4772 946 945
3 3371 948 3363
3 948 245 3363
3 245 948 4674
3 948 4673 4674
3 4863 3349 4773
3 3349 954 4773
3 954 3349 647
3 4865 5862 3010
3 5862 959 4774
3 5792 4775 3904
3 957 4776 4775
3 4775 4776 3904
3 4776 4778 3904
3 4778 4776 4777
3 957 5861 4776
3 4776 5861 4777
3 5861 960 4777
3 4777 461 4778
3 461 4777 5933
3 4777 960 5933
3 961 5934 4779
3 5934 5911 4779
3 962 4910 4779
3 4779 4910 4911
3 962 4909 4910
3 672 4780 4781
3 4780 3930 4781
3 3930 3929 4781
3 4782 672 529
3 672 4782 4780
3 686 3930 4782
3 4782 3930 4780
3 529 4783 4782
3 4782 4783 686
3 686 4783 3521
3 529 3615 4783
3 3521 4783 4822
3 4822 4783 4821
3 4783 3615 4821
3 3615 4649 4821
3 4784 4786 4785
3 935 4634 4784
3 4784 4634 4786
3 4634 576 4786
3 576 4787 4786
3 576 4641 4787
3 4787 4641 4788
3 4641 575 4788
3 575 4789 4788
3 4788 4789 5802
3 4789 692 5802
3 993 4790 468
3 3374 4644 4791
3 4644 4004 4791
3 526 4792 3519
3 4792 4004 3519
3 4004 4644 3519
3 526 4793 4792
3 526 3995 4793
3 3995 3005 4793
3 3005 963 4793
3 3005 3944 963
3 3943 4794 3944
3 3944 4794 963
3 3943 5793 4794
3 5793 3943 3969
3 3943 4795 3969
3 3943 3020 4795
3 3020 4796 4795
3 964 4796 4797
3 4796 3020 4797
3 3020 248 4797
3 3022 4797 248
3 987 964 4797
3 253 252 966
3 965 5938 252
3 252 5938 966
3 230 3038 4854
3 3038 4798 4854
3 4798 967 4854
3 967 4798 312
3 3038 4799 4798
3 4798 4799 312
3 944 4799 3038
3 312 4799 3098
3 944 4800 4799
3 4799 4800 3098
3 4800 554 3098
3 944 936 4800
3 936 4801 4800
3 4800 4801 554
3 554 4801 4802
3 936 4802 4801
3 4667 4802 443
3 936 5209 4802
3 4802 5209 443
3 310 4803 3095
3 3095 4803 3094
3 268 292 4803
3 4803 292 3094
3 5191 4804 968
3 970 655 4805
3 3060 5193 4806
3 5193 3060 5192
3 3060 282 5192
3 282 5194 5192
3 292 3040 5195
3 291 4807 3040
3 3040 4807 5195
3 4808 3069 4809
3 5194 282 4808
3 3073 4810 5696
3 3073 5864 4810
3 5864 974 4810
3 4812 972 4811
3 972 4812 971
3 4813 969 4814
3 969 4813 4815
3 292 5195 4813
3 4813 5195 4815
3 3069 3131 4809
3 332 4816 3131
3 3131 4816 4809
3 332 973 4816
3 4811 974 3338
3 974 4811 972
3 291 3380 5205
3 3380 4806 5205
3 4806 5193 5205
3 4817 5207 4818
3 5207 4817 5206
3 4817 531 5206
3 531 5696 5206
3 309 4819 1037
3 4819 309 4820
3 309 5190 4820
3 4821 4785 4822
3 4785 4821 4784
3 4821 4649 4784
3 4649 935 4784
3 3374 994 4638
3 4638 994 468
3 994 993 468
3 3374 4791 994
3 458 4823 975
3 975 4823 4880
3 244 4824 4823
3 4823 4824 4880
3 673 3918 4826
3 458 4825 3918
3 3918 4825 4826
3 4825 976 4826
3 458 975 4825
3 980 4827 4883
3 977 4828 4827
3 4827 4828 4883
3 4828 979 4883
3 979 4828 978
3 3921 4829 4830
3 4830 4829 4886
3 3921 5913 4829
3 3921 4830 3976
3 4830 981 3976
3 680 3932 4831
3 981 4831 3932
3 4879 982 3446
3 3446 982 679
3 4832 226 3913
3 226 4832 983
3 4893 233 232
3 4690 4833 4689
3 984 4833 951
3 4690 951 4833
3 3503 4833 4834
3 4833 984 4834
3 3014 3502 985
3 3503 4835 3502
3 3502 4835 985
3 3503 4834 4835
3 236 4836 4837
3 4837 4836 4838
3 3014 985 4836
3 4836 985 4838
3 251 4839 986
3 986 4839 5937
3 236 4837 4839
3 4839 4837 5937
3 251 986 4840
3 253 4841 4840
3 4840 4841 5935
3 4841 987 5935
3 4842 987 4841
3 4843 988 5913
3 5913 988 4884
3 4884 988 989
3 4844 983 4832
3 983 4844 989
3 978 4845 990
3 978 4828 4845
3 4845 4828 977
3 5758 4846 991
3 4954 4846 3011
3 5758 4847 4846
3 4846 4847 3011
3 957 4775 4848
3 5792 4849 4775
3 4775 4849 4848
3 4849 959 4848
3 959 4849 4774
3 668 4848 959
3 668 4850 4848
3 4848 4850 957
3 4763 4850 3906
3 668 3905 4850
3 4850 3905 3906
3 668 243 3905
3 3830 3332 648
3 3332 3331 648
3 203 3505 204
3 204 3505 3825
3 3505 3830 3825
3 3830 648 3825
3 201 203 2969
3 2969 203 2968
3 203 204 2968
3 3013 474 4851
3 474 3013 3515
3 201 2969 3013
3 3013 2969 3515
3 4851 3386 3387
3 3387 3386 4852
3 3386 231 4852
3 4851 474 3386
3 252 3023 230
3 4852 3008 3023
3 3023 3008 230
3 4852 231 3008
3 967 4853 4854
3 965 4854 4853
3 965 252 4854
3 4854 252 230
3 527 967 4855
3 527 4853 967
3 3920 4857 4856
3 4856 4857 673
3 4857 465 673
3 3920 528 4857
3 976 4858 4826
3 980 4856 4858
3 4858 4856 4826
3 4856 673 4826
3 980 3920 4856
3 977 4859 4956
3 4859 4860 4956
3 4859 4892 4860
3 5758 991 4861
3 991 4957 4861
3 4861 4957 4862
3 4957 313 4862
3 4774 4849 3009
3 3009 4849 4847
3 4849 5792 4847
3 4863 4862 313
3 4862 4863 234
3 4773 4864 4863
3 4864 3010 4863
3 4864 4865 3010
3 4773 452 4864
3 452 4865 4864
3 452 958 4865
3 485 4866 4758
3 485 483 4866
3 483 484 4866
3 484 669 4866
3 992 4923 242
3 242 4923 3906
3 4923 4867 3906
3 992 241 4868
3 4868 241 484
3 992 242 241
3 5805 993 994
3 993 4869 4790
3 4790 4869 692
3 4878 5802 4869
3 4870 5803 4899
3 4899 5803 995
3 4786 4870 4785
3 4870 4871 4785
3 4870 4872 4871
3 3521 5804 997
3 3521 4822 5804
3 994 4791 5805
3 4791 4004 5805
3 4873 679 3931
3 679 4873 996
3 996 4873 4874
3 680 4831 688
3 688 4831 4875
3 4876 688 4875
3 4877 4876 4878
3 4876 4875 4878
3 4874 4872 996
3 258 3029 5805
3 4876 5805 3029
3 995 4878 998
3 995 5802 4878
3 4899 995 3446
3 3446 995 4879
3 4879 995 998
3 975 4880 999
3 999 4880 4881
3 4824 4881 4880
3 975 4882 4825
3 4825 4882 976
3 4882 4892 976
3 975 999 4882
3 980 4883 3920
3 3920 4883 3919
3 4883 979 3919
3 979 674 3919
3 5913 4884 4829
3 4829 4885 4886
3 4885 4887 4886
3 4886 4887 4830
3 4887 1000 4830
3 1000 981 4830
3 981 4888 4831
3 981 1000 4888
3 4879 4889 982
3 4889 4879 4888
3 4879 998 4888
3 1000 4889 4888
3 1000 4890 4889
3 1000 4887 4890
3 4887 4885 4890
3 4885 5939 4890
3 999 4891 4882
3 4891 4892 4882
3 999 4881 4891
3 4893 4894 4881
3 4881 4894 4891
3 4881 1001 4893
3 1001 233 4893
3 989 4896 4895
3 4895 4896 978
3 4896 979 978
3 977 4827 4859
3 980 4897 4827
3 4827 4897 4859
3 4897 4892 4859
3 4892 4897 976
3 980 4858 4897
3 4897 4858 976
3 4831 4898 4875
3 998 4898 4888
3 4831 4888 4898
3 4875 4898 4878
3 4878 4898 998
3 4899 3446 996
3 993 5805 4877
3 5805 4876 4877
3 1002 4900 4901
3 4901 4900 3983
3 3980 3983 4900
3 1002 4902 4912
3 4912 4902 4903
3 4902 200 4903
3 1002 4901 4902
3 4904 2964 4905
3 2964 4904 2965
3 4904 4903 2965
3 4903 200 2965
3 4906 671 4907
3 671 4906 3926
3 4906 4905 3926
3 4905 2964 3926
3 4908 672 4909
3 672 4908 3914
3 4908 4907 3914
3 4907 671 3914
3 672 4781 4909
3 4909 4781 4910
3 3929 4910 4781
3 5794 4911 3929
3 4911 4910 3929
3 3975 679 687
3 679 3975 3931
3 3975 5806 3931
3 684 3981 1002
3 1002 3981 4900
3 3981 3980 4900
3 684 4912 3957
3 3957 4912 4913
3 4912 4903 4913
3 684 1002 4912
3 681 4914 4915
3 4914 4905 4915
3 4905 4914 4904
3 4914 4913 4904
3 4913 4903 4904
3 685 3972 4917
3 681 4916 3972
3 3972 4916 4917
3 4916 4907 4917
3 4907 4916 4906
3 681 4915 4916
3 4916 4915 4906
3 4915 4905 4906
3 4918 4909 962
3 4909 4918 4908
3 685 4917 4918
3 4918 4917 4908
3 4917 4907 4908
3 262 5940 5865
3 5865 5940 960
3 4919 956 4764
3 4764 4920 3903
3 3903 4920 239
3 4920 240 239
3 4764 4867 4920
3 4921 4867 4922
3 4867 4921 4920
3 272 240 4921
3 4921 240 4920
3 4867 4923 4922
3 992 4868 3045
3 4868 4924 3045
3 4868 484 4924
3 4924 4925 3350
3 4925 4924 483
3 4924 484 483
3 483 4762 4925
3 4926 4925 4762
3 609 3709 4948
3 3809 4927 3709
3 3709 4927 4948
3 3809 3779 4927
3 611 3710 3715
3 612 3714 3710
3 3710 3714 3715
3 612 615 3714
3 613 3712 616
3 3713 4928 3712
3 3712 4928 616
3 3713 4929 4928
3 4930 3781 625
3 3781 4930 3780
3 4930 612 3780
3 631 3748 3758
3 630 638 3748
3 3748 638 3758
3 640 4931 3752
3 3752 4931 634
3 4931 3764 634
3 3713 3754 4929
3 3754 636 4929
3 4929 636 3756
3 636 4932 3756
3 3757 4011 631
3 4011 3757 3701
3 3757 605 3701
3 3790 623 4933
3 623 3790 3821
3 3790 605 3821
3 4938 3727 4934
3 3804 4936 3805
3 3804 4935 4936
3 3805 4936 4937
3 636 4937 4932
3 4936 3716 4937
3 4937 3716 4932
3 3727 4938 3808
3 3809 608 4938
3 4938 608 3808
3 3804 3817 4935
3 4935 3817 3818
3 611 3715 3817
3 3817 3715 3818
3 3819 614 613
3 614 3819 3734
3 3819 4933 3734
3 4933 623 3734
3 625 3832 4939
3 609 4948 3832
3 3832 4948 4939
3 644 4000 4002
3 640 4940 4000
3 4000 4940 4002
3 640 633 4940
3 4941 630 4009
3 3702 3823 3701
3 3823 3751 3701
3 3701 3751 4942
3 3751 3749 4942
3 4943 3674 4944
3 615 585 4943
3 3717 629 3718
3 3717 3802 629
3 616 4945 3726
3 3726 4945 3699
3 3719 4946 4945
3 4945 4946 3699
3 617 3721 4941
3 4941 3721 3752
3 3721 4003 3752
3 4003 633 3752
3 3778 4947 3779
3 3779 4947 4927
3 3722 4948 4947
3 4947 4948 4927
3 4935 3724 4936
3 3724 3717 4936
3 616 3725 3819
3 3725 604 3819
3 604 4933 3819
3 3719 4949 4946
3 4946 4949 3747
3 3718 629 4949
3 4949 629 3747
3 3740 585 615
3 585 3740 3768
3 3771 641 3740
3 3740 641 3768
3 643 4950 3778
3 643 4013 4950
3 4013 3816 4950
3 3722 4939 4948
3 3771 625 4939
3 3789 4933 604
3 4933 3789 3790
3 3789 3702 3790
3 3702 605 3790
3 3724 4951 3723
3 3723 4951 3815
3 4951 4944 3815
3 4944 3674 3815
3 4003 4952 4001
3 4001 4952 691
3 4952 3782 691
3 4003 3720 4952
3 4011 4942 4010
3 691 643 4002
3 643 3803 4002
3 5941 4889 4890
3 4889 5941 982
3 5941 687 982
3 687 679 982
3 5939 5941 4890
3 4832 3913 5939
3 990 4953 226
3 990 4845 4953
3 4953 4845 4954
3 4845 977 4954
3 4860 4955 4956
3 991 4956 4955
3 977 4956 4954
3 991 4846 4956
3 4956 4846 4954
3 991 4955 4957
3 4860 4957 4955
3 313 4957 4958
3 4860 4892 4957
3 4957 4892 4958
3 4892 4891 4958
3 4891 4894 4958
3 4894 232 4958
3 4894 4893 232
3 1004 3018 1003
3 1003 3018 246
3 1005 5971 5969
3 5969 5971 4959
3 5971 3026 4959
3 3026 941 4959
3 463 4960 1007
3 463 4961 4960
3 4960 4961 1006
3 4805 4962 970
3 4962 4961 970
3 4961 4962 1006
3 4962 5964 1006
3 1008 4963 655
3 4962 4805 4963
3 4963 4805 655
3 941 4964 4668
3 254 937 4964
3 4964 937 4668
3 1007 4965 940
3 1009 4966 4965
3 4965 4966 940
3 254 3026 4674
3 3026 4967 4674
3 4967 4968 4674
3 4968 245 4674
3 245 4968 3017
3 4967 246 4968
3 4968 246 3017
3 244 247 4824
3 4824 247 5976
3 4824 5977 4881
3 4881 5977 1001
3 4824 5976 5977
3 1011 4969 1010
3 1011 4970 4969
3 4969 4970 1001
3 4970 233 1001
3 1012 4971 5867
3 5927 1014 5926
3 1013 4972 5952
3 1012 4974 4973
3 5867 5866 4975
3 5866 3135 4975
3 1013 4976 4972
3 4976 3507 4972
3 3507 953 4972
3 3507 4976 523
3 2980 5943 5944
3 5943 4973 5944
3 4973 5943 1014
3 189 188 5868
3 5868 188 4974
3 261 4977 4978
3 4977 256 4978
3 256 4977 3027
3 4977 3664 3027
3 3664 257 3027
3 3992 556 255
3 255 556 256
3 556 4978 256
3 556 3613 4978
3 4978 3613 261
3 3613 259 261
3 4979 2772 3897
3 4980 22 4981
3 22 4980 2661
3 4980 5238 2661
3 5238 92 2661
3 18 2526 8644
3 4007 4983 4982
3 4982 4983 8644
3 4983 18 8644
3 1015 4989 4984
3 4984 4989 104
3 140 4985 8647
3 2772 4986 4985
3 4985 4986 8647
3 8648 4987 2787
3 5251 2808 141
3 2808 3899 141
3 1015 5252 4989
3 5252 148 4989
3 66 2596 3432
3 2596 148 3432
3 148 498 3432
3 92 5238 2758
3 2758 5238 4990
3 4990 4991 2840
3 4991 4992 2840
3 4992 104 2840
3 104 4992 4984
3 4993 17 140
3 17 4993 2535
3 4993 4981 2535
3 4981 22 2535
3 99 2846 2795
3 2846 2847 2795
3 1018 8663 5002
3 5002 8663 4994
3 8663 1016 4994
3 525 4995 1017
3 525 3513 4995
3 4995 3513 4996
3 3513 3420 4996
3 467 5945 4997
3 5945 4998 4997
3 5946 4676 328
3 4676 5946 4677
3 5946 4999 4677
3 4628 4629 5000
3 482 1017 5008
3 5008 1017 5256
3 482 525 1017
3 3420 5001 4996
3 4994 5001 2927
3 5001 3420 2927
3 3420 179 2927
3 1018 5002 5252
3 5252 5002 498
3 5002 2928 498
3 4979 4007 1019
3 4007 7553 1019
3 4007 4982 7553
3 4629 5006 5003
3 4629 222 5006
3 1021 5004 1020
3 1020 5004 5005
3 5004 4698 5005
3 4698 4998 5005
3 222 5258 5006
3 5006 5258 5259
3 1021 5007 5004
3 503 4697 5007
3 5007 4697 5004
3 4697 4698 5004
3 4699 5008 5258
3 4699 482 5008
3 1021 5009 5007
3 3336 503 5009
3 5009 503 5007
3 5010 470 5011
3 470 5010 3378
3 5010 5013 3378
3 5013 471 3378
3 5011 5012 5010
3 5010 5012 5013
3 5012 1022 5013
3 5011 5014 5012
3 5015 530 5737
3 5015 5016 530
3 5016 1023 3041
3 1023 5016 5015
3 5011 5017 5014
3 5014 5017 5809
3 283 5018 5017
3 5017 5018 5809
3 3093 5752 308
3 1024 5019 5752
3 5752 5019 308
3 308 5019 5052
3 1024 5020 5019
3 5019 5020 5052
3 5020 1025 5052
3 658 5021 1023
3 1023 5021 3041
3 5021 273 3041
3 5021 275 273
3 656 658 5022
3 1023 5022 658
3 1023 5015 5022
3 5015 5023 5022
3 1022 5026 5024
3 1022 5025 5026
3 5018 5027 5028
3 5028 5027 5037
3 1025 5020 5027
3 5027 5020 5037
3 5020 1024 5037
3 1022 5012 5025
3 5014 5029 5012
3 5012 5029 5025
3 5014 5808 5029
3 656 5031 1027
3 969 5031 1028
3 656 5032 5031
3 5031 5032 1028
3 308 5033 5036
3 5033 3658 5036
3 3658 5033 3065
3 308 5034 5033
3 5033 5034 3065
3 5034 286 3065
3 574 5035 3658
3 1029 5036 5035
3 5035 5036 3658
3 5028 5037 5038
3 5038 5037 5039
3 5037 1024 5039
3 1024 1030 5039
3 1032 5040 5174
3 5040 5041 5174
3 5041 1031 5174
3 1031 5041 5042
3 5041 5047 5042
3 5049 5043 5044
3 5023 5044 5022
3 5044 656 5022
3 5040 5045 5041
3 5045 5046 5041
3 5046 5047 5041
3 5046 1033 5047
3 5043 5048 1028
3 1028 5048 5828
3 5048 1034 5828
3 1034 5048 1033
3 5740 5049 5050
3 5173 5050 5023
3 5049 5044 5050
3 5050 5044 5023
3 285 286 3062
3 3062 286 5051
3 285 3611 286
3 286 3611 3063
3 3611 287 3063
3 308 5052 5034
3 5052 286 5034
3 286 5052 5051
3 5052 1025 5051
3 5176 5053 1032
3 462 5053 5054
3 5176 5054 5053
3 5054 1035 462
3 1035 5055 462
3 1035 5177 5055
3 5177 8720 5055
3 8720 5177 8827
3 1032 5056 5040
3 3067 5056 462
3 1032 5053 5056
3 5056 5053 462
3 3067 290 5056
3 290 5057 5056
3 5057 5040 5056
3 5040 5057 5045
3 290 5030 5057
3 5045 5057 1036
3 5030 5058 5057
3 5057 5058 1036
3 1026 5059 5058
3 5060 655 970
3 655 5060 4820
3 1037 4819 5060
3 5060 4819 4820
3 4961 5061 970
3 970 5061 5060
3 5061 1037 5060
3 464 939 5061
3 939 1037 5061
3 464 5061 3367
3 5061 4961 3367
3 4961 463 3367
3 5063 3088 5064
3 3088 5063 3108
3 5063 334 3108
3 5065 3326 5682
3 3326 442 5682
3 442 3138 5682
3 337 5066 3142
3 3142 5066 5067
3 5066 3141 5067
3 3141 5066 3140
3 5066 337 3140
3 337 336 3140
3 5068 3149 5069
3 3149 5068 3148
3 336 5070 5068
3 5068 5070 3148
3 5071 338 5072
3 338 5071 5708
3 5071 340 5708
3 340 3105 5708
3 3146 5710 344
3 344 5710 5711
3 335 5073 5710
3 5710 5073 5711
3 330 3153 3126
3 3126 3153 5074
3 3153 3152 5074
3 330 3151 3153
3 342 5075 3150
3 3150 5075 5076
3 5075 350 5076
3 342 351 5075
3 316 3103 5078
3 317 5077 3103
3 3103 5077 5078
3 5077 3156 5078
3 3156 5077 3154
3 317 5079 5077
3 5077 5079 3154
3 5080 3190 5081
3 3190 5080 3163
3 3155 346 5080
3 5080 346 3163
3 318 3106 3157
3 3105 5082 3106
3 3106 5082 3157
3 3105 340 5082
3 5083 345 5084
3 345 5083 3161
3 339 343 5083
3 5083 343 3161
3 5070 5085 3110
3 5085 5070 3276
3 5070 336 3276
3 336 337 3276
3 337 3279 3276
3 3279 5086 3276
3 3279 3278 5086
3 3460 5087 3461
3 5087 5088 3461
3 5088 5085 3461
3 5085 5088 3110
3 5088 320 3110
3 3278 3462 5086
3 5076 3633 3538
3 3538 3633 5089
3 3633 3635 5089
3 5076 350 3633
3 534 5090 533
3 5069 5091 5090
3 5090 5091 533
3 5069 3149 5091
3 535 5092 3102
3 3102 5092 3100
3 3539 5093 5092
3 5092 5093 3100
3 5095 341 5096
3 535 3102 5095
3 3540 5097 3165
3 3165 5097 3164
3 5097 5081 3164
3 5081 3190 3164
3 317 3137 5079
3 318 5098 3137
3 3137 5098 5079
3 318 3157 5098
3 3155 5099 346
3 5084 345 5099
3 3539 5100 5093
3 5093 5100 3398
3 3151 330 5100
3 5100 330 3398
3 3166 3541 3597
3 3597 3541 342
3 3541 351 342
3 5101 569 5102
3 394 3290 5101
3 396 3248 5117
3 3246 5103 3248
3 3248 5103 5117
3 5103 406 5117
3 406 5103 3258
3 3246 5104 5103
3 5103 5104 3258
3 3250 5105 5106
3 398 5106 5107
3 5105 3242 5106
3 5106 3242 5107
3 3242 393 5107
3 409 5108 5142
3 5142 5108 5109
3 5108 3253 5109
3 3253 5108 3251
3 409 399 5108
3 5108 399 3251
3 3253 5110 5109
3 5109 5110 3236
3 400 5111 5110
3 5110 5111 3236
3 5112 3290 394
3 3290 5112 3288
3 3293 424 5112
3 5112 424 3288
3 425 3475 3293
3 425 3477 3475
3 3475 3477 507
3 400 3561 5111
3 507 5143 3561
3 3561 5143 5111
3 5113 537 3568
3 537 5113 3564
3 5113 5104 3564
3 5104 3246 3564
3 537 3562 3566
3 440 5114 3562
3 3562 5114 3566
3 5114 538 3566
3 538 5114 3572
3 440 3325 5114
3 5114 3325 3572
3 3325 441 3572
3 5140 5115 3250
3 540 5115 542
3 398 5107 5116
3 393 5116 5107
3 399 5116 3322
3 393 3320 5116
3 5116 3320 3322
3 406 3647 5117
3 3648 5117 3647
3 396 5117 3644
3 3648 5819 5117
3 5117 5819 3644
3 386 5118 5119
3 387 5119 3322
3 5118 3252 5119
3 5119 3252 3322
3 390 5120 3290
3 3290 5120 5101
3 5120 569 5101
3 391 5121 3240
3 392 3240 397
3 5121 3247 3240
3 3240 3247 397
3 3241 3229 3243
3 3243 3229 5122
3 3229 3230 5122
3 3241 5123 3229
3 3289 3471 3287
3 423 3285 3471
3 3471 3285 3287
3 3285 390 3287
3 390 3285 3239
3 3316 3319 5124
3 438 5124 3319
3 437 5124 3473
3 438 5125 5124
3 5124 5125 3473
3 400 5126 3316
3 386 5126 5118
3 400 3254 5126
3 5126 3254 5118
3 3230 3232 5122
3 385 5127 3232
3 3232 5127 5122
3 5122 5127 3321
3 5127 385 3321
3 385 387 3321
3 539 5128 5129
3 5128 5130 5129
3 5130 5105 5129
3 5105 5130 3241
3 3324 5131 3227
3 3227 5131 383
3 3324 439 5131
3 424 3474 3289
3 3289 3474 3472
3 3474 437 3472
3 3474 3476 437
3 383 440 3559
3 391 3559 5121
3 440 3563 3559
3 3559 3563 5121
3 378 5132 3238
3 568 5133 5132
3 5132 5133 3238
3 5133 569 3238
3 568 5134 5133
3 5135 5111 410
3 5111 5135 3236
3 3263 389 5135
3 5135 389 3236
3 5136 403 5137
3 403 5136 3255
3 5136 395 3255
3 395 404 3255
3 414 5138 3576
3 3576 5138 3257
3 5138 5139 3257
3 5139 405 3257
3 5140 3249 3259
3 3259 3249 5141
3 3249 398 5141
3 409 5142 3261
3 5142 5109 3261
3 5109 389 3261
3 425 3291 3294
3 3291 403 3294
3 403 3291 5137
3 425 426 3478
3 5111 5143 3574
3 3574 5143 508
3 5143 507 508
3 5144 3568 5145
3 3568 5144 5113
3 5144 3576 5113
3 3576 5104 5113
3 3568 3567 5145
3 3565 3577 3567
3 3567 3577 5145
3 3565 541 3577
3 407 5146 5140
3 407 3266 5146
3 5146 3266 5147
3 3266 417 5147
3 398 5148 5141
3 398 3573 5148
3 5148 3573 409
3 5149 570 5150
3 570 5149 5790
3 405 5139 5149
3 5149 5139 5790
3 565 5151 3631
3 544 5152 5151
3 5151 5152 3631
3 5152 475 3631
3 475 5152 3591
3 544 3589 5152
3 5152 3589 3591
3 3589 322 3591
3 3653 5153 3351
3 3351 5153 5168
3 5153 1038 5168
3 1039 5154 3125
3 3125 5154 3124
3 5154 280 3124
3 280 5154 3536
3 3524 5155 3523
3 1040 5156 5155
3 5155 5156 3523
3 5156 530 3523
3 532 3532 5157
3 5779 5158 3532
3 3532 5158 5157
3 5158 5159 5157
3 5158 5824 5159
3 3536 5160 3535
3 5160 5161 3535
3 5161 3524 3535
3 3524 5161 5155
3 5160 5747 5161
3 5161 5747 5155
3 5747 1040 5155
3 1039 5163 5162
3 5162 5163 5164
3 5163 563 5164
3 563 5163 5720
3 1039 3125 5163
3 5163 3125 5720
3 544 5165 3590
3 3590 5165 5166
3 5165 1042 5166
3 544 5167 5165
3 5167 427 5165
3 3351 5168 3604
3 3604 5168 5825
3 5168 1043 5825
3 1043 5168 1038
3 565 3632 5170
3 532 5169 3632
3 3632 5169 5170
3 5169 5171 5170
3 532 5157 5169
3 5169 5157 5171
3 5157 5159 5171
3 3653 5172 5153
3 5024 5737 1041
3 1041 5737 5156
3 5737 530 5156
3 5015 5737 5023
3 5737 5173 5023
3 5737 5738 5173
3 5738 5739 5173
3 5173 5739 5050
3 5739 5740 5050
3 5174 5176 1032
3 5176 5174 5741
3 5174 1031 5741
3 1031 1044 5741
3 1035 5054 5175
3 5176 5175 5054
3 1045 5175 5752
3 5175 5176 5752
3 5176 1030 5752
3 5754 5177 1045
3 1035 5175 5177
3 5177 5175 1045
3 5754 8827 5177
3 8827 5754 5178
3 307 3394 5180
3 476 5179 3394
3 3394 5179 5180
3 476 3593 5179
3 5179 3593 5181
3 3593 5853 5181
3 1046 5182 5183
3 5183 5182 3435
3 5182 500 3435
3 1047 5183 3435
3 1046 5183 5185
3 1047 5184 5183
3 5183 5184 5185
3 5184 8831 5185
3 1046 5186 5181
3 5186 5179 5181
3 5179 5186 5187
3 5186 1048 5187
3 504 3584 3452
3 301 5188 3584
3 3584 5188 3452
3 5188 315 3452
3 315 5188 3661
3 301 3083 5188
3 5188 3083 3661
3 3083 300 3661
3 1046 5185 5186
3 8831 5189 5185
3 5185 5189 5186
3 5189 1048 5186
3 8831 8835 5189
3 450 9651 3344
3 9651 451 3344
3 1026 5974 5059
3 5974 3870 5059
3 5059 5208 5190
3 5190 5208 4820
3 5192 659 5193
3 659 5192 3874
3 5192 5194 3874
3 5194 660 3874
3 291 5196 4807
3 4807 5196 5195
3 5196 1027 5195
3 291 3872 5196
3 5197 4809 5198
3 4809 5197 4808
3 660 5194 5197
3 5197 5194 4808
3 974 5200 4810
3 4810 5200 5199
3 5200 1050 5199
3 1050 5200 1049
3 972 971 5201
3 5204 5201 1051
3 971 5202 5201
3 5201 5202 1051
3 1027 4815 5195
3 1027 5031 4815
3 4815 5031 969
3 4809 4816 5198
3 973 662 4816
3 974 972 5203
3 5231 5203 5204
3 972 5201 5203
3 5203 5201 5204
3 291 5205 3872
3 5193 659 5205
3 5206 5228 5207
3 5228 5206 5728
3 5206 5696 5728
3 5696 1052 5728
3 655 4820 5208
3 3870 5208 5059
3 443 5209 3329
3 3329 5209 4657
3 5209 3382 4657
3 3382 5209 4654
3 5209 936 4654
3 3369 937 4655
3 938 5210 4659
3 4659 5210 548
3 5210 495 548
3 938 5211 5210
3 497 5212 4660
3 3433 3119 5212
3 5212 3119 4660
3 545 3598 5213
3 5694 5213 4661
3 3598 4662 5213
3 5213 4662 4661
3 4662 3599 4661
3 5214 551 473
3 551 5214 3601
3 549 552 5214
3 5214 552 3601
3 5858 4653 501
3 3433 5215 4653
3 4653 5215 501
3 5216 551 3007
3 551 5216 4658
3 5216 269 4658
3 269 3329 4658
3 4662 208 5217
3 208 4662 5703
3 3598 211 4662
3 4662 211 5703
3 5218 2985 552
3 2985 5218 2961
3 495 198 5218
3 5218 198 2961
3 5219 553 5220
3 553 5219 5778
3 5219 4656 5778
3 4668 1007 940
3 4668 3369 1007
3 3369 463 1007
3 4667 443 4666
3 443 3328 4666
3 3328 310 4666
3 310 3328 4803
3 3328 268 4803
3 1053 1026 5221
3 1026 1053 5974
3 1053 8859 5974
3 656 1027 3871
3 1027 5196 3871
3 5196 657 3871
3 657 5196 3872
3 659 5222 3873
3 275 5223 5222
3 5222 5223 3873
3 5223 657 3873
3 275 5021 5223
3 5223 5021 657
3 5021 658 657
3 275 5224 3047
3 3047 5224 5225
3 5224 661 5225
3 275 5222 5224
3 5222 659 5224
3 3129 5226 3877
3 3877 5226 3875
3 5226 5225 3875
3 5225 661 3875
3 662 3876 4816
3 3877 5198 3876
3 3876 5198 4816
3 5228 5227 5726
3 5227 662 5726
3 663 3879 5229
3 3880 5229 3879
3 1050 5229 1052
3 3880 5230 5229
3 5229 5230 1052
3 1049 5231 5232
3 5231 5233 5232
3 5233 3882 5232
3 3882 5233 3881
3 5204 1051 5234
3 1051 5235 5234
3 5235 664 5234
3 664 5236 3885
3 1054 5236 5237
3 664 5235 5236
3 5236 5235 5237
3 5235 1051 5237
3 1026 5030 5221
3 290 289 5030
3 5030 289 5221
3 656 5044 5032
3 5032 5044 1028
3 5044 5043 1028
3 1036 5799 5813
3 5813 5799 1034
3 5799 968 1034
3 1026 5058 5030
3 1019 2772 4979
3 5238 4980 5239
3 5239 4980 1055
3 4980 4981 1055
3 1056 5240 8884
3 2633 5241 5240
3 5240 5241 8884
3 5241 145 8884
3 145 5241 2810
3 2633 2786 5241
3 5241 2786 2810
3 2786 76 2810
3 142 5242 2836
3 142 2781 5242
3 5242 2781 1057
3 2781 2782 1057
3 134 5243 2759
3 103 132 5243
3 5243 132 2759
3 12 5243 2684
3 5243 134 2684
3 12 103 5243
3 2778 2780 2856
3 2779 5244 2780
3 2780 5244 2856
3 2779 2673 5244
3 122 2724 5246
3 81 5245 2724
3 2724 5245 5246
3 5245 151 5246
3 151 5245 2829
3 81 2736 5245
3 5245 2736 2829
3 2736 126 2829
3 136 2764 5248
3 78 5247 2764
3 2764 5247 5248
3 5247 139 5248
3 139 5247 2768
3 78 2621 5247
3 5247 2621 2768
3 2621 77 2768
3 1058 5249 5250
3 2688 5250 2687
3 5249 2610 5250
3 5250 2610 2687
3 4987 8648 8649
3 2526 3898 1059
3 3898 4988 1059
3 5252 498 148
3 1015 1018 5252
3 135 5253 1058
3 1058 5253 5249
3 106 2702 5253
3 5253 2702 5249
3 5239 4990 5238
3 2687 2635 1056
3 1056 2635 5240
3 2635 2633 5240
3 5254 140 8647
3 140 5254 4993
3 5254 1055 4993
3 1055 4981 4993
3 2795 2847 5757
3 2782 150 1057
3 1057 150 8893
3 150 3059 8893
3 1017 8894 1061
3 1060 8894 4996
3 1017 4995 8894
3 8894 4995 4996
3 1017 1061 5256
3 5256 1061 5257
3 1060 4996 1016
3 4996 5001 1016
3 1016 5001 4994
3 5008 5256 5258
3 5257 5258 5256
3 5257 5259 5258
3 4959 1009 5969
3 1009 4959 4966
3 941 940 4959
3 4959 940 4966
3 5277 5260 5275
3 5260 5261 5275
3 5261 1062 5275
3 1062 5261 1072
3 415 5262 3265
3 5262 413 3265
3 413 5262 1063
3 1065 5263 5281
3 1066 5265 5266
3 5266 3268 5267
3 3268 5467 5267
3 1067 5268 5467
3 5467 5268 5267
3 1067 1068 5268
3 5460 5269 411
3 411 5269 3271
3 5269 1067 3271
3 1067 3269 3271
3 1069 5270 1070
3 1070 5270 5290
3 5270 5277 5290
3 5277 5270 5260
3 415 5271 1071
3 1063 5272 5273
3 5272 5274 5273
3 5273 5274 5470
3 5274 1072 5470
3 1073 5276 5275
3 5276 5277 5275
3 1073 5655 5276
3 5276 5655 5277
3 5655 5656 5277
3 1071 5278 5280
3 5278 5279 5280
3 5279 5272 5280
3 5272 5279 5274
3 5278 5653 5279
3 5279 5653 5274
3 1065 5281 1074
3 5481 5282 5281
3 5281 5282 1074
3 1066 5283 5284
3 5283 5285 5284
3 5285 5829 5284
3 5267 5286 5266
3 1076 5287 5286
3 5286 5287 5266
3 5287 1066 5266
3 1066 5287 5283
3 5267 5268 5286
3 1068 5288 5268
3 5268 5288 5286
3 5288 1076 5286
3 1076 5288 5663
3 1068 5289 5288
3 5288 5289 5663
3 5656 5290 5277
3 1070 5290 1077
3 5656 5291 5290
3 5290 5291 1077
3 1065 1074 5271
3 1074 5292 5271
3 5292 1071 5271
3 1071 5292 5278
3 1073 5275 5830
3 5275 1062 5830
3 5830 1062 5274
3 1062 1072 5274
3 5430 5293 5429
3 5429 5293 5294
3 5293 5385 5294
3 5430 5295 5293
3 5293 5295 5385
3 1078 5296 5431
3 5431 5296 5297
3 5296 5348 5297
3 5348 5296 5298
3 1078 5298 5296
3 5299 5301 5300
3 5299 1079 5301
3 1079 5378 5301
3 5302 5304 5303
3 5302 1080 5304
3 1080 5425 5304
3 5403 5305 5448
3 5448 5305 5415
3 5305 1081 5415
3 1081 5411 5415
3 1082 5307 1083
3 1083 5307 5306
3 5307 5308 5306
3 5307 5350 5308
3 1084 5310 5309
3 5309 5310 1086
3 1084 1085 5310
3 1088 5359 1087
3 1086 5311 5359
3 5359 5311 1087
3 5365 5312 1089
3 5365 5313 5312
3 5312 5313 1083
3 5313 1082 1083
3 5369 5314 5367
3 1091 5314 1090
3 5369 5315 5314
3 5314 5315 1090
3 1091 1090 5316
3 1090 5317 5316
3 5317 5318 5316
3 5317 1092 5318
3 5381 5320 1093
3 1093 5320 5319
3 5320 5321 5319
3 5320 5384 5321
3 5384 5322 5321
3 5321 5322 5382
3 5322 1094 5382
3 1094 1095 5382
3 1097 5323 1096
3 5324 1100 5325
3 1100 5324 5447
3 5324 1099 5447
3 1100 5326 5325
3 1101 5393 5326
3 5326 5393 5325
3 1101 5327 5393
3 5400 5328 1102
3 5400 5329 5328
3 5328 5329 1098
3 5406 5330 1105
3 5406 5331 5330
3 5330 5331 1104
3 5331 1103 1104
3 5332 5409 5333
3 1104 1103 5332
3 5334 1107 5335
3 1107 5334 5450
3 5334 1106 5450
3 1106 5414 5450
3 1107 5336 5335
3 1107 5337 5336
3 5336 5337 5338
3 5337 1108 5338
3 5340 5423 5341
3 5423 5340 5421
3 5340 1109 5421
3 5424 5343 5342
3 5342 5343 5344
3 5343 1111 5344
3 5424 5427 5343
3 1111 5345 5344
3 1111 5346 5345
3 5345 5346 1113
3 5346 1112 1113
3 1083 5306 5347
3 5347 5306 5298
3 5306 5348 5298
3 5306 5308 5348
3 1082 5349 5307
3 5307 5349 5350
3 5349 1115 5350
3 1115 5349 5352
3 1082 5351 5349
3 5349 5351 5352
3 5351 1114 5352
3 5297 5353 5354
3 1084 5309 5353
3 5353 5309 5354
3 5309 5355 5354
3 5309 1086 5355
3 1085 5357 5641
3 5641 5357 5356
3 5357 1115 5356
3 1115 5357 5350
3 1116 5358 1088
3 5355 5359 5358
3 5358 5359 1088
3 5355 1086 5359
3 5360 1086 5361
3 1086 5360 5311
3 5642 5362 5360
3 5360 5362 5311
3 5362 1087 5311
3 1089 5312 5363
3 1083 5347 5312
3 5312 5347 5363
3 5347 1078 5363
3 1078 5347 5298
3 5364 1117 5365
3 1117 5364 5366
3 1087 5362 5364
3 5364 5362 5366
3 5362 5642 5366
3 1091 5372 5314
3 5314 5372 5367
3 5372 5300 5367
3 5368 1119 5369
3 1119 5368 5371
3 1094 5370 5368
3 5368 5370 5371
3 5370 1118 5371
3 1091 5316 5372
3 5316 5373 5372
3 5316 5318 5373
3 1114 5374 5650
3 1092 5375 5374
3 5374 5375 5650
3 5375 1120 5650
3 1120 5375 5376
3 1092 5317 5375
3 5375 5317 5376
3 5317 1090 5376
3 1093 5319 5377
3 5377 5319 1079
3 5319 5378 1079
3 5319 5321 5378
3 1114 5379 5374
3 1117 5380 5379
3 5379 5380 5374
3 5380 1092 5374
3 1117 5381 5380
3 5321 5382 5378
3 5378 5382 5301
3 5382 1095 5301
3 1094 5322 5370
3 5384 5383 5322
3 5322 5383 5370
3 5383 1118 5370
3 5384 5642 5383
3 1098 5385 5295
3 1098 5323 5385
3 5385 5323 1097
3 5386 1098 5387
3 1098 5386 5323
3 1120 5388 5386
3 5386 5388 5323
3 5388 1096 5323
3 1099 5389 5294
3 5395 5389 5325
3 1099 5324 5389
3 5389 5324 5325
3 1120 5390 5388
3 1119 5391 5390
3 5390 5391 5388
3 5391 1096 5388
3 1119 5392 5391
3 5392 1099 5391
3 5393 5395 5325
3 5327 5394 5393
3 5393 5394 5395
3 1121 5396 5397
3 1101 5326 5396
3 5396 5326 5397
3 5326 1118 5397
3 1118 5326 1100
3 5430 5398 5295
3 1102 5328 5398
3 5398 5328 5295
3 5328 1098 5295
3 5399 1122 5400
3 1122 5399 5401
3 1101 5396 5399
3 5399 5396 5401
3 5396 1121 5401
3 5402 5404 5403
3 1105 5330 5402
3 5402 5330 5404
3 5330 1104 5404
3 5405 1124 5406
3 1124 5405 5454
3 5405 1108 5454
3 1108 1123 5454
3 1125 5407 5333
3 5333 5407 5332
3 5407 5404 5332
3 5404 1104 5332
3 1126 5408 1103
3 1103 5408 5332
3 5387 5409 5408
3 5408 5409 5332
3 5410 5411 1081
3 1106 5334 5410
3 5410 5334 5411
3 5334 5335 5411
3 5387 5412 5409
3 1122 5413 5412
3 5412 5413 5409
3 1122 5414 5413
3 5335 5415 5411
3 5448 5415 5338
3 5335 5336 5415
3 5415 5336 5338
3 1123 1108 5416
3 1121 5416 5417
3 1108 5337 5416
3 5416 5337 5417
3 5337 1107 5417
3 5303 5418 5419
3 1110 5339 5418
3 5418 5339 5419
3 5339 1109 5419
3 1110 5420 1127
3 1128 5433 5341
3 5341 5433 5340
3 5433 5419 5340
3 5419 1109 5340
3 5421 1109 5422
3 1126 5423 5421
3 5424 5425 1080
3 5424 5342 5425
3 5342 5344 5425
3 5426 1124 5427
3 1126 5428 5423
3 5423 5428 5426
3 5428 1124 5426
3 5344 5345 5425
3 5425 5345 5304
3 5304 5345 5451
3 5345 1113 5451
3 1123 5346 1111
3 5294 5389 5429
3 5395 5429 5389
3 5429 5395 5430
3 5395 5394 5430
3 5355 5358 5354
3 1116 5431 5358
3 5358 5431 5354
3 5431 5297 5354
3 1116 1078 5431
3 1079 5299 5444
3 5300 5432 5299
3 5299 5432 5444
3 5432 5373 5444
3 5373 5432 5372
3 5300 5372 5432
3 5433 5303 5419
3 5303 5433 5302
3 5433 1128 5302
3 1128 1080 5302
3 5404 5407 5403
3 1125 5434 5407
3 5407 5434 5403
3 5403 5434 5305
3 5434 1125 5305
3 1125 1081 5305
3 1084 5435 1085
3 1085 5435 5357
3 5435 5350 5357
3 5350 5435 5308
3 5364 1088 1087
3 1088 5364 5442
3 5365 1089 5364
3 5364 1089 5442
3 5369 5443 5368
3 5368 5443 1094
3 5443 1095 1094
3 5369 5367 5443
3 5381 1093 5380
3 1093 5436 5380
3 5436 1092 5380
3 1092 5436 5318
3 5391 1097 1096
3 1097 5391 5446
3 5391 1099 5446
3 1101 5437 5327
3 1101 5399 5437
3 5437 5399 1102
3 5399 5400 1102
3 1108 5438 5338
3 1108 5405 5438
3 5438 5405 1105
3 5405 5406 1105
3 5409 5413 5333
3 5333 5413 5449
3 5414 1106 5413
3 5413 1106 5449
3 1112 5439 1113
3 1112 5420 5439
3 5439 5420 1110
3 5423 5426 5341
3 5341 5426 5453
3 5426 5427 5453
3 5427 5424 5453
3 1084 5353 5435
3 5297 5440 5353
3 5353 5440 5435
3 5440 5308 5435
3 5308 5440 5348
3 5440 5297 5348
3 1086 5310 5361
3 1085 5441 5310
3 5310 5441 5361
3 1085 5641 5441
3 5442 1116 1088
3 1089 5363 5442
3 5442 5363 1116
3 5363 1078 1116
3 1114 5351 5379
3 1082 5313 5351
3 5351 5313 5379
3 5313 1117 5379
3 1117 5313 5365
3 5443 5301 1095
3 5301 5443 5300
3 5443 5367 5300
3 1120 5376 5390
3 1090 5315 5376
3 5376 5315 5390
3 5315 1119 5390
3 1119 5315 5369
3 1093 5377 5436
3 1079 5444 5377
3 5377 5444 5436
3 5444 5318 5436
3 5318 5444 5373
3 1117 5445 5381
3 5381 5445 5320
3 5445 5384 5320
3 1117 5366 5445
3 5445 5366 5384
3 5366 5642 5384
3 1099 5294 5446
3 5446 5294 1097
3 5294 5385 1097
3 1099 5392 5447
3 1119 5447 5392
3 1119 5371 5447
3 5447 5371 1100
3 5371 1118 1100
3 5327 5437 5394
3 1102 5398 5437
3 5437 5398 5394
3 5394 5398 5430
3 1098 5329 5387
3 5387 5329 5412
3 5329 1122 5412
3 1122 5329 5400
3 5403 5448 5402
3 5338 5438 5448
3 5448 5438 5402
3 5438 1105 5402
3 1126 1103 5428
3 1103 5331 5428
3 5331 1124 5428
3 1124 5331 5406
3 5449 1125 5333
3 1106 5410 5449
3 5449 5410 1125
3 5410 1081 1125
3 1122 5450 5414
3 1107 5450 5417
3 1122 5401 5450
3 5450 5401 5417
3 5401 1121 5417
3 5304 5451 5303
3 5303 5451 5418
3 1113 5439 5451
3 5451 5439 5418
3 5439 1110 5418
3 1109 5339 5422
3 1110 5452 5339
3 5339 5452 5422
3 1110 1127 5452
3 5453 1128 5341
3 5453 5424 1128
3 5424 1080 1128
3 1124 5454 5427
3 5427 5454 5343
3 5343 5454 1111
3 5454 1123 1111
3 1069 1070 5455
3 1070 5456 5455
3 5455 5456 5457
3 5456 1129 5457
3 3264 5458 1130
3 5457 5458 3579
3 3264 3579 5458
3 5459 1131 5460
3 1131 5459 5462
3 1130 5461 5459
3 5459 5461 5462
3 1072 5463 5470
3 412 5463 5260
3 1072 5261 5463
3 5463 5261 5260
3 1063 5280 5272
3 1063 5262 5280
3 5280 5262 1071
3 5262 415 1071
3 1065 5464 5263
3 5263 5464 1064
3 1065 5465 5464
3 1066 5284 5265
3 5265 5284 3267
3 5284 5264 3267
3 5264 5284 5829
3 3268 5266 5466
3 5466 5266 5265
3 3269 5467 3270
3 3270 5467 3268
3 3269 1067 5467
3 412 5260 5468
3 426 5468 1069
3 5260 5270 5468
3 5468 5270 1069
3 1065 5469 5465
3 1065 5271 5469
3 5469 5271 415
3 5273 5470 3649
3 426 1069 3479
3 1069 5471 3479
3 5471 3480 3479
3 3480 5471 3579
3 1069 5455 5471
3 5471 5455 3579
3 5455 5457 3579
3 1130 5472 5461
3 1129 5472 5457
3 1130 5458 5472
3 5472 5458 5457
3 5459 3264 1130
3 3264 5459 3262
3 5460 411 5459
3 5459 411 3262
3 1129 5456 1132
3 1132 5456 5482
3 5456 1077 5482
3 5456 1070 1077
3 5461 5473 5462
3 1133 5474 5473
3 5473 5474 5462
3 5474 1131 5462
3 1131 5474 1134
3 1133 5475 5474
3 5474 5475 1134
3 1133 5473 5476
3 5461 5476 5473
3 5461 5472 5476
3 5476 5472 1132
3 5472 1129 1132
3 5283 5477 1135
3 5661 5477 1076
3 5283 5287 5477
3 5477 5287 1076
3 5283 1135 5285
3 1135 5478 5285
3 5478 1075 5285
3 1138 5479 5480
3 1074 5282 5479
3 5479 5282 5480
3 5282 1137 5480
3 1137 5282 5481
3 1132 5482 1139
3 5482 1077 5483
3 1140 5484 5486
3 1133 5485 5484
3 5484 5485 5486
3 5485 1139 5486
3 1133 5476 5485
3 5485 5476 1139
3 5476 1132 1139
3 1140 5599 5484
3 1141 5487 5599
3 5599 5487 5484
3 5487 1133 5484
3 1133 5487 5475
3 1141 5488 5487
3 5487 5488 5475
3 5488 1134 5475
3 1068 5490 5289
3 1131 5489 5490
3 5490 5489 5289
3 1131 1134 5489
3 1131 5490 5460
3 5460 5490 5269
3 5490 1068 5269
3 1068 1067 5269
3 1142 5492 1144
3 1144 5492 5491
3 5492 5493 5491
3 5492 1143 5493
3 1145 5494 1143
3 1143 5494 5493
3 1145 1146 5494
3 5496 5495 5497
3 5495 1147 5497
3 1146 1145 5495
3 5499 5496 5498
3 5496 5497 5498
3 5497 1148 5498
3 1148 5497 1147
3 5499 5498 5500
3 5498 1149 5500
3 1149 5498 5647
3 5498 1148 5647
3 5501 1150 5502
3 1150 5501 5646
3 5501 5500 5646
3 5500 1149 5646
3 1151 5504 5503
3 5504 1144 5503
3 5504 1142 1144
3 1152 5505 1153
3 1152 5640 5505
3 5505 5640 1151
3 1198 5507 5506
3 5507 1153 5506
3 5507 1152 1153
3 1154 5508 5645
3 5508 1150 5645
3 1150 5508 5502
3 5397 5383 5509
3 5509 5383 1198
3 5510 5397 5509
3 5552 5511 1146
3 1146 5511 5494
3 1156 5512 5511
3 5511 5512 5494
3 5512 5493 5494
3 5513 5496 5514
3 5496 5513 5495
3 5552 1146 5513
3 5513 1146 5495
3 5550 5514 5515
3 5514 5499 5515
3 5499 5514 5496
3 5515 5517 5516
3 5517 5500 5516
3 5500 5517 5499
3 5517 5515 5499
3 5518 5502 5519
3 5502 5518 5501
3 5521 5516 5518
3 5518 5516 5501
3 5516 5500 5501
3 1157 5521 5520
3 1157 5522 5521
3 5521 5522 5516
3 5522 5515 5516
3 1159 5523 5519
3 5523 1158 5519
3 5519 1158 5518
3 1158 5520 5518
3 5520 5521 5518
3 1158 5523 1160
3 1160 5523 5526
3 5523 1159 5526
3 1162 5524 1161
3 1161 5524 5526
3 5524 5525 5526
3 1161 5526 1159
3 1157 5520 5657
3 1158 5527 5520
3 5520 5527 5657
3 1158 1160 5527
3 5527 1160 5529
3 1160 5528 5529
3 5528 1163 5529
3 1160 5526 5528
3 5526 5525 5528
3 1163 5528 5530
3 5528 5525 5530
3 5525 1164 5530
3 1164 5525 5832
3 5525 5524 5832
3 1166 5536 1165
3 5538 5531 5536
3 5536 5531 1165
3 1165 5531 5532
3 5538 5831 5531
3 5531 5831 5532
3 5831 1167 5532
3 5533 1166 1165
3 1166 5533 5534
3 5533 1168 5534
3 1168 1169 5534
3 1170 5535 1171
3 1171 5535 5593
3 5535 1168 5593
3 5535 1169 1168
3 1172 5538 5536
3 1172 5537 5538
3 1172 5536 5539
3 5536 1166 5539
3 1166 5610 5539
3 5610 1166 1169
3 1166 5534 1169
3 5610 1169 5541
3 1169 5540 5541
3 5540 1173 5541
3 1173 5540 1170
3 1169 5535 5540
3 5540 5535 1170
3 5542 5544 5836
3 5544 5542 5543
3 1173 1170 5542
3 5542 1170 5543
3 5543 1174 5544
3 1174 5543 5545
3 1170 1171 5543
3 5543 1171 5545
3 1175 5546 5548
3 1144 5547 5546
3 5546 5547 5548
3 5547 1156 5548
3 1156 5547 5512
3 1144 5491 5547
3 5547 5491 5512
3 5491 5493 5512
3 1151 5503 1176
3 1176 5503 5549
3 5503 1175 5549
3 1175 5503 5546
3 5503 1144 5546
3 5514 5550 1177
3 1177 5550 5660
3 5515 5522 5550
3 5550 5522 5660
3 5522 1157 5660
3 5514 5551 5513
3 5513 5551 5552
3 5551 5600 5552
3 5514 1177 5551
3 1178 5553 5555
3 1156 5554 5553
3 5553 5554 5555
3 5554 5600 5555
3 5600 5554 5552
3 1156 5511 5554
3 5554 5511 5552
3 1156 5553 5548
3 1178 5556 5553
3 5553 5556 5548
3 5556 1175 5548
3 1175 5556 5558
3 1178 5557 5556
3 5556 5557 5558
3 5557 1179 5558
3 1176 5559 1180
3 1180 5559 5560
3 5559 1179 5560
3 1179 5559 5558
3 1176 5549 5559
3 5559 5549 5558
3 5549 1175 5558
3 1180 5561 1181
3 1180 5560 5561
3 5561 5560 5562
3 5560 1179 5562
3 1153 5563 1182
3 1153 5505 5563
3 5563 5505 1176
3 5505 1151 1176
3 1182 5564 1183
3 1182 5563 5564
3 5564 5563 1180
3 5563 1176 1180
3 5597 5565 5566
3 1183 5566 5565
3 1183 5564 5566
3 5566 5564 1181
3 5564 1180 1181
3 1181 5561 1184
3 1184 5561 5567
3 5561 5568 5567
3 5561 5562 5568
3 1184 5569 5834
3 1184 5567 5569
3 5569 5567 5574
3 5567 5568 5574
3 1185 5570 5835
3 5570 5571 5835
3 5570 5544 5571
3 5544 1174 5571
3 1186 5572 5574
3 5572 1186 1185
3 1186 1187 1185
3 5568 5573 5574
3 5604 5574 5573
3 5604 5575 5574
3 5575 1186 5574
3 5604 5573 5576
3 5573 5562 5576
3 5562 5573 5568
3 1178 5577 5557
3 5577 1188 5557
3 1188 1179 5557
3 1179 1188 5562
3 1188 5576 5562
3 1154 5578 5508
3 5578 5579 5508
3 5579 5502 5508
3 5502 5579 5519
3 1159 5519 5580
3 5519 5579 5580
3 5580 5579 5581
3 5579 5578 5581
3 5581 5582 5580
3 5582 5583 5580
3 5583 1159 5580
3 1189 5584 5582
3 5582 5584 5583
3 5584 1159 5583
3 5584 1161 1159
3 5585 1189 5586
3 1189 5585 5584
3 1162 1161 5585
3 5585 1161 5584
3 1162 5587 1167
3 1162 5585 5587
3 5587 5585 5588
3 5585 5586 5588
3 1190 5589 5591
3 1168 5590 5589
3 5589 5590 5591
3 5590 5837 5591
3 5837 5590 5592
3 1168 5533 5590
3 5590 5533 5592
3 5533 1165 5592
3 1171 5593 1191
3 1191 5593 5634
3 5593 1190 5634
3 1190 5593 5589
3 5593 1168 5589
3 1192 5594 1191
3 1174 5595 5594
3 5594 5595 1191
3 1174 5545 5595
3 5595 5545 1191
3 5545 1171 1191
3 1174 5594 5571
3 5571 5594 5839
3 5594 1193 5839
3 1193 5594 1192
3 1184 5834 5596
3 1194 5597 5596
3 5597 5598 5596
3 5598 1184 5596
3 5597 5566 5598
3 5598 5566 1184
3 5566 1181 1184
3 1177 5599 5551
3 5551 5599 5600
3 5599 1140 5600
3 1177 1141 5599
3 1139 5601 5486
3 1178 5602 5601
3 5601 5602 5486
3 5602 1140 5486
3 1140 5602 5600
3 1178 5555 5602
3 5602 5555 5600
3 5483 5603 5482
3 1188 5577 5603
3 5603 5577 5482
3 5577 1139 5482
3 1139 5577 5601
3 5577 1178 5601
3 1195 5604 5605
3 5483 5605 5603
3 5604 5576 5605
3 5605 5576 5603
3 5576 1188 5603
3 1196 1186 5606
3 1195 5606 5604
3 1186 5575 5606
3 5606 5575 5604
3 1196 1187 1186
3 1187 1196 5607
3 5840 5608 5607
3 5608 5836 5607
3 5836 5608 5542
3 5608 1197 5542
3 1197 1173 5542
3 5609 1173 1197
3 1173 5609 5541
3 1138 5610 5609
3 5609 5610 5541
3 1137 5611 5480
3 1172 5539 5611
3 5611 5539 5480
3 5539 1138 5480
3 1138 5539 5610
3 1172 5611 5537
3 5537 5611 1137
3 5661 5529 5477
3 5529 1163 5477
3 1163 1135 5477
3 1135 1163 1164
3 1163 5530 1164
3 1198 5506 5619
3 5619 5506 1182
3 5506 1153 1182
3 5617 5509 1198
3 5612 5510 5617
3 5510 5509 5617
3 1155 5614 1199
3 1155 5510 5614
3 5614 5510 5612
3 1154 5613 5578
3 1154 5644 5613
3 5613 5644 1199
3 5644 1155 1199
3 5578 5613 5581
3 1199 5621 5613
3 5613 5621 5581
3 5614 1200 1199
3 5617 5615 5612
3 5612 5615 5614
3 5615 1200 5614
3 1198 5616 5617
3 5616 5618 5617
3 5617 5618 5615
3 1182 1183 5619
3 1198 5619 5616
3 1183 5565 5619
3 5619 5565 5616
3 1199 5620 5621
3 5581 5621 5582
3 5620 5629 5621
3 5621 5629 5582
3 1199 1200 5620
3 1200 5615 5622
3 5616 5623 5618
3 5623 5624 5618
3 5624 5615 5618
3 5615 5624 5622
3 5597 5625 5565
3 5625 5616 5565
3 5616 5625 5623
3 1194 5626 5597
3 5597 5626 5625
3 5626 5623 5625
3 5623 5626 1201
3 5622 5627 1202
3 5622 5624 5627
3 5627 5624 1201
3 5624 5623 1201
3 1200 5622 1203
3 5622 1202 1203
3 5620 1200 5628
3 1200 1203 5628
3 5629 1189 5582
3 1189 5629 5631
3 5620 5628 5629
3 5629 5628 5631
3 5628 5630 5631
3 1189 5631 5586
3 5630 5632 5631
3 5631 5632 5586
3 5628 5637 5630
3 5637 5628 1203
3 1203 1202 1205
3 1202 5627 5843
3 5627 1201 5843
3 1201 5626 5843
3 5626 1194 5843
3 5586 5632 5588
3 1204 5633 5638
3 5638 5633 5842
3 5633 5837 5842
3 5837 5633 5591
3 5633 1190 5591
3 1204 1190 5633
3 1190 1204 5634
3 5635 1204 5639
3 1204 5635 5634
3 1192 1191 5635
3 5635 1191 5634
3 1193 1192 5636
3 1192 5635 5636
3 5635 5639 5636
3 5639 1205 5636
3 1205 5639 5638
3 5639 1204 5638
3 5361 5640 1152
3 1151 5640 5641
3 5361 5441 5640
3 5640 5441 5641
3 5360 1198 5642
3 1198 5360 5507
3 5361 1152 5360
3 5360 1152 5507
3 1118 5383 5397
3 1198 5383 5642
3 5643 5510 1155
3 5510 5643 5397
3 1123 5416 5643
3 5643 5416 5397
3 5416 1121 5397
3 1154 1112 5644
3 1155 5644 5643
3 1112 5346 5644
3 5644 5346 5643
3 5346 1123 5643
3 1127 5645 1150
3 1154 5645 1112
3 1127 5420 5645
3 5645 5420 1112
3 5422 5452 1149
3 1127 5646 5452
3 5452 5646 1149
3 1127 1150 5646
3 1126 5421 1148
3 5422 5647 5421
3 5421 5647 1148
3 5422 1149 5647
3 5387 5408 5648
3 1126 5648 5408
3 1126 1148 5648
3 5648 1148 1147
3 1120 5386 5649
3 5387 5649 5386
3 1145 5649 5495
3 5387 5648 5649
3 5649 5648 5495
3 5648 1147 5495
3 1120 5649 5650
3 1145 5650 5649
3 1114 5650 5352
3 1145 1143 5650
3 5650 1143 5352
3 1115 5651 1142
3 1142 5651 5492
3 5651 1143 5492
3 1143 5651 5352
3 1115 5352 5651
3 1151 5641 5504
3 5641 5356 5504
3 5356 1142 5504
3 5356 1115 1142
3 5278 5652 5653
3 1197 5653 5652
3 1197 5608 5653
3 5653 5608 5840
3 1197 5652 5609
3 5278 5654 5652
3 5652 5654 5609
3 5654 1138 5609
3 1138 5654 5479
3 5278 5292 5654
3 5654 5292 5479
3 5292 1074 5479
3 1196 5655 1073
3 1196 5606 5655
3 5655 5606 5656
3 5606 1195 5656
3 1073 5830 1196
3 5830 5607 1196
3 1195 5291 5656
3 1077 5291 5483
3 1195 5605 5291
3 5291 5605 5483
3 1206 5658 5657
3 5658 1157 5657
3 1206 5659 5658
3 1141 5660 5659
3 5659 5660 5658
3 5660 1157 5658
3 1141 1177 5660
3 1206 5657 5662
3 5527 5661 5657
3 5657 5661 5662
3 5527 5529 5661
3 5663 5661 1076
3 5661 5663 5662
3 5289 5664 5663
3 5663 5664 5662
3 5664 1206 5662
3 5289 5489 5664
3 1134 5665 5489
3 5489 5665 5664
3 5665 1206 5664
3 1206 5665 5659
3 1134 5488 5665
3 5665 5488 5659
3 5488 1141 5659
3 3665 577 255
3 3028 519 3665
3 4925 453 3350
3 4926 5666 4925
3 4925 5666 453
3 954 4762 485
3 5973 5668 5860
3 5860 954 647
3 374 3211 5669
3 5669 3211 5671
3 3211 5730 5671
3 5730 3211 5670
3 3211 3212 5670
3 438 5671 5125
3 5671 5730 5125
3 438 5673 5671
3 438 5672 5673
3 5672 1207 5673
3 1207 5672 5674
3 438 3317 5672
3 5672 3317 5674
3 3317 388 5674
3 5675 1207 5676
3 1207 5675 5673
3 374 5669 5675
3 5675 5669 5673
3 5669 5671 5673
3 2976 5677 2975
3 325 2975 5677
3 325 3117 2975
3 3073 5696 297
3 531 5678 5696
3 5696 5678 297
3 5678 3117 297
3 531 215 5678
3 3459 5679 3662
3 3662 5679 3606
3 5679 3088 3606
3 3088 303 3606
3 5087 5680 3459
3 3459 5680 5679
3 5680 3088 5679
3 562 5681 5692
3 5692 5681 3114
3 5681 323 3114
3 562 561 5681
3 5065 5682 3460
3 3460 5682 5697
3 5682 3138 5697
3 3138 5064 5697
3 370 5683 3213
3 3213 5683 360
3 5683 361 360
3 361 5683 5691
3 370 3209 5683
3 5683 3209 5691
3 3209 373 5691
3 360 3185 3212
3 359 5684 3185
3 3185 5684 3212
3 3212 5684 5685
3 359 3467 5684
3 5684 3467 5685
3 3467 3468 5685
3 5686 3543 435
3 3543 5686 3542
3 5686 3197 3542
3 3197 366 3542
3 442 5687 5698
3 5687 536 5698
3 536 5073 5698
3 323 5681 3527
3 561 5688 5681
3 5681 5688 3527
3 561 5689 5688
3 442 5690 3543
3 3543 5690 3308
3 5690 3464 3308
3 3464 436 3308
3 361 5691 3545
3 5691 435 3545
3 435 5691 5686
3 5691 373 5686
3 373 3197 5686
3 3590 5755 3588
3 1208 5692 5755
3 5755 5692 3588
3 1208 562 5692
3 1209 2976 545
3 2976 1209 5677
3 1209 325 5677
3 5693 5700 303
3 5700 5693 5699
3 3089 555 5693
3 5693 555 5699
3 3339 3527 3882
3 3882 3527 663
3 1210 5695 5694
3 3460 5697 5087
3 5087 5697 5680
3 5697 5064 5680
3 5064 3088 5680
3 5698 3138 442
3 3138 5698 3139
3 5698 5073 3139
3 5073 335 3139
3 5699 1042 5700
3 1042 5699 5702
3 555 5701 5699
3 5699 5701 5702
3 1050 1052 5199
3 4810 5199 5696
3 1052 5696 5199
3 5694 5695 5213
3 5695 545 5213
3 545 5695 1209
3 3882 663 5232
3 663 1049 5232
3 663 5229 1049
3 5229 1050 1049
3 5703 2999 208
3 2999 5703 2998
3 211 210 5703
3 5703 210 2998
3 3526 5704 2999
3 2999 5704 2972
3 331 207 5704
3 5704 207 2972
3 3878 5705 3079
3 5689 5706 5705
3 5705 5706 3079
3 3079 5706 3628
3 5706 5689 3628
3 5689 561 3628
3 5707 338 302
3 338 5707 3144
3 5707 3089 3144
3 3089 3109 3144
3 338 5708 3085
3 5708 3105 3085
3 3105 294 3085
3 5072 5709 3146
3 334 5710 5709
3 5709 5710 3146
3 334 335 5710
3 344 5711 3159
3 5073 536 5711
3 365 3297 3198
3 431 5712 3297
3 3297 5712 3198
3 5712 3549 3198
3 3549 5712 3548
3 431 3595 5712
3 5712 3595 3548
3 3595 3187 3548
3 3220 3180 371
3 3180 372 371
3 372 3180 3298
3 371 3210 3221
3 370 5713 3210
3 3210 5713 3221
3 5713 5676 3221
3 5676 5713 5675
3 5713 370 5675
3 370 374 5675
3 3197 5714 3196
3 3196 5714 365
3 5714 372 365
3 3197 373 5714
3 4818 5723 3526
3 3526 5723 5704
3 332 331 5723
3 5723 331 5704
3 3159 5711 3549
3 536 5715 5711
3 5711 5715 3549
3 536 366 5715
3 5164 5716 5717
3 5716 543 5717
3 543 5716 5718
3 5716 1208 5718
3 1208 5701 5718
3 293 455 3086
3 455 3585 3086
3 3585 302 3086
3 302 3585 3608
3 5720 3079 563
3 3079 5720 3077
3 5720 3125 3077
3 3125 3080 3077
3 5228 5721 3878
3 3878 5721 5705
3 5721 3880 5705
3 3880 5689 5705
3 5722 546 5217
3 546 5722 5719
3 5722 5211 5719
3 5211 938 5719
3 5207 5723 4818
3 973 332 5723
3 338 3144 5072
3 334 5709 3144
3 3144 5709 5072
3 5724 3146 344
3 3146 5724 3145
3 5724 343 3145
3 343 339 3145
3 563 3629 5164
3 562 5725 3629
3 3629 5725 5164
3 5164 5725 5716
3 5725 562 5716
3 562 1208 5716
3 5228 5726 5207
3 5207 5726 5723
3 662 973 5726
3 5726 973 5723
3 208 5727 5217
3 5217 5727 5722
3 5727 2973 5722
3 2973 5211 5722
3 5228 5728 5721
3 1052 5230 5728
3 5728 5230 5721
3 5230 3880 5721
3 1207 5729 5676
3 377 5729 3235
3 1207 5674 5729
3 5729 5674 3235
3 5674 388 3235
3 3212 5685 5670
3 3468 5730 5685
3 5685 5730 5670
3 3468 3469 5730
3 5730 3469 5125
3 3469 3473 5125
3 5732 5733 2955
3 5733 5731 2955
3 4661 524 5694
3 524 945 5694
3 945 1210 5694
3 5732 524 4661
3 546 5733 3599
3 5733 5732 3599
3 5732 4661 3599
3 546 5719 5733
3 938 5734 5719
3 5719 5734 5733
3 938 947 5734
3 5171 427 5170
3 565 5170 5151
3 427 5167 5170
3 5170 5167 5151
3 5167 544 5151
3 3536 5735 5160
3 494 5735 1039
3 3536 5154 5735
3 5735 5154 1039
3 494 1039 3586
3 1039 5736 3586
3 5736 543 3586
3 543 5736 5717
3 1039 5162 5736
3 5736 5162 5717
3 5162 5164 5717
3 564 3630 8898
3 3630 5172 8898
3 5172 5255 8898
3 5737 5024 5738
3 5024 5026 5738
3 5026 5739 5738
3 5026 5025 5739
3 5739 5025 5740
3 5025 5029 5740
3 5038 5039 1044
3 1030 5741 5039
3 5039 5741 1044
3 1030 5176 5741
3 1038 5153 5743
3 5153 5742 5743
3 5742 420 5743
3 420 5742 3275
3 1041 5744 5751
3 5751 5744 5013
3 5744 471 5013
3 471 5744 1040
3 1041 5156 5744
3 5744 5156 1040
3 5824 5746 5159
3 5159 5746 5745
3 5746 3354 5745
3 3354 5746 3355
3 5160 454 5747
3 454 3609 5747
3 5747 3609 1040
3 3609 471 1040
3 1042 5165 5700
3 427 5748 5165
3 5165 5748 5700
3 1043 1038 5749
3 1038 5743 5749
3 5749 5743 5750
3 5743 420 5750
3 5159 5745 5171
3 5171 5745 3296
3 3296 5745 3392
3 5745 3354 3392
3 5153 5172 5742
3 5172 3275 5742
3 3275 5172 3273
3 5172 3630 3273
3 3630 505 3273
3 1022 5024 5013
3 5024 5751 5013
3 5024 1041 5751
3 1045 5752 5753
3 5752 3093 5753
3 1030 1024 5752
3 1045 5753 5754
3 5754 1211 5178
3 1211 5754 1029
3 5754 5753 1029
3 1042 5702 5166
3 5701 5755 5702
3 5702 5755 5166
3 5755 3590 5166
3 5701 1208 5755
3 5701 5756 5718
3 5718 5756 543
3 5756 3608 543
3 3608 5756 3607
3 5756 5701 3607
3 5701 555 3607
3 2847 2800 5757
3 228 3970 964
3 4795 4796 3970
3 3970 4796 964
3 3009 5758 5759
3 5758 4861 5759
3 5759 4861 234
3 4861 4862 234
3 5011 5760 5017
3 5017 5760 283
3 5760 284 283
3 5011 470 5760
3 341 5761 3072
3 456 5761 3659
3 341 5762 5761
3 5761 5762 3659
3 5762 314 3659
3 1037 5062 309
3 5062 1037 939
3 5798 311 3097
3 948 3371 311
3 3102 5762 5095
3 5095 5762 341
3 3102 314 5762
3 347 3553 3165
3 3165 3553 5817
3 3552 348 3553
3 3553 348 5817
3 354 3217 3174
3 3171 5763 3217
3 3217 5763 3174
3 3171 353 5763
3 3203 3174 368
3 3174 3203 3173
3 3311 3231 5764
3 3231 5765 5764
3 5764 5765 354
3 5765 384 354
3 3231 5123 5765
3 1064 5766 5264
3 5264 5766 417
3 1064 416 5766
3 305 430 429
3 430 305 5767
3 305 3092 5767
3 3092 304 5767
3 368 3204 432
3 353 3551 3204
3 3204 3551 432
3 353 433 3551
3 5123 5768 5765
3 5765 5768 384
3 5768 5128 384
3 5128 5768 5130
3 5768 5123 5130
3 5123 3241 5130
3 430 5767 3345
3 304 5769 5767
3 5767 5769 3345
3 5769 5770 3345
3 304 3342 5769
3 5769 3342 5770
3 3342 451 5770
3 3072 3358 3071
3 284 5771 3358
3 3358 5771 3071
3 5771 296 3071
3 296 5771 3379
3 284 5760 5771
3 5771 5760 3379
3 5760 470 3379
3 3912 5902 5912
3 3912 3000 5902
3 311 3372 3097
3 3372 466 3097
3 466 312 3097
3 466 4855 312
3 4855 967 312
3 3534 5774 3448
3 3148 5772 5774
3 5774 5772 3448
3 3148 3353 5772
3 965 4853 3520
3 4853 527 3520
3 4873 5773 4874
3 3148 5774 3149
3 3149 5774 5091
3 5774 3534 5091
3 3534 533 5091
3 5775 534 5089
3 534 5775 5090
3 5775 3141 5090
3 3141 5069 5090
3 5096 5816 3540
3 3540 5816 5097
3 5816 3156 5097
3 3156 5081 5097
3 5776 432 347
3 432 5776 3301
3 5776 3190 3301
3 3190 363 3301
3 3250 5129 5105
3 3250 5115 5129
3 5129 5115 539
3 5115 540 539
3 5147 542 5146
3 542 5115 5146
3 5146 5115 5140
3 420 5777 5750
3 5750 5777 5772
3 5777 3448 5772
3 420 3274 5777
3 3274 419 5777
3 5778 4656 3347
3 5779 429 3604
3 5779 305 429
3 228 964 5949
3 964 987 5949
3 3637 3636 3635
3 3194 5780 3636
3 3636 5780 3635
3 3194 3143 5780
3 3143 5067 5780
3 349 5781 3634
3 3634 5781 3637
3 5781 566 3637
3 349 364 5781
3 3306 5782 3638
3 3638 5782 567
3 5782 566 567
3 3306 3195 5782
3 567 5783 3641
3 3641 5783 3640
3 369 3206 5783
3 5783 3206 3640
3 3206 352 3640
3 3207 5784 3183
3 3183 5784 3642
3 5784 3641 3642
3 3641 3639 3642
3 380 5785 3313
3 3313 5785 3639
3 3643 3639 5785
3 5786 378 3315
3 378 5786 5132
3 5786 3643 5132
3 3643 568 5132
3 3646 5787 3645
3 3645 5787 397
3 5787 392 397
3 3646 5134 5787
3 3644 5788 3646
3 5102 569 5788
3 5150 5823 3648
3 404 5789 5823
3 5823 5789 3648
3 404 395 5789
3 5139 413 5790
3 570 5790 3650
3 5860 647 233
3 3012 5791 5948
3 5791 3012 5792
3 3012 3011 5792
3 461 3366 3916
3 5793 677 4794
3 677 963 4794
3 5806 5794 3931
3 3931 5794 5796
3 5794 3928 5796
3 258 5795 3968
3 4793 5795 4792
3 258 4792 5795
3 4793 677 5795
3 4793 963 677
3 678 3969 3976
3 3970 3003 3969
3 3969 3003 3976
3 4873 5796 5773
3 3931 5796 4873
3 3928 5773 5796
3 939 464 5797
3 5220 5797 5219
3 464 3368 5797
3 5797 3368 5219
3 3368 4656 5219
3 5778 3347 4672
3 4672 3347 5798
3 3347 4675 5798
3 5798 4675 311
3 4675 948 311
3 5799 5191 968
3 5191 5799 5190
3 1036 5058 5799
3 5799 5058 5190
3 5058 5059 5190
3 3095 5827 3096
3 3096 5827 309
3 5827 5190 309
3 3095 4814 5827
3 965 5800 5801
3 4843 5801 5800
3 465 4857 3372
3 4857 528 3372
3 528 466 3372
3 466 528 4855
3 528 527 4855
3 3011 4847 5792
3 3009 4847 5758
3 3010 234 4863
3 4878 4869 4877
3 4869 993 4877
3 4869 5802 692
3 995 4788 5802
3 4786 5803 4870
3 995 5803 4788
3 4786 4787 5803
3 5803 4787 4788
3 4870 4899 4872
3 4899 996 4872
3 5804 4872 997
3 4872 5804 4871
3 5804 4822 4871
3 4822 4785 4871
3 997 4872 5773
3 4872 4874 5773
3 4004 258 5805
3 5794 5806 4911
3 283 3062 5018
3 5051 5807 3062
3 3062 5807 5018
3 5018 5807 5027
3 5051 1025 5807
3 5807 1025 5027
3 5808 5809 5028
3 5809 5018 5028
3 5808 5014 5809
3 5810 5028 5038
3 5028 5810 5808
3 5810 5029 5808
3 1031 5042 5826
3 5047 5811 5042
3 5042 5811 5826
3 5811 5740 5826
3 5740 5811 5049
3 1033 5812 5047
3 5047 5812 5811
3 5812 5049 5811
3 5049 5812 5043
3 1033 5048 5812
3 5812 5048 5043
3 1034 1033 5813
3 1033 5046 5813
3 5813 5046 1036
3 5046 5045 1036
3 310 3096 4665
3 3096 5062 4665
3 5062 939 4665
3 3635 5780 5089
3 5067 5814 5780
3 5780 5814 5089
3 5089 5814 5775
3 5814 5067 5775
3 5067 3141 5775
3 5074 5815 3533
3 3533 5815 533
3 5815 534 533
3 5074 3152 5815
3 3156 5816 5078
3 5816 316 5078
3 316 5816 3147
3 5816 5096 3147
3 5096 341 3147
3 5817 3540 3165
3 538 5818 3565
3 538 3571 5818
3 5818 3571 542
3 3571 540 542
3 3648 5789 5819
3 395 5819 5789
3 3644 5819 5788
3 395 3245 5819
3 5819 3245 5788
3 3245 5102 5788
3 539 5820 5128
3 539 3570 5820
3 5820 3570 439
3 3570 441 439
3 5134 5821 5787
3 5787 5821 392
3 5821 379 392
3 5134 568 5821
3 5822 416 541
3 416 5822 5766
3 5822 5147 5766
3 5147 417 5766
3 570 3649 5150
3 401 5823 3649
3 3649 5823 5150
3 401 404 5823
3 1043 5824 5825
3 3604 5825 5779
3 5824 5158 5825
3 5825 5158 5779
3 5826 1044 1031
3 1044 5826 5844
3 5826 5740 5844
3 5190 5827 5191
3 5191 5827 4804
3 5827 4814 4804
3 4814 969 4804
3 553 554 5220
3 554 4802 5220
3 5220 4802 4667
3 968 5828 1034
3 968 4804 5828
3 5828 4804 1028
3 4804 969 1028
3 417 3267 5264
3 5285 1075 5829
3 1075 5263 5829
3 5263 1075 5281
3 1075 5481 5281
3 5274 5653 5830
3 5829 1064 5264
3 1064 5829 5263
3 3649 3650 5273
3 3650 1063 5273
3 3650 5790 1063
3 5790 413 1063
3 5478 1136 1075
3 1136 5481 1075
3 1136 1137 5481
3 1162 1167 5524
3 1167 5831 5524
3 5524 5831 5538
3 5537 5832 5538
3 5832 5524 5538
3 5537 5833 5832
3 5833 1164 5832
3 5571 5834 5835
3 1185 5835 5572
3 5834 5569 5835
3 5835 5569 5572
3 5569 5574 5572
3 1187 5836 1185
3 1185 5836 5570
3 5836 5544 5570
3 5588 5837 5587
3 5837 5838 5587
3 5838 1167 5587
3 1167 5838 5532
3 5837 5592 5838
3 5838 5592 5532
3 5592 1165 5532
3 1194 5839 1193
3 5571 5839 5834
3 1194 5596 5839
3 5839 5596 5834
3 1187 5607 5836
3 5537 1137 5833
3 1136 5841 1137
3 1137 5841 5833
3 5841 1164 5833
3 1136 5478 5841
3 5841 5478 1164
3 5478 1135 1164
3 5638 5842 5630
3 5630 5842 5632
3 5842 5588 5632
3 5588 5842 5837
3 5843 1193 5636
3 5843 1194 1193
3 1205 1202 5636
3 1202 5843 5636
3 5637 5638 5630
3 1203 1205 5637
3 5637 1205 5638
3 5607 5830 5840
3 5830 5653 5840
3 5844 5038 1044
3 5038 5844 5810
3 5844 5740 5810
3 5740 5029 5810
3 5750 3580 5749
3 3355 5845 3580
3 3580 5845 5749
3 5845 1043 5749
3 1043 5845 5824
3 3355 5746 5845
3 5845 5746 5824
3 2988 5868 3134
3 2988 5847 5868
3 5868 5847 189
3 5847 190 189
3 5846 2977 2948
3 217 5847 2988
3 5847 5852 190
3 227 5848 5900
3 5900 5848 5899
3 3002 3426 5848
3 5848 3426 5899
3 227 3031 3001
3 667 5849 3031
3 3031 5849 3001
3 5850 326 3437
3 326 5850 3337
3 5850 3116 3337
3 3116 298 3337
3 5695 1210 5858
3 5858 1210 327
3 946 3444 3123
3 946 4772 3444
3 4772 3508 3444
3 297 326 3073
3 326 3337 3073
3 3073 3337 5864
3 449 5851 3602
3 449 3340 5851
3 452 954 4758
3 2978 5846 480
3 2978 2977 5846
3 3116 5850 3433
3 3433 5850 5215
3 5850 3437 5215
3 3437 501 5215
3 220 5852 217
3 217 5852 5847
3 220 3122 5852
3 3122 3123 5852
3 321 5853 3593
3 321 449 5853
3 5853 449 3603
3 187 3902 3414
3 571 5854 3902
3 3902 5854 3414
3 5854 193 3414
3 193 5854 3002
3 571 3655 5854
3 5854 3655 3002
3 3340 5855 5851
3 3340 3881 5855
3 491 571 5856
3 3987 5856 5857
3 571 5857 5856
3 3987 5857 3986
3 5857 666 3986
3 666 5953 3986
3 5953 666 3409
3 666 480 3409
3 1209 5695 5858
3 5863 327 946
3 327 5863 3120
3 448 3120 5863
3 1012 5859 4971
3 1012 1212 5859
3 955 5860 5668
3 955 4762 5860
3 5860 4762 954
3 956 960 5861
3 958 5862 4865
3 958 3909 5862
3 5862 3909 959
3 3909 668 959
3 974 5864 3338
3 5864 3337 3338
3 4763 957 4850
3 669 958 4866
3 958 452 4866
3 4866 452 4758
3 667 5865 4919
3 4919 5865 956
3 5865 960 956
3 667 262 5865
3 3442 5866 5859
3 5867 4971 5866
3 5866 4971 5859
3 4974 5867 4975
3 4974 1012 5867
3 3134 5868 3135
3 4974 4975 5868
3 5868 4975 3135
3 5853 5182 5181
3 5182 1046 5181
3 5853 3603 5182
3 3603 500 5182
3 5179 5187 5180
3 1048 5869 5187
3 5187 5869 5180
3 5869 307 5180
3 307 5869 3343
3 5869 1048 3343
3 1048 450 3343
3 1049 5200 5231
3 974 5203 5200
3 5200 5203 5231
3 325 5858 501
3 325 1209 5858
3 3881 5233 5855
3 5855 5233 5234
3 5233 5204 5234
3 5233 5231 5204
3 1029 5753 5036
3 8720 5870 5055
3 9566 5055 5870
3 9566 5871 5055
3 4625 933 932
3 933 5872 932
3 5872 4619 2852
3 2852 51 5872
3 51 2852 5873
3 2852 2706 5873
3 5873 2706 5874
3 2706 74 5874
3 74 36 5874
3 5874 36 2583
3 36 2560 2583
3 2583 2560 5875
3 2560 2584 5875
3 2584 2560 5876
3 2560 2827 5876
3 2827 2713 5876
3 118 5876 2713
3 2584 5876 5877
3 118 5877 5876
3 52 5877 2712
3 118 2712 5877
3 2712 54 52
3 3853 54 2712
3 3837 53 3853
3 3853 53 54
3 2716 3837 2586
3 3837 55 2586
3 2922 2925 2924
3 2925 2926 2924
3 2925 153 2926
3 3851 3848 3852
3 3851 2917 2930
3 2859 2896 5878
3 2896 2859 2862
3 2897 2820 2937
3 2937 2938 2897
3 2938 5880 2897
3 2938 182 5880
3 182 1214 5880
3 182 5879 1214
3 182 3849 5879
3 3849 173 5879
3 2857 5878 5883
3 1214 161 5880
3 1214 5881 161
3 161 5881 2883
3 2897 5880 5883
3 5883 5880 161
3 5883 161 5882
3 5883 1213 2897
3 153 2857 3848
3 2857 5882 3848
3 5882 161 3848
3 5881 5879 5884
3 5881 1214 5879
3 2917 5884 2936
3 5884 173 2936
3 173 5884 5879
3 2896 1213 5878
3 2896 2897 1213
3 1213 5883 5878
3 5883 5882 2857
3 161 2883 3848
3 114 121 3864
3 3864 2903 5885
3 2900 5885 168
3 5885 2903 168
3 2900 168 2910
3 168 2894 2910
3 2894 5886 2910
3 2894 2892 5886
3 2892 5887 5886
3 5887 2892 2913
3 2892 2912 2913
3 2887 5888 171
3 5888 2887 2885
3 175 171 5887
3 175 2887 171
3 2948 2977 2992
3 2948 195 5846
3 5846 195 3409
3 195 5889 3409
3 2966 5890 5891
3 5890 2950 5891
3 5891 2950 191
3 5954 2971 479
3 479 2971 3407
3 2971 2949 3407
3 2974 209 445
3 445 209 3826
3 209 5906 3826
3 188 2979 2980
3 188 206 2979
3 5892 3444 2974
3 3444 5892 3443
3 5892 2997 3443
3 2997 206 3443
3 2947 2992 4680
3 2997 2979 206
3 2983 5893 225
3 2966 5893 5890
3 2983 3406 5893
3 5893 3406 5890
3 226 3000 3913
3 3913 3000 3912
3 237 5895 5894
3 5894 5895 477
3 249 5896 3019
3 3019 5896 248
3 5896 3022 248
3 3022 5896 3021
3 5896 250 3021
3 5897 328 4676
3 5899 459 5900
3 459 5899 3365
3 5899 3426 3365
3 3426 460 3365
3 461 5901 4778
3 4778 5901 3904
3 5901 5902 3904
3 5902 5948 3904
3 237 3388 5895
3 250 5903 3388
3 3388 5903 5895
3 250 5896 5903
3 5903 5896 5895
3 5896 249 5895
3 491 5904 3425
3 3425 5904 460
3 491 689 5904
3 4690 5905 4686
3 4686 5905 3501
3 5905 3439 3501
3 3439 5905 3438
3 5905 4690 3438
3 4690 502 3438
3 2981 2983 225
3 3502 5894 3831
3 5894 477 3831
3 3509 3507 523
3 2955 5906 3508
3 5906 209 3508
3 2990 444 3504
3 444 523 3504
3 444 3509 523
3 445 3826 5908
3 5932 5908 3826
3 5932 4771 5908
3 3502 3831 3503
3 3503 3831 5909
3 3831 572 5909
3 5910 962 5911
3 962 5910 4918
3 3911 685 5910
3 5910 685 4918
3 3913 3912 687
3 687 3912 3975
3 3912 5912 3975
3 228 5913 3921
3 228 5907 5913
3 262 5914 3925
3 5914 5900 3925
3 5900 459 3925
3 682 3939 5916
3 5917 5915 3939
3 3939 5915 5916
3 5915 460 5916
3 5917 459 5915
3 684 3958 5919
3 682 5918 3958
3 3958 5918 5919
3 5918 689 5919
3 689 5918 5904
3 682 5916 5918
3 5918 5916 5904
3 5916 460 5904
3 3911 5920 3973
3 3973 5920 5917
3 5920 459 5917
3 3911 670 5920
3 690 5921 3988
3 491 5856 5921
3 5921 5856 3988
3 5856 3987 3988
3 684 5922 3978
3 3978 5922 3989
3 5922 5923 3989
3 5923 5922 3977
3 684 5919 5922
3 5922 5919 3977
3 5919 689 3977
3 478 5923 3408
3 3408 5923 3988
3 5923 3977 3988
3 3977 690 3988
3 3989 3979 3978
3 3979 3981 3978
3 5924 4677 467
3 4677 5924 4676
3 5924 949 4676
3 3441 4678 5924
3 4678 949 5924
3 3441 5925 4678
3 4678 5925 4681
3 5925 5859 4682
3 5925 3442 5859
3 5926 5956 5927
3 1014 5928 5926
3 953 4683 4972
3 4972 4683 5952
3 4683 2967 5952
3 953 4684 4683
3 953 4693 4684
3 4684 4693 4685
3 4693 950 4685
3 950 4693 5929
3 4693 4692 5929
3 950 5929 4687
3 5929 4688 4687
3 4688 5929 5930
3 4692 952 5929
3 5929 952 5930
3 951 5930 649
3 952 649 5930
3 5931 447 502
3 447 5931 3947
3 5931 5909 3947
3 5909 572 3947
3 5932 5906 5731
3 5906 2955 5731
3 461 5933 3366
3 3366 5933 961
3 960 5934 5933
3 5933 5934 961
3 5911 962 4779
3 4840 5935 3022
3 3022 5935 4797
3 5935 987 4797
3 4884 4844 4829
3 4844 4885 4829
3 983 990 226
3 951 3830 984
3 951 649 3830
3 4834 984 202
3 202 984 3505
3 984 3830 3505
3 985 4835 201
3 4834 5936 4835
3 4835 5936 201
3 4834 202 5936
3 4837 4838 235
3 235 4838 3013
3 985 201 4838
3 4838 201 3013
3 986 5937 3024
3 3024 5937 3387
3 4837 235 5937
3 5937 235 3387
3 986 3025 4840
3 4840 3025 253
3 986 3024 3025
3 253 966 4841
3 5938 4841 966
3 4841 5938 4842
3 965 5801 5938
3 5938 5801 4842
3 988 4843 674
3 674 4843 5800
3 979 4896 674
3 4896 988 674
3 4896 989 988
3 989 4895 983
3 4895 990 983
3 4895 978 990
3 4832 5939 4844
3 4885 4844 5939
3 4884 989 4844
3 960 5940 5934
3 5934 5940 3910
3 262 670 5940
3 5940 670 3910
3 3913 5941 5939
3 3913 687 5941
3 1014 5927 4973
3 1014 5942 1013
3 1013 5942 4976
3 1014 5943 5942
3 5942 5943 4976
3 5943 523 4976
3 4974 5944 4973
3 4974 188 5944
3 5944 188 2980
3 5000 328 4628
3 5000 5946 328
3 467 4677 5945
3 4677 4999 5945
3 1215 5947 5946
3 1216 5972 5968
3 5968 5972 4999
3 5972 5945 4999
3 3000 5948 5902
3 3000 3012 5948
3 4842 5949 987
3 3366 961 3916
3 3916 961 4911
3 961 4779 4911
3 5913 5907 4843
3 5949 5801 5907
3 5907 5801 4843
3 5949 4842 5801
3 2959 2948 4681
3 5859 1212 4682
3 1212 2959 4682
3 1212 5955 2959
3 3979 5950 2949
3 3979 478 5950
3 191 2949 2971
3 2971 2970 191
3 2970 5928 191
3 5928 5891 191
3 5928 5951 5891
3 5891 5951 2967
3 2967 5951 5952
3 5928 5952 5951
3 5928 1014 5952
3 1014 1013 5952
3 3408 3986 3407
3 3986 5953 3407
3 5953 479 3407
3 479 5953 5889
3 5953 3409 5889
3 5889 5954 479
3 5889 195 5954
3 195 5955 5954
3 5954 5955 2970
3 5955 205 2970
3 205 5955 5956
3 5955 1212 5956
3 1212 5957 5956
3 5956 5957 5927
3 1212 1012 5957
3 5927 5957 4973
3 5957 1012 4973
3 5733 5734 5731
3 947 5958 5734
3 5734 5958 5731
3 947 3133 5958
3 2955 524 5732
3 8644 2526 1059
3 9644 5961 5959
3 5959 5961 5960
3 5961 3845 5960
3 5961 499 3845
3 1009 4965 5963
3 1007 5962 4965
3 4965 5962 5963
3 5962 5965 5963
3 1007 4960 5962
3 4960 1006 5962
3 4962 4963 5964
3 1008 5964 4963
3 1006 5964 5962
3 1008 5965 5964
3 5964 5965 5962
3 3075 5966 5975
3 651 5966 3847
3 5966 3075 3847
3 3845 5967 5960
3 5967 1217 5960
3 3845 3844 5967
3 3844 3627 5967
3 4999 5947 5968
3 5947 4999 5946
3 4629 5003 5000
3 5000 5003 5946
3 5003 1215 5946
3 650 5970 9644
3 9644 5970 5961
3 5970 499 5961
3 3026 5971 4967
3 1005 1218 5971
3 233 4970 5860
3 4970 5973 5860
3 4970 1011 5973
3 5945 5972 4998
3 1216 5005 5972
3 5972 5005 4998
3 1216 1020 5005
3 8859 9647 5974
3 4967 5971 246
3 1218 246 5971
3 1218 1003 246
3 971 5975 1219
3 1219 5975 2282
3 971 4812 5975
3 4812 3075 5975
3 247 3018 5976
3 1004 5976 3018
3 1004 1220 5976
3 1220 5977 5976
3 1001 5977 4969
3 5977 1220 4969
3 1220 1010 4969
3 654 3869 655
3 3869 1008 655
3 1054 5237 9650
3 1051 5202 5237
3 5237 5202 9650
3 5202 1219 9650
3 5202 971 1219
3 450 8835 9651
3 8835 450 5189
3 450 1048 5189
3 497 496 5212
3 496 9652 5212
3 5978 5212 9652
3 1217 5967 5978
3 5967 3627 5978
3 5979 3435 299
3 5979 5980 3435
3 5980 1047 3435
3 665 5981 3884
3 3884 5981 3076
3 5981 299 3076
3 299 5981 5979
3 9566 6552 5871
3 1053 5982 6552
3 6552 5982 5871
3 1053 5221 5982
3 5221 289 5982
3 1221 5983 5984
3 497 5984 5983
3 1221 5984 3431
3 3431 5984 3430
3 5986 6186 5985
3 6186 1222 5985
3 1222 6021 5985
3 6021 1222 6261
3 1222 5987 6261
3 6024 5988 5986
3 6024 6025 5988
3 5989 6305 6091
3 6305 1223 6091
3 6238 5990 6191
3 1226 5990 1227
3 5990 1228 6246
3 5990 1226 1228
3 1228 1226 5991
3 1229 5992 6173
3 1230 5993 6172
3 5993 1231 6172
3 8887 5997 5996
3 5997 1229 5996
3 1228 5991 1232
3 5991 1230 1232
3 1230 5991 5998
3 5991 1226 5998
3 1233 5999 6247
3 1230 5998 5993
3 5998 1234 5993
3 1234 5998 1226
3 6312 6001 6000
3 6000 6001 6240
3 1238 6015 6002
3 6002 6015 1237
3 1239 6003 6004
3 7425 6004 1240
3 6010 6150 6009
3 6007 6010 6006
3 1241 6184 6168
3 6168 6184 7555
3 7426 6011 1242
3 1233 1241 1243
3 6001 7552 1244
3 1244 7552 6184
3 6001 6012 7552
3 6001 6312 6012
3 1239 6014 6003
3 1239 6015 6014
3 6014 6015 6016
3 6015 1245 6016
3 6187 6017 6189
3 5987 1222 6017
3 1246 8253 6188
3 2236 6018 6019
3 6326 6019 6018
3 6192 2237 6089
3 2237 8260 6089
3 6187 6020 1248
3 6187 6279 6020
3 6329 1354 1249
3 1249 8254 6260
3 6108 6022 1251
3 1251 6022 6021
3 6022 5985 6021
3 5985 6022 1250
3 5985 1250 5986
3 1250 6023 5986
3 6023 6024 5986
3 6023 6110 6024
3 6110 6112 6024
3 6024 6112 6025
3 6183 6283 6026
3 6026 6283 1252
3 6026 1252 6000
3 6244 6027 1253
3 6244 7424 6027
3 6027 7424 1238
3 6243 6315 6028
3 1252 6028 6315
3 6031 6028 1254
3 1252 6118 6028
3 6028 6118 1254
3 1256 6029 1255
3 1256 6030 6029
3 6029 6030 6031
3 6030 1257 6031
3 6932 6032 1258
3 6032 6033 1258
3 1258 6033 6034
3 1254 6118 1259
3 1261 6036 1260
3 6036 1261 6037
3 1261 1262 6037
3 1263 6038 1265
3 1264 6038 6040
3 1263 6039 6038
3 6038 6039 6040
3 1264 6040 6111
3 6040 1262 6111
3 1262 6040 6037
3 6039 6041 6040
3 6040 6041 6037
3 6122 6042 6043
3 6120 6043 1266
3 6042 6129 6043
3 6043 6129 1266
3 1268 6044 6046
3 6042 6045 6044
3 6044 6045 6046
3 6045 1267 6046
3 6042 6122 6045
3 1256 1269 6030
3 1269 1256 6207
3 1270 6047 6048
3 6047 1269 6048
3 1257 6030 6047
3 6047 6030 1269
3 1272 6049 6051
3 1271 6050 6049
3 6049 6050 6051
3 6050 1267 6051
3 1267 6050 6046
3 1271 6052 6050
3 6050 6052 6046
3 6052 1268 6046
3 6053 1273 1274
3 6054 6056 6055
3 6056 6053 6055
3 6056 1273 6053
3 1287 6057 6058
3 6186 6060 6059
3 5988 6025 6185
3 6025 9569 6185
3 9569 6025 6114
3 9570 1276 6121
3 1276 1260 6121
3 1276 6113 1260
3 6113 1261 1260
3 6120 1266 6061
3 1278 6061 1277
3 6061 1266 1277
3 1274 6221 6062
3 6304 6063 6064
3 6082 6064 6066
3 6063 6077 6064
3 6064 6077 6066
3 6077 6075 6066
3 6065 1287 6058
3 1287 6065 6066
3 6065 6083 6066
3 6067 1280 6068
3 1280 6067 1279
3 1281 6162 6067
3 6067 6162 1279
3 6080 6069 1283
3 1283 6069 1282
3 1282 6069 6070
3 6069 1281 6070
3 6934 6071 6933
3 6147 6933 6071
3 1286 6926 6073
3 1285 6072 6926
3 6926 6072 6073
3 6072 1279 6073
3 1285 6074 6072
3 6072 6074 1279
3 6074 1280 1279
3 6063 6076 6077
3 6076 6078 6077
3 6077 6078 6075
3 6078 1287 6075
3 1286 6073 6925
3 6925 6073 6079
3 6073 6080 6079
3 6073 1279 6080
3 6081 6158 6161
3 6066 6083 6082
3 6075 1287 6066
3 1288 6065 1289
3 1289 6065 6104
3 6065 6058 6104
3 1288 6083 6065
3 1228 1225 6246
3 1225 6084 6246
3 6086 1293 6087
3 6019 6089 8260
3 6019 6326 6089
3 6001 1244 6240
3 6249 6240 1244
3 1224 6183 6026
3 6091 6035 5989
3 6035 6090 5989
3 6009 6150 7555
3 6091 1223 9568
3 1297 6093 6092
3 6092 6093 6094
3 6093 1265 6094
3 1297 6095 6093
3 6093 6095 1265
3 6095 1263 1265
3 1271 6049 6097
3 1272 6096 6049
3 6049 6096 6097
3 6096 1299 6097
3 1299 6096 6099
3 1272 6098 6096
3 6096 6098 6099
3 6098 1298 6099
3 1300 6100 1303
3 1303 6100 6101
3 6100 1302 6101
3 1302 6100 6103
3 1300 6102 6100
3 6100 6102 6103
3 6102 1301 6103
3 6057 6104 6058
3 1289 6104 1304
3 1283 1282 1305
3 1282 6105 1305
3 1305 6105 6106
3 1306 6107 8892
3 1306 6108 6107
3 6107 6108 1251
3 1250 6109 1264
3 1264 6109 6038
3 6109 1265 6038
3 1250 6022 6109
3 6022 6108 6109
3 1262 6110 6111
3 6110 6023 6111
3 6111 6023 1264
3 6023 1250 1264
3 1262 6112 6110
3 1262 1261 6112
3 1261 6113 6112
3 6112 6113 6114
3 6113 1307 6114
3 1308 6182 6115
3 6116 6283 6183
3 1259 6118 6116
3 6118 6283 6116
3 1254 1259 6314
3 1259 6117 6314
3 6117 6119 6314
3 6117 1309 6119
3 1260 6120 6121
3 9570 6121 1278
3 6120 6061 6121
3 6121 6061 1278
3 6037 6122 6036
3 6122 6123 6036
3 6123 1260 6036
3 1260 6123 6120
3 6122 6043 6123
3 6123 6043 6120
3 6037 6124 6122
3 6122 6124 6045
3 6124 1267 6045
3 6037 6041 6124
3 6041 6039 6124
3 1267 6124 6051
3 6039 6125 6124
3 6124 6125 6051
3 6125 1272 6051
3 1272 6125 6126
3 6125 6039 6126
3 6039 1263 6126
3 1272 6126 6098
3 1263 6127 6126
3 6126 6127 6098
3 6127 1298 6098
3 1298 6127 6128
3 1263 6095 6127
3 6127 6095 6128
3 6095 1297 6128
3 6042 6130 6129
3 6129 6130 6131
3 6130 6136 6131
3 1268 6133 6132
3 6132 6133 6134
3 6133 1310 6134
3 1310 6133 6135
3 1268 6052 6133
3 6133 6052 6135
3 6052 1271 6135
3 6134 6136 6132
3 6136 6130 6132
3 6130 1268 6132
3 1268 6130 6044
3 6130 6042 6044
3 6131 6137 6129
3 6129 6137 1266
3 6137 1277 1266
3 1299 6138 6097
3 1311 6139 6138
3 6138 6139 6097
3 6139 1271 6097
3 1271 6139 6135
3 1311 6140 6139
3 6139 6140 6135
3 6140 1310 6135
3 1234 1227 6141
3 6142 6153 1240
3 1245 6144 6016
3 6143 6145 6144
3 6144 6145 6016
3 6146 6071 6179
3 6146 6147 6071
3 6148 6149 6322
3 6150 6005 7555
3 6005 6168 7555
3 1242 6007 6006
3 6142 4982 6153
3 6153 4982 6008
3 1236 1243 1241
3 7420 7421 1270
3 7422 6154 7421
3 7421 6154 1270
3 1270 6154 6047
3 7422 6155 6154
3 6154 6155 6047
3 6155 1257 6047
3 6316 6156 6157
3 6157 1258 6034
3 1281 6158 6081
3 1281 6067 6158
3 6158 6067 6159
3 6067 6068 6159
3 6160 6164 6161
3 1279 6162 6080
3 1281 6069 6162
3 6162 6069 6080
3 1288 6163 6083
3 6083 6163 6160
3 6272 6164 6163
3 6163 6164 6160
3 2837 6165 2673
3 1313 6165 1312
3 2837 6166 6165
3 6165 6166 1312
3 8653 6248 6320
3 1314 6167 6248
3 6248 6167 6320
3 6167 6180 6320
3 6180 6167 1315
3 6007 6005 6010
3 6010 6005 6150
3 6005 1235 6168
3 6174 6277 1316
3 6170 6323 6276
3 6323 1231 6276
3 6274 6172 1317
3 1318 6173 6273
3 1318 6178 6173
3 6174 6169 6277
3 6170 6171 6323
3 1317 6149 6274
3 6175 6273 6148
3 6175 1318 6273
3 8887 6176 1319
3 5996 6177 2684
3 2684 6177 2685
3 2685 6177 6178
3 6179 1320 6180
3 1251 6021 1292
3 1292 6021 6261
3 1056 6181 2688
3 1224 6182 6183
3 1233 6184 1241
3 6186 6185 6060
3 1233 6247 6184
3 6247 1244 6184
3 6247 6249 1244
3 1224 1296 6182
3 6182 1296 1294
3 6185 6186 5988
3 6186 5986 5988
3 6300 6182 1308
3 6182 6300 6183
3 6300 6116 6183
3 6187 6189 6188
3 6059 1222 6186
3 1222 6059 6017
3 1275 6189 6059
3 6059 6189 6017
3 1223 6305 6190
3 6282 6115 6088
3 6115 6182 6088
3 6182 1294 6088
3 6245 6192 6191
3 6245 1321 6192
3 5987 6017 1293
3 6187 6193 6017
3 6017 6193 1293
3 1293 6193 6194
3 6193 6187 6194
3 6187 1248 6194
3 6087 6195 1323
3 6195 1322 1323
3 6239 6196 6275
3 6309 6275 6196
3 1321 6197 1291
3 1295 6282 6088
3 6282 1295 6198
3 1247 6199 6190
3 6190 6199 1223
3 6199 9568 1223
3 1247 6327 6199
3 6282 6018 6305
3 1324 6076 6200
3 6076 6063 6200
3 6201 6206 6202
3 7359 6203 1328
3 1327 6357 6203
3 6357 6358 6203
3 7386 6204 6205
3 1329 7373 1278
3 6227 1331 6208
3 6119 1332 1333
3 1332 6119 1309
3 6206 6207 1256
3 6206 1334 6207
3 6208 1331 6340
3 1331 7373 6340
3 6136 6214 6131
3 6053 6209 6214
3 6214 6209 6131
3 6053 1274 6209
3 1310 6210 6134
3 1300 6211 6210
3 6210 6211 6134
3 6134 6211 6213
3 1300 6212 6211
3 6211 6212 6213
3 6212 6055 6213
3 6134 6213 6136
3 6055 6214 6213
3 6213 6214 6136
3 6055 6053 6214
3 1274 6062 6209
3 6062 6137 6209
3 6137 6131 6209
3 1300 6210 6102
3 1310 6215 6210
3 6210 6215 6102
3 6215 1301 6102
3 1301 6215 6216
3 1310 6140 6215
3 6215 6140 6216
3 6140 1311 6216
3 123 2726 6218
3 122 6217 2726
3 2726 6217 6218
3 6217 1301 6218
3 1301 6217 6103
3 122 6219 6217
3 6217 6219 6103
3 6219 1302 6103
3 1273 6220 1336
3 1336 6220 1335
3 1273 6056 6220
3 6056 6054 6220
3 1274 1336 1337
3 1274 1273 1336
3 1337 6221 1274
3 1337 1338 6221
3 1335 6220 6222
3 6054 6222 6220
3 6054 6223 6222
3 6222 6223 6224
3 6223 1303 6224
3 1303 6225 6224
3 1303 6101 6225
3 6225 6101 6226
3 6101 1302 6226
3 6237 6227 6228
3 6227 6237 1331
3 6237 1330 1331
3 1287 6229 6057
3 6057 6229 6231
3 6229 1339 6231
3 1287 6230 6229
3 6230 1340 6229
3 1340 6230 1341
3 1341 6230 8270
3 1287 6078 6230
3 6230 6078 8270
3 6078 6076 8270
3 6057 6231 6104
3 6231 1304 6104
3 1304 6231 6232
3 6231 1339 6232
3 1339 6291 6232
3 1304 6233 6262
3 6262 6233 6234
3 6233 1342 6234
3 1304 6232 6233
3 6232 6291 6233
3 1343 6236 6390
3 1343 6235 6236
3 6202 6206 1255
3 1256 1255 6206
3 6228 1309 6237
3 1309 6228 1344
3 6237 6324 1330
3 1330 6324 6090
3 6237 1309 6324
3 1225 6239 6197
3 1296 6240 6249
3 1296 1224 6240
3 1252 6241 6000
3 6242 1253 6243
3 7422 6244 6242
3 6242 6244 1253
3 1321 6245 6084
3 6084 6245 6246
3 6245 6191 6246
3 1294 6247 6088
3 6247 5999 6088
3 5999 1295 6088
3 6144 6248 6143
3 6143 6248 8653
3 6144 1314 6248
3 1319 8886 6196
3 8886 134 133
3 6249 6247 1296
3 6247 1294 1296
3 1332 1309 1344
3 1323 6250 6251
3 6196 6251 6250
3 135 6251 133
3 6196 8886 6251
3 6251 8886 133
3 1298 6128 6253
3 1297 6252 6128
3 6128 6252 6253
3 6252 136 6253
3 136 6252 2763
3 1297 6254 6252
3 6252 6254 2763
3 6254 137 2763
3 1311 6138 6256
3 1299 6255 6138
3 6138 6255 6256
3 6255 138 6256
3 138 6255 2767
3 1299 6257 6255
3 6255 6257 2767
3 6257 139 2767
3 1227 1234 1226
3 1243 1227 1233
3 1243 1236 1227
3 1240 6004 1345
3 1345 6004 8646
3 6004 6258 8646
3 6004 6003 6258
3 1319 1225 5994
3 1229 6173 5996
3 5996 6173 6177
3 6173 6178 6177
3 8887 1319 5997
3 5997 1319 5995
3 1319 5994 5995
3 5995 1229 5997
3 6152 7556 6259
3 1248 6328 6194
3 6328 6195 6194
3 1291 6260 8254
3 1291 6275 6260
3 1292 6261 6086
3 5987 1293 6261
3 6261 1293 6086
3 1300 1303 6212
3 1303 6223 6212
3 6223 6055 6212
3 6055 6223 6054
3 1289 6262 6263
3 6262 6234 6263
3 1289 1304 6262
3 1313 6264 6263
3 6264 1289 6263
3 6264 1288 1289
3 6265 1347 6106
3 1347 1305 6106
3 6266 6267 6544
3 1283 1305 6266
3 6266 1305 6267
3 1306 6268 6108
3 6108 6268 6109
3 6268 6094 6109
3 6094 1265 6109
3 6148 6269 6175
3 6148 6322 6269
3 1235 6005 7429
3 1312 6270 6271
3 6270 6265 6271
3 6271 6265 6272
3 6265 6106 6272
3 6173 5992 6273
3 5992 6172 6273
3 6273 6172 6274
3 1348 6169 6174
3 6149 6148 6274
3 6148 6273 6274
3 1251 1292 6107
3 8892 6107 6181
3 1292 6086 6107
3 6107 6086 6181
3 1293 6194 6087
3 6087 6194 6195
3 6197 6275 1291
3 6197 6239 6275
3 6196 1225 1319
3 1225 6196 6239
3 6276 6141 6170
3 1231 5993 6276
3 6276 5993 6141
3 5993 1234 6141
3 6277 6169 1349
3 6169 6259 1349
3 6259 8649 1349
3 8648 1349 8649
3 6238 1295 5999
3 1227 5999 1233
3 1227 5990 5999
3 5999 5990 6238
3 1350 8258 6192
3 6192 8258 2237
3 6106 6278 6272
3 6272 6278 6164
3 6164 6278 6317
3 6106 6105 6278
3 6278 6105 6317
3 6105 1282 6317
3 6279 6188 8253
3 6188 6279 6187
3 1295 6238 6198
3 6191 6192 6238
3 6178 1318 6280
3 1318 6281 6280
3 1318 6175 6281
3 6175 6269 6281
3 2685 6178 2800
3 2800 6178 6280
3 6322 6174 6269
3 6018 6282 6326
3 1257 6155 6031
3 6031 6155 6028
3 6155 6243 6028
3 6243 6155 6242
3 6155 7422 6242
3 1252 6283 6118
3 6932 1258 6284
3 6284 1258 6285
3 6083 6160 6082
3 6161 6303 6160
3 6160 6303 6082
3 6161 6158 6303
3 6286 7420 1270
3 7420 6286 7419
3 6034 6033 6286
3 6286 6033 7419
3 6033 6032 7419
3 1297 6092 6254
3 6094 6287 6092
3 6092 6287 6254
3 6287 137 6254
3 6094 6288 6287
3 6288 145 6287
3 6234 6289 146
3 146 6289 2811
3 6289 147 2811
3 147 6289 1342
3 6289 6234 1342
3 1339 6290 6292
3 6292 6290 1335
3 6290 1336 1335
3 1339 6229 6290
3 6229 6306 6290
3 6290 6306 1336
3 6306 1337 1336
3 6229 1340 6306
3 6224 6291 6222
3 6291 6292 6222
3 6292 1335 6222
3 6291 1339 6292
3 1342 6233 6294
3 6291 6293 6233
3 6233 6293 6294
3 6293 6226 6294
3 6226 6293 6225
3 6293 6291 6225
3 6291 6224 6225
3 1301 6216 6218
3 1311 6295 6216
3 6216 6295 6218
3 6295 123 6218
3 123 6295 2819
3 1311 6256 6295
3 6295 6256 2819
3 6256 138 2819
3 1351 6360 1352
3 6179 8652 1320
3 1320 8652 1353
3 6179 6071 8652
3 6296 6156 6297
3 6156 6296 6157
3 6296 6285 6157
3 6285 1258 6157
3 6080 1283 6079
3 1283 6298 6079
3 6079 6298 6542
3 1283 6266 6298
3 6298 6266 6542
3 6266 6544 6542
3 6299 1305 1347
3 1305 6299 6267
3 6300 1308 5989
3 1308 6305 5989
3 2236 6301 1247
3 6112 6114 6025
3 5989 6090 6300
3 6324 6302 6090
3 6090 6302 6300
3 6302 6116 6300
3 6302 1259 6116
3 6082 6303 6064
3 6303 6304 6064
3 6303 6158 6304
3 6158 6159 6304
3 6282 6305 6115
3 6115 6305 1308
3 1275 6325 1246
3 6306 1338 1337
3 1338 6306 6307
3 1340 1341 6306
3 6306 1341 6307
3 1354 6329 6328
3 6035 6308 6090
3 6308 1330 6090
3 6309 1323 1322
3 1323 6309 6250
3 6309 6196 6250
3 147 1342 2828
3 1342 6310 2828
3 6310 151 2828
3 151 6310 6311
3 1342 6294 6310
3 6310 6294 6311
3 6294 6226 6311
3 6202 1255 1333
3 1238 6002 6241
3 6241 6002 6000
3 6002 6312 6000
3 6002 1237 6312
3 6011 7427 6007
3 7427 7428 6007
3 1242 6010 6313
3 6012 6013 6313
3 1237 6013 6312
3 6012 6312 6013
3 1252 6027 6241
3 6027 1238 6241
3 6314 6031 1254
3 6031 6314 6029
3 6119 1333 6314
3 6314 1333 6029
3 1333 1255 6029
3 6007 1242 6011
3 1253 6027 6243
3 1252 6315 6027
3 6027 6315 6243
3 6191 5990 6246
3 6034 6286 6157
3 1270 6048 6286
3 6286 6048 6157
3 6048 6316 6157
3 6048 1269 6316
3 1281 6081 6070
3 6161 6317 6081
3 6081 6317 6070
3 6317 1282 6070
3 6161 6164 6317
3 1312 6166 6270
3 6270 6166 6318
3 6166 2836 6318
3 2836 6166 2837
3 6180 6319 6179
3 6179 6319 6146
3 6180 1315 6319
3 6320 8655 8653
3 8655 6320 8654
3 6320 6180 8654
3 6180 1320 8654
3 6272 6163 6271
3 1288 6321 6163
3 6163 6321 6271
3 6321 1312 6271
3 1288 6264 6321
3 6321 6264 1312
3 6264 1313 1312
3 1225 1228 5994
3 1229 1230 5992
3 1230 6172 5992
3 1229 1232 1230
3 5995 5994 1229
3 1229 5994 1232
3 5994 1228 1232
3 1321 1290 1350
3 6171 6322 6323
3 6322 6149 6323
3 6281 1316 6280
3 1231 1317 6172
3 1317 1231 6323
3 6281 6269 6174
3 6174 1316 6281
3 1317 6323 6149
3 2800 6280 5757
3 5757 6280 1316
3 6018 2236 1247
3 1321 6084 6197
3 6084 1225 6197
3 1224 6026 6240
3 6026 6000 6240
3 1259 6324 6117
3 6117 6324 1309
3 1259 6302 6324
3 1275 1246 6189
3 1246 6188 6189
3 6325 1247 6301
3 6198 6238 6089
3 6192 6089 6238
3 1249 1322 6329
3 1322 1249 6309
3 1249 6260 6309
3 6309 6260 6275
3 1321 1291 1290
3 6282 6198 6326
3 6198 6089 6326
3 6325 6327 1247
3 1354 6328 6020
3 6328 1248 6020
3 1291 8254 1290
3 8254 6085 1290
3 1321 1350 6192
3 6305 6018 6190
3 6018 1247 6190
3 6195 6329 1322
3 6195 6328 6329
3 6085 1350 1290
3 6085 8258 1350
3 1346 146 2856
3 1346 6263 146
3 6263 6234 146
3 6330 2506 6331
3 6332 1358 6333
3 1358 6332 6336
3 6332 1356 6336
3 6205 1356 6335
3 6335 1356 6332
3 6205 6204 1356
3 1357 6335 6334
3 6335 6332 6334
3 1357 6205 6335
3 1356 6337 6336
3 1356 6338 1359
3 1356 6204 6338
3 6337 1356 1359
3 6337 6339 1361
3 1360 6339 1359
3 6337 1359 6339
3 6340 6205 1357
3 6205 6340 7386
3 6340 7373 7386
3 1361 6341 1362
3 6343 6341 1360
3 1361 6339 6341
3 6341 6339 1360
3 1362 6342 1363
3 6356 6342 6343
3 1362 6341 6342
3 6342 6341 6343
3 6236 6344 6390
3 6344 1364 6390
3 6390 1364 6345
3 1363 6342 6346
3 6346 6342 6356
3 6356 6347 6346
3 6347 6349 6346
3 6356 6348 6347
3 6348 6350 6347
3 6347 6350 6349
3 6350 6352 6349
3 6350 6351 6352
3 6351 1365 6352
3 6350 6353 6351
3 6353 6354 6351
3 6351 6354 1365
3 6354 1371 1365
3 6353 6380 6354
3 6380 1366 6354
3 1362 1363 6411
3 6343 6355 6356
3 6355 1367 6356
3 6343 1327 6355
3 6357 1360 6358
3 6357 1327 1360
3 1327 6343 1360
3 1360 1359 6358
3 1359 6338 6358
3 1361 1362 6359
3 6359 1362 6411
3 1357 6360 6340
3 6360 6208 6340
3 6227 6208 1351
3 6208 6360 1351
3 1368 7368 9581
3 6363 6361 6362
3 6362 6364 6363
3 6361 6365 6362
3 6365 6364 6362
3 9584 6363 6364
3 1369 6366 9584
3 6366 6393 9584
3 6364 7369 9584
3 7369 1369 9584
3 6364 6367 7369
3 6364 6365 6367
3 6365 6418 6367
3 6345 1364 6363
3 1364 6368 6363
3 6363 6368 6361
3 6368 6369 6361
3 6368 6415 6369
3 6415 1351 6369
3 6370 1333 1332
3 1333 6370 6371
3 6370 6236 6371
3 6236 6235 6371
3 6371 6202 1333
3 6202 6371 6201
3 6371 6235 6201
3 6235 1326 6201
3 6236 6370 6344
3 1332 6344 6370
3 1364 6344 1344
3 1332 1344 6344
3 6382 6372 6373
3 6372 1370 6373
3 1370 6372 1324
3 1325 6076 6372
3 6372 6076 1324
3 9583 6374 6376
3 1371 6375 6374
3 6374 6375 6376
3 6375 1366 6376
3 1366 6375 6354
3 6375 1371 6354
3 1352 9572 9579
3 9572 1352 6334
3 1352 6360 6334
3 6360 1357 6334
3 1326 6377 9582
3 6377 7360 9582
3 7360 1372 9582
3 1367 6378 6356
3 6356 6378 6348
3 6378 6384 6348
3 6378 6379 6384
3 1370 6376 1366
3 9583 6376 9582
3 6376 1370 9582
3 1370 1373 9582
3 6382 6373 6380
3 6380 6373 1366
3 6373 1370 1366
3 6350 6381 6353
3 6353 6381 6380
3 6385 6382 6381
3 6381 6382 6380
3 6348 6384 6350
3 6350 6384 6381
3 6379 6385 6384
3 6384 6385 6381
3 6396 1371 6383
3 6396 1365 1371
3 6386 1375 6387
3 6389 6392 6386
3 7361 1372 7360
3 1372 7361 6388
3 7361 6387 6388
3 6387 1375 6388
3 6389 6390 6345
3 6389 6386 6390
3 6386 6387 6390
3 1374 6392 1376
3 6416 1376 1377
3 1376 6394 1377
3 6391 6393 6366
3 6394 1376 6391
3 1376 6392 6391
3 6392 6393 6391
3 6366 1369 6391
3 1369 6394 6391
3 1378 6395 6399
3 6395 7372 6399
3 6398 1365 6402
3 1365 6396 6402
3 6396 6397 6402
3 6396 6417 6397
3 1378 6399 6397
3 6399 6400 6397
3 6410 6401 6403
3 6410 6403 6400
3 6401 6402 6403
3 6402 6397 6403
3 6397 6400 6403
3 6401 6398 6402
3 1358 1379 6333
3 6405 1379 6404
3 1379 6331 6333
3 1379 6406 6331
3 6331 6406 6330
3 6406 1355 6330
3 6407 1355 6406
3 1380 6408 1383
3 1383 6408 1382
3 1380 1381 6408
3 6404 6412 6405
3 6412 6409 6405
3 6409 6410 6400
3 6410 6409 6412
3 6412 6411 6410
3 6410 6411 6401
3 6404 6413 6412
3 6413 6359 6412
3 6412 6359 6411
3 1379 1358 6404
3 1358 6413 6404
3 6398 6401 6414
3 6349 6414 6346
3 1365 6398 6352
3 6352 6398 6349
3 6349 6398 6414
3 6415 1344 6228
3 6415 6368 1344
3 6368 1364 1344
3 6415 6228 1351
3 6228 6227 1351
3 6416 9578 6395
3 6416 1377 9578
3 6395 6417 6416
3 1376 6416 6417
3 1376 6417 1374
3 6417 6383 1374
3 6383 6417 6396
3 6369 1385 6361
3 6369 1351 1385
3 1385 1351 1352
3 6365 6361 1386
3 1386 6361 1385
3 6365 1386 6418
3 1386 9573 6418
3 1389 6419 6538
3 1388 6419 6420
3 6419 1389 6420
3 1389 1387 6420
3 1390 1392 6421
3 1390 6422 1392
3 1392 6423 6421
3 6423 7017 6421
3 7017 6423 7016
3 6423 6424 7016
3 6425 1393 6426
3 1393 8325 6426
3 1397 6428 6429
3 1395 6430 6428
3 6428 6430 6429
3 6430 6431 6429
3 6430 1396 6431
3 1398 6433 1399
3 1399 6433 6432
3 6433 8404 6432
3 8336 7012 6434
3 7012 7015 6434
3 1401 6437 6436
3 6436 6437 6438
3 6437 8518 6438
3 1402 6440 6439
3 6439 6440 6441
3 1703 8856 6463
3 1405 8856 1404
3 8573 6444 1406
3 1406 6444 7467
3 6444 7468 7467
3 7468 6444 6445
3 1407 8328 1409
3 2259 6447 8328
3 8328 6447 1409
3 2259 6446 6447
3 6446 1408 6447
3 9617 1410 8497
3 1410 9616 8497
3 1410 8517 9616
3 6437 1401 6448
3 1408 6449 1412
3 6449 1411 1412
3 1413 6427 6450
3 6450 6427 9590
3 6427 1394 9590
3 2246 6451 1414
3 6453 1424 6452
3 6454 6456 6455
3 6454 6465 6456
3 6423 6457 6424
3 1416 6458 6459
3 1416 6482 6458
3 1418 6460 1417
3 1417 6460 6461
3 6460 7490 6461
3 1418 1419 6460
3 1478 6462 1405
3 1405 6462 8856
3 6462 6463 8856
3 6462 6556 6463
3 6454 6464 6465
3 6464 6466 6465
3 1420 6467 6468
3 1422 6469 6623
3 6623 6469 6470
3 6469 6473 6470
3 1422 1423 6469
3 1416 1424 6471
3 6610 6472 1423
3 1423 6472 6469
3 8344 6473 6472
3 6472 6473 6469
3 9585 6426 6474
3 6426 1425 6474
3 9585 6474 6457
3 6474 6424 6457
3 6475 6474 6476
3 6474 6475 6478
3 8266 6477 6475
3 6475 6477 6478
3 8266 6479 6477
3 6477 6479 7018
3 6479 6480 7018
3 1388 6420 1426
3 1387 6481 6420
3 6420 6481 1426
3 6471 6482 1416
3 6483 1407 1409
3 6454 6485 6464
3 6454 6486 6485
3 6485 6486 6487
3 6486 1414 6487
3 1427 6488 1428
3 1429 6489 6490
3 1453 6490 1398
3 6489 6433 6490
3 6490 6433 1398
3 6491 1431 6492
3 1430 7119 6491
3 6491 7119 1431
3 1433 8445 1432
3 7102 6493 6494
3 6494 1405 1404
3 8413 6495 6496
3 6495 8519 6496
3 6496 8519 6497
3 8519 8520 6497
3 8494 6498 8493
3 1435 6500 6499
3 6499 6500 6501
3 6500 8424 6501
3 1436 6502 1427
3 1427 6502 6488
3 1439 6503 6504
3 6503 1438 6504
3 1399 6505 6506
3 7434 6506 1440
3 6505 6911 6506
3 6506 6911 1440
3 1441 8532 7442
3 8532 7443 7442
3 1442 6507 1445
3 1445 6507 1444
3 1442 1443 6507
3 6508 6897 8450
3 6897 8448 8450
3 6879 6509 1447
3 6879 9592 6509
3 6509 9592 1446
3 6510 1448 9618
3 1451 7536 8641
3 7536 7176 8641
3 7176 7536 1450
3 8548 9496 8547
3 7125 6512 6513
3 6512 6514 6513
3 6512 1452 6514
3 1453 6516 6515
3 6515 6516 1454
3 6893 1456 6517
3 1456 6893 7537
3 6893 8284 7537
3 8284 1455 7537
3 6518 1735 7279
3 8277 6520 6519
3 6520 1458 6519
3 1458 6520 6521
3 6520 1457 6521
3 1459 6522 6497
3 6497 6522 6496
3 6522 8413 6496
3 1460 6524 1462
3 1462 6524 6523
3 6524 1461 6523
3 1461 6524 6525
3 6493 6545 6494
3 6545 6526 6494
3 6526 1405 6494
3 6526 1478 1405
3 6555 6527 1460
3 1460 6527 6524
3 6527 6525 6524
3 6525 6527 6528
3 6529 1463 6530
3 1468 6533 1467
3 1467 6533 6531
3 6533 1465 6531
3 1465 1466 6531
3 1469 7380 7381
3 1469 6532 7380
3 7380 6532 1470
3 1465 6533 6534
3 6533 1472 6534
3 1472 6533 8863
3 6533 1468 8863
3 1468 1471 8863
3 6535 1473 7377
3 6537 6536 6849
3 6536 7377 6849
3 7377 1473 6849
3 6537 6538 6539
3 1468 1467 6540
3 1476 6540 1475
3 1467 7041 6540
3 6540 7041 1475
3 1463 6541 6530
3 6543 6542 1477
3 1477 6542 6544
3 6543 6079 6542
3 6267 6836 6544
3 6836 7380 6544
3 7380 1477 6544
3 5667 9364 3059
3 6299 8893 9364
3 9364 8893 3059
3 6844 6546 6547
3 1479 6547 8714
3 6546 6548 6547
3 6547 6548 8714
3 1480 6549 1483
3 1482 6549 6551
3 1480 6550 6549
3 6549 6550 6551
3 6550 1481 6551
3 1485 6553 1484
3 1484 6553 6552
3 6553 6554 6552
3 6553 8721 6554
3 6528 6527 2278
3 8466 6556 6557
3 6556 6462 6557
3 6557 6462 1478
3 6561 6559 6558
3 6558 6559 6560
3 6559 6595 6560
3 6561 1517 6559
3 1486 6562 6638
3 6638 6562 6563
3 6562 1487 6563
3 1487 6562 6564
3 6562 1486 6564
3 1486 6868 6564
3 6466 6565 1488
3 1488 6565 6566
3 6565 8468 6566
3 8469 9641 6568
3 1489 6568 9641
3 1489 6567 6568
3 6567 6602 6568
3 1491 6569 1490
3 1490 6569 6570
3 1492 6570 6569
3 1494 6571 1497
3 1494 9417 6571
3 6571 9417 1496
3 9417 1495 1496
3 1482 6551 6572
3 6551 1481 6572
3 1481 1499 6572
3 1499 1481 6574
3 1481 6573 6574
3 6573 1498 6574
3 6595 9406 6560
3 1500 6575 9406
3 9406 6575 6560
3 1500 7114 6575
3 1501 6576 1503
3 1504 6577 1507
3 1507 6577 1506
3 1504 1505 6577
3 9449 6578 6579
3 6555 6581 6580
3 6580 6581 1509
3 6582 6583 6584
3 6583 6585 6584
3 6583 1509 6585
3 1510 6587 6586
3 6587 6588 6586
3 6587 1678 6588
3 6498 8494 1512
3 8494 1511 1512
3 1513 6589 8753
3 8753 6589 8752
3 6589 1515 8752
3 1515 6589 6591
3 1513 6590 6589
3 6589 6590 6591
3 6590 1514 6591
3 6592 1486 6593
3 1486 6592 6866
3 6592 1516 6866
3 1516 1535 6866
3 1517 6594 6559
3 6559 6594 6595
3 6594 1518 6595
3 1501 6596 6576
3 6596 1502 6576
3 1502 6596 1519
3 7036 8749 1521
3 1521 6597 1520
3 6597 1522 1520
3 1524 6599 6598
3 6598 6599 6600
3 6599 1523 6600
3 1523 6599 6601
3 6599 1524 6601
3 1524 1525 6601
3 1706 6602 6603
3 6602 6567 6603
3 6603 6567 6604
3 6567 1489 6604
3 1526 1488 6949
3 1488 6566 9538
3 6566 6827 9538
3 1708 6605 6606
3 1527 6607 1528
3 1527 6606 6607
3 6607 6606 6605
3 1529 6609 6608
3 6609 1530 6608
3 1530 6609 9544
3 1529 6610 6609
3 6609 6610 9544
3 6474 1425 6903
3 1476 1475 6611
3 1494 6611 8803
3 1475 6612 6611
3 6611 6612 8803
3 8740 6613 6614
3 6613 6615 6614
3 6615 1532 6614
3 1532 6615 6616
3 1476 6611 1533
3 6611 1494 1497
3 2283 6617 8466
3 6617 6618 8466
3 8466 6618 6556
3 6556 6618 6463
3 6463 6618 6619
3 6618 1415 6619
3 1415 6618 6617
3 1534 6621 6620
3 6621 1401 6620
3 6623 6470 6622
3 6624 1517 6561
3 1535 6625 6624
3 6624 6625 1517
3 1535 1516 6625
3 8730 6626 8729
3 6626 9399 8729
3 8729 9399 6627
3 9399 1536 6627
3 1538 6628 8733
3 6628 6629 8733
3 6629 1537 8733
3 1539 6631 6630
3 1539 6676 6631
3 1501 6633 6632
3 6632 6633 6634
3 6633 1500 6634
3 8736 6635 6636
3 6635 6637 6636
3 6636 6637 1541
3 6637 1540 1541
3 6638 6563 8755
3 6593 1486 6638
3 1522 8734 1520
3 1520 8734 6639
3 8734 6640 6639
3 8734 8735 6640
3 1542 6642 6641
3 6641 6642 8741
3 1543 6644 1545
3 1545 6644 6643
3 6644 1544 6643
3 1546 6645 8746
3 8736 6645 6635
3 1548 6646 6647
3 6647 1547 6648
3 1549 6649 1550
3 1550 6649 8747
3 6649 1548 8747
3 1548 6649 6646
3 1549 1550 6650
3 1550 7050 6650
3 6650 7050 1551
3 1552 6651 8745
3 8745 6651 1551
3 1552 6653 6652
3 6652 6653 6654
3 6653 1759 6654
3 8754 7046 1554
3 1554 7046 6655
3 7046 1553 6655
3 8742 6656 6642
3 6656 1570 6642
3 6642 1570 1555
3 7059 6658 1556
3 1556 6658 6657
3 7059 6690 6658
3 6690 1557 6658
3 6688 6659 6687
3 6659 6660 6687
3 6660 6684 6687
3 6684 6660 1558
3 1559 1560 6683
3 1560 6662 6683
3 6683 6662 6663
3 6662 1561 6663
3 1561 6665 6663
3 6663 6665 6664
3 6665 6666 6664
3 6665 6700 6666
3 6789 6667 1562
3 1562 6667 6723
3 6667 6700 6723
3 6700 6667 6666
3 1565 6668 6799
3 6668 6669 6799
3 6669 1564 6799
3 1564 6669 1563
3 6976 6670 6671
3 6670 6672 6671
3 6672 6673 6671
3 6672 1566 6673
3 6646 6674 1568
3 1568 6674 6675
3 6674 1567 6675
3 1567 6674 1549
3 6646 6649 6674
3 6674 6649 1549
3 1551 6651 1569
3 1555 1570 1571
3 1572 6676 1539
3 1572 6691 6676
3 6676 6691 1573
3 1574 6677 6678
3 6790 6678 6680
3 6677 6679 6678
3 6678 6679 6680
3 6679 1575 6680
3 6666 6681 6664
3 1576 6682 6681
3 6681 6682 6664
3 6682 6663 6664
3 6663 6682 1577
3 6663 1577 6683
3 1559 6683 9461
3 1577 7096 6683
3 6683 7096 9461
3 7096 1578 9461
3 1579 6684 9466
3 6684 6685 9466
3 6685 6686 9466
3 6685 6661 6686
3 1579 6687 6684
3 6687 7057 6688
3 1557 6885 6689
3 6885 1557 6690
3 1580 6669 6668
3 1563 6669 1581
3 1580 6691 6669
3 6669 6691 1581
3 1583 6692 6693
3 9390 6693 6694
3 6692 9411 6693
3 6693 9411 6694
3 9411 1582 6694
3 1584 6695 1582
3 6673 6695 1585
3 1584 6696 6695
3 6695 6696 1585
3 1558 6697 1587
3 1558 6660 6697
3 6697 6660 1586
3 6660 6659 1586
3 6661 6699 6712
3 6712 6699 6698
3 6699 1587 6698
3 6699 1558 1587
3 6717 6700 6701
3 6700 6665 6701
3 6701 6665 6702
3 6665 1561 6702
3 1588 6704 6703
3 6704 6692 6703
3 6692 6704 6705
3 1588 9425 6704
3 6704 9425 6705
3 9425 1589 6705
3 1592 6725 1591
3 1590 6706 6725
3 6725 6706 1591
3 1590 6707 6706
3 1594 6708 1593
3 6727 6708 6709
3 1594 6709 6708
3 1587 6710 1595
3 1587 6697 6710
3 6710 6697 6711
3 6697 1586 6711
3 6809 6712 6713
3 6712 6698 6713
3 6698 1595 6713
3 6698 1587 1595
3 8780 6714 8779
3 6702 6715 6714
3 6714 6715 8779
3 6715 1596 8779
3 1596 6715 6716
3 6715 6797 6716
3 1597 6717 8784
3 6717 6701 8784
3 6701 8780 8784
3 8780 6701 6714
3 6701 6702 6714
3 1598 6718 8776
3 8776 6718 6719
3 6718 1597 6719
3 1598 6720 6718
3 6720 6721 6718
3 1588 6722 6721
3 6721 6722 6718
3 6722 1597 6718
3 1597 6722 6717
3 1588 6723 6722
3 6722 6723 6717
3 1599 6724 1601
3 6724 1600 6751
3 1602 6725 1592
3 1590 6725 6726
3 1602 8777 6725
3 6725 8777 6726
3 8777 1603 6726
3 1593 6708 1604
3 6727 8778 6708
3 6708 8778 1604
3 1606 6728 1605
3 1607 6730 6728
3 6728 6730 1605
3 1607 6729 6730
3 8758 6731 6733
3 6731 6732 6733
3 6732 8759 6733
3 8759 6732 6734
3 6731 8791 6732
3 6732 8791 6734
3 8791 1608 6734
3 1609 8778 1612
3 1610 6735 8778
3 8778 6735 1612
3 1610 1611 6735
3 1623 6736 6749
3 6749 6736 6737
3 6736 8763 6737
3 1623 1613 6736
3 1616 6739 6738
3 6738 6739 7074
3 6739 1615 7074
3 1616 6740 6739
3 6740 1614 6739
3 1617 6741 6742
3 1614 6740 6741
3 6741 6740 6742
3 6740 1616 6742
3 6743 1618 6744
3 6756 6745 6743
3 7156 6746 1620
3 7156 6747 6746
3 6746 6747 1619
3 6747 1621 1619
3 1632 6748 1624
3 1624 6748 6749
3 6748 1622 6749
3 1622 1623 6749
3 6750 1625 6751
3 1625 6750 6767
3 1626 6752 6750
3 6750 6752 6767
3 8914 6753 1625
3 1625 6753 8790
3 6753 6754 8790
3 6753 1627 6754
3 6744 6755 6743
3 6743 6755 6756
3 6755 1628 6756
3 6744 6757 6755
3 6758 8799 6759
3 8905 6760 6758
3 1629 6761 1631
3 1631 6761 9114
3 6761 1630 9114
3 1633 6762 8796
3 6762 1632 8796
3 1632 6763 6748
3 6763 1634 6748
3 1634 1622 6748
3 6752 6764 6765
3 6765 6764 6766
3 1622 1634 6764
3 6764 1634 6766
3 6752 6765 6767
3 6765 8912 6767
3 6767 8912 1625
3 8912 8914 1625
3 1635 6768 6957
3 9439 6769 6768
3 6768 6769 6957
3 9439 6770 6769
3 6771 1636 6772
3 1539 6630 6773
3 8732 6773 6630
3 8732 8748 6773
3 6773 8748 6774
3 8748 6972 6774
3 1572 1539 6775
3 1539 6773 6775
3 6775 6773 6776
3 6773 6774 6776
3 6975 6777 6775
3 6777 6778 6775
3 6778 1581 6775
3 6778 1563 1581
3 6777 6779 6778
3 6778 6779 1563
3 6779 1564 1563
3 1637 6780 6800
3 6800 6780 1591
3 6780 1592 1591
3 1637 1638 6780
3 6985 6781 1640
3 1602 6781 1639
3 8758 6782 6731
3 1641 8793 6782
3 6782 8793 6731
3 6744 1618 6783
3 6744 6783 6757
3 6757 6783 9119
3 1642 6784 6783
3 6783 6784 9119
3 1643 6785 1645
3 1644 6785 7108
3 1643 7108 6785
3 6839 6890 6787
3 6890 6786 6787
3 6788 1646 6789
3 1646 6788 6791
3 1583 6790 6788
3 6788 6790 6791
3 1577 6792 1569
3 1567 6792 6793
3 1577 6682 6792
3 6792 6682 6793
3 6682 1576 6793
3 1552 6794 1578
3 6686 6794 1647
3 1552 6652 6794
3 6794 6652 1647
3 7057 6687 6655
3 6655 6687 1579
3 1581 6691 1572
3 1573 6691 1580
3 1650 6795 1649
3 6973 6795 6796
3 1650 6796 6795
3 1588 6703 6723
3 1562 6723 6703
3 6717 6723 6700
3 1560 6797 6662
3 1561 6662 6702
3 6797 6715 6662
3 6662 6715 6702
3 1556 6657 1594
3 1594 6657 6709
3 6657 6798 6709
3 6657 6658 6798
3 1565 6799 6707
3 6707 6799 6706
3 6799 1564 6706
3 1564 1591 6706
3 1637 6800 6779
3 6779 6800 1564
3 6800 1591 1564
3 6801 6986 6802
3 1651 6803 6801
3 6803 1617 6801
3 1652 6804 1651
3 1651 6804 6805
3 6804 1598 6805
3 1598 6804 6720
3 1652 6806 6804
3 6804 6806 6720
3 6807 1606 1605
3 1606 6807 6808
3 6807 1615 6808
3 1615 6719 6808
3 1653 6809 9515
3 6809 6713 9515
3 6713 6811 9515
3 6811 6713 1595
3 6810 1654 6811
3 1654 6810 8770
3 1655 6812 6810
3 6810 6812 8770
3 1656 6814 1657
3 1657 6814 6813
3 6814 7053 6813
3 7053 6814 6815
3 1658 6816 6817
3 6816 8299 6817
3 8299 6816 1461
3 1462 6523 6816
3 6816 6523 1461
3 6818 6819 6820
3 6819 9599 6820
3 7354 9599 6819
3 6821 7354 6819
3 7354 1659 7340
3 6822 7490 6823
3 7490 6822 6461
3 1660 6461 6822
3 1529 6824 6825
3 6825 8415 6826
3 6602 6827 6568
3 6568 6827 1661
3 7107 9542 6829
3 1662 6828 9542
3 9542 6828 6829
3 6828 1523 6829
3 1662 7412 6828
3 451 6831 6830
3 6830 6831 1504
3 6831 1505 1504
3 451 9562 6831
3 5770 9464 3346
3 9464 6786 3346
3 1449 6832 8320
3 6832 6833 8320
3 6832 8296 6833
3 6498 6834 8493
3 6834 8421 8493
3 8421 1434 8493
3 1663 9543 9468
3 9543 8406 9468
3 1469 7381 6835
3 6267 6299 6836
3 6836 6299 9364
3 6837 1665 6838
3 1665 6837 6839
3 6959 6840 1666
3 1666 6840 9444
3 6840 6841 9444
3 6840 6960 6841
3 6561 6558 1667
3 6560 6842 6558
3 1479 6843 6547
3 6547 6843 6844
3 6843 1487 6844
3 1479 6845 6843
3 6845 1668 6843
3 1670 6847 6846
3 6847 1669 6846
3 1671 1445 6848
3 1671 8481 1445
3 8481 1442 1445
3 6849 1473 6505
3 1673 6537 6849
3 9594 6850 9593
3 6850 6851 9593
3 6851 6852 9593
3 6851 9603 6852
3 1917 6854 6853
3 1917 1674 6854
3 1485 1484 6855
3 1484 6856 6855
3 6856 1675 6855
3 1676 6857 1677
3 1677 6857 6858
3 1676 6859 6857
3 6857 6859 6860
3 1681 6862 1680
3 6862 1681 6863
3 1681 8339 6863
3 1682 6864 8285
3 8441 6865 6864
3 6864 6865 8285
3 6868 6866 6867
3 6867 6866 1535
3 6868 1486 6866
3 6867 8673 6868
3 8673 6867 6870
3 1535 6869 6867
3 6867 6869 6870
3 6869 1683 6870
3 6871 6528 2278
3 6525 6528 6872
3 6493 6872 6545
3 6528 6871 6872
3 6872 6871 6545
3 7102 6873 6493
3 6493 6873 6872
3 6873 6525 6872
3 6873 1461 6525
3 8297 1684 6874
3 1686 6876 6875
3 6876 8413 6875
3 1687 6877 1686
3 1686 6877 6876
3 6877 8413 6876
3 8413 6877 6495
3 1448 6878 9618
3 1437 6880 6878
3 6878 6880 9618
3 1447 6880 6879
3 6879 6880 1439
3 1689 6881 1688
3 7478 6881 7480
3 6881 1689 7480
3 1689 1432 7480
3 6959 1666 6882
3 1666 9446 6882
3 1690 6883 1505
3 1505 6883 6577
3 6883 6884 6577
3 6884 1506 6577
3 1571 6886 6885
3 6885 6886 6689
3 1571 1570 6886
3 6886 1570 6887
3 1515 6591 8756
3 1514 6888 6591
3 6591 6888 8756
3 6888 8740 8756
3 8740 6888 6613
3 1514 6889 6888
3 6888 6889 6613
3 1691 6890 7162
3 6839 6837 6890
3 6890 6837 7162
3 3346 6786 3400
3 6890 3400 6786
3 3400 6890 1691
3 6285 6296 1692
3 6297 6891 6296
3 6296 6891 1692
3 1692 6891 6892
3 6297 6892 6891
3 1693 6893 6894
3 6517 6894 6893
3 6895 7348 7477
3 6895 9591 7348
3 6895 6896 9591
3 6895 7477 6896
3 6508 6896 6897
3 6896 7477 6897
3 6431 7525 6429
3 1419 6898 7525
3 7525 6898 6429
3 6898 1397 6429
3 1419 1418 6898
3 9588 6900 1694
3 1694 6900 6899
3 6900 6901 6899
3 6900 1695 6901
3 9587 6902 1696
3 6902 7530 1696
3 6476 6903 8267
3 6903 6476 6474
3 8401 6904 6905
3 6904 6906 6905
3 1391 6422 6904
3 6904 6422 6906
3 6422 1390 6906
3 1390 6907 6906
3 1390 6908 6907
3 6907 6908 6910
3 6908 6480 6910
3 6479 6909 6480
3 6480 6909 6910
3 8403 6910 6909
3 1473 6911 6505
3 1440 6911 1464
3 1473 6535 6911
3 6911 6535 1464
3 6912 6913 6914
3 6912 6915 6913
3 6912 6916 6915
3 4926 955 6916
3 8404 6433 6917
3 6489 6917 6433
3 8401 6917 6904
3 6489 6918 6917
3 6917 6918 6904
3 6918 1391 6904
3 6538 6419 6539
3 6419 1388 6539
3 1388 1474 6539
3 1474 1388 7374
3 1388 6919 7374
3 6919 1697 7374
3 6943 6921 6920
3 6920 6921 1426
3 6921 1388 1426
3 1388 6921 6919
3 6921 1697 6919
3 1380 6920 6922
3 6922 6920 6923
3 6920 1426 6923
3 1380 6943 6920
3 7279 1735 6924
3 7379 6925 7450
3 7450 6925 6543
3 6925 6079 6543
3 7379 1286 6925
3 1285 6926 6927
3 6927 6926 7378
3 6926 1286 7378
3 1286 7379 7378
3 6852 6929 1699
3 1700 6930 6929
3 6285 6931 6284
3 6284 6931 6932
3 6931 1701 6932
3 6285 1692 6931
3 1383 6934 6933
3 6935 6842 6936
3 6842 6935 6558
3 6935 1702 6558
3 1702 1667 6558
3 1703 6619 6937
3 6937 6619 6938
3 6619 1415 6938
3 1576 6681 6939
3 6666 6939 6681
3 1646 6939 6789
3 6666 6667 6939
3 6939 6667 6789
3 1704 6940 1221
3 1221 6940 5983
3 6940 496 5983
3 1704 6941 6940
3 8415 6942 6826
3 5009 6942 3431
3 6942 8415 3431
3 1380 1383 6943
3 1383 6933 6943
3 6933 1284 6943
3 1705 1383 1382
3 1383 1705 6934
3 1706 6945 1708
3 1708 6945 6944
3 6945 1707 6944
3 1707 6945 9653
3 6945 7133 9653
3 1709 6947 6946
3 6947 1489 6946
3 1489 6947 6604
3 8832 9654 1710
3 9654 1491 1710
3 1710 1491 6948
3 1491 1490 6948
3 7496 1712 7127
3 1526 6949 1713
3 1713 6949 8854
3 8332 6950 1660
3 1417 6461 6950
3 6950 6461 1660
3 1529 6951 6610
3 1529 6825 6951
3 6951 6825 6952
3 6825 6826 6952
3 1681 1680 6954
3 1680 6953 6954
3 6953 1714 6954
3 1714 6955 6954
3 6955 1715 6954
3 1413 6450 1530
3 9590 6956 6450
3 6450 6956 1530
3 3400 1691 3445
3 1691 5255 3445
3 5255 1691 7162
3 6616 6957 6958
3 6769 6958 6957
3 1717 6958 1716
3 6769 9476 6958
3 6958 9476 1716
3 1520 6639 6959
3 6959 6639 6840
3 6639 6960 6840
3 6639 6640 6960
3 1514 6961 6889
3 1718 6962 6961
3 6961 6962 6889
3 6962 6613 6889
3 6613 6962 6964
3 1718 6963 6962
3 6962 6963 6964
3 6963 1635 6964
3 6965 506 3457
3 506 6965 7084
3 7160 6966 6965
3 6965 6966 7084
3 6966 1718 7084
3 7036 6967 8749
3 6967 1719 8749
3 1719 6967 1720
3 7036 6968 6967
3 6967 6968 1720
3 1636 6969 6772
3 1721 6970 6969
3 1656 1657 6971
3 1657 6972 6971
3 1657 6973 6972
3 6973 6974 6972
3 6974 6774 6972
3 6774 6974 6776
3 6776 1648 6975
3 6776 6974 1648
3 1648 6974 6796
3 6974 6973 6796
3 6975 6670 6777
3 6976 6777 6670
3 6777 6976 6779
3 6976 1637 6779
3 6976 6978 1637
3 6976 6977 6978
3 6977 1722 6978
3 1637 6978 1638
3 1722 6980 6978
3 6978 6980 1638
3 1722 6979 6980
3 1638 6980 6982
3 6979 6981 6980
3 6980 6981 6982
3 6981 1640 6982
3 6979 6983 6981
3 6983 6802 6981
3 6986 6984 8786
3 8786 6984 6985
3 6984 1641 6985
3 6986 8767 6984
3 1641 6987 1642
3 8767 7076 6987
3 1642 8794 6784
3 1723 6988 8794
3 8794 6988 6784
3 1723 9106 6988
3 1724 1725 6989
3 1727 6991 6992
3 6991 6993 6992
3 6993 1729 6992
3 1729 7309 6994
3 7309 1670 6994
3 6995 7281 6996
3 7281 6995 6997
3 6995 1730 6997
3 1732 6998 1731
3 1871 6999 6998
3 1733 7000 1737
3 1733 7247 7000
3 7000 7247 7248
3 6443 7002 7001
3 7002 1737 7001
3 7002 1733 1737
3 1712 8287 7127
3 1712 7466 8287
3 8287 7466 7132
3 7466 1928 7132
3 1734 7003 7004
3 7177 7004 7005
3 7003 7005 7004
3 8273 8272 1736
3 1735 7006 8272
3 8272 7006 1736
3 1735 7007 7006
3 1737 8279 1740
3 1740 8279 7008
3 8279 1739 7008
3 1739 8279 1738
3 1457 6846 6521
3 6846 1741 6521
3 1742 7009 7024
3 1742 7010 7009
3 7009 7010 1711
3 1438 7341 6504
3 1743 6459 7013
3 1743 7021 6459
3 7021 1416 6459
3 6819 7015 6821
3 7015 7012 6821
3 6434 7015 7013
3 7015 1743 7013
3 1745 8418 7014
3 6453 7014 8418
3 6453 6452 7014
3 6818 7015 6819
3 6818 1743 7015
3 6477 7016 6478
3 6478 7016 6474
3 7016 6424 6474
3 6477 7017 7016
3 6477 7018 7017
3 7017 7018 6421
3 6480 6908 7018
3 7018 6908 6421
3 6908 1390 6421
3 7019 1387 7020
3 1387 7019 6481
3 7019 6923 6481
3 6923 1426 6481
3 6818 7021 1743
3 7022 1687 1686
3 8518 7023 6438
3 8518 7022 7023
3 7023 7022 1686
3 8271 7024 7009
3 7009 1711 7025
3 1746 1747 7026
3 1747 1746 7539
3 1746 8444 7539
3 8444 7538 7539
3 7027 8524 7028
3 8524 9498 7028
3 1749 7029 1748
3 7029 1749 9471
3 7500 8434 7499
3 8434 7121 7499
3 7121 7030 7499
3 7121 7123 7030
3 1476 1533 6540
3 1533 7031 6540
3 7031 1468 6540
3 7031 1471 1468
3 1750 7032 1466
3 7032 1751 1466
3 1466 1751 6531
3 1751 7033 6531
3 7033 1467 6531
3 6464 7034 1753
3 1752 7034 6487
3 6464 6485 7034
3 7034 6485 6487
3 1523 6828 6600
3 7412 7035 6828
3 6828 7035 6600
3 7412 9396 7035
3 1520 6959 1521
3 6959 7036 1521
3 6959 6882 7036
3 9478 9477 1754
3 1507 7037 9477
3 9477 7037 1754
3 1507 1506 7037
3 7123 7038 7030
3 1928 7038 7132
3 7123 7039 7038
3 7038 7039 7132
3 1532 6616 7040
3 6616 6958 7040
3 7040 6958 1717
3 1475 7041 8808
3 8808 7041 7033
3 1467 7033 7041
3 1703 6463 6619
3 1542 7043 7042
3 7042 7043 7044
3 7043 1755 7044
3 1756 7045 1758
3 1756 7046 7045
3 7045 7046 1757
3 1757 9512 7047
3 7047 9512 7048
3 9512 1759 7048
3 1544 7050 7049
3 7049 7050 8746
3 7050 1546 8746
3 6677 7051 1760
3 6677 7052 7051
3 7051 7052 7053
3 7052 1649 7053
3 6670 6975 6672
3 1648 7054 6975
3 6975 7054 6672
3 7054 1566 6672
3 1566 7054 7055
3 1648 6796 7054
3 7054 6796 7055
3 6796 1650 7055
3 6688 1556 6659
3 6659 1556 7060
3 6688 7059 1556
3 6646 1568 6647
3 1568 7056 6647
3 7056 1547 6647
3 1547 7056 1575
3 1567 1549 6792
3 1549 6650 6792
3 6792 6650 1569
3 6650 1551 1569
3 1554 1579 9466
3 6654 9466 1647
3 1554 6655 1579
3 6655 1553 7057
3 1553 7058 7057
3 1553 8757 7058
3 7058 8757 1571
3 8757 1555 1571
3 6885 6690 7058
3 6690 7059 7058
3 7059 7057 7058
3 7057 7059 6688
3 6659 7060 1586
3 1586 7060 7061
3 7060 1594 7061
3 7060 1556 1594
3 1586 7061 6711
3 6711 7061 7062
3 7061 1593 7062
3 7061 1594 1593
3 1593 1604 7062
3 6711 7062 1655
3 1617 7063 6801
3 6801 7063 6986
3 7063 8767 6986
3 7064 1609 1612
3 1609 7064 8787
3 1761 7065 7064
3 7064 7065 8787
3 7065 6812 8787
3 1762 7067 7066
3 7066 7067 7068
3 7067 1761 7068
3 1761 7067 7070
3 1762 7069 7067
3 7067 7069 7070
3 7069 1763 7070
3 1763 7071 1654
3 1764 7072 7071
3 7071 7072 1654
3 1764 1765 7072
3 1613 7073 8773
3 8773 7073 7074
3 7073 1766 7074
3 1613 1623 7073
3 6754 7075 1601
3 7075 1723 7076
3 6760 7077 1621
3 6760 7078 7077
3 7077 7078 7079
3 7078 1630 7079
3 1629 7080 6761
3 7080 1630 6761
3 1630 7080 7079
3 7081 1767 8772
3 1767 7081 9516
3 7081 1762 9516
3 1762 1629 9516
3 1626 8797 6752
3 1623 6764 8797
3 8797 6764 6752
3 1623 1622 6764
3 9106 1723 7082
3 1627 7082 6754
3 1723 7075 7082
3 7082 7075 6754
3 8905 7078 6760
3 8905 9121 7078
3 7078 9121 1630
3 6960 7083 6841
3 506 7084 3581
3 3581 7084 7086
3 1718 7085 7084
3 7084 7085 7086
3 7085 1498 7086
3 1769 9434 1768
3 6936 7087 9434
3 9434 7087 1768
3 6936 6842 7087
3 8811 8800 7089
3 1525 7088 8800
3 8800 7088 7089
3 7088 7090 7089
3 1525 1524 7088
3 7088 1524 7090
3 1523 6601 7092
3 1525 7091 6601
3 6601 7091 7092
3 7091 1690 7092
3 1690 7091 6883
3 1525 7093 7091
3 7091 7093 6883
3 7093 6884 6883
3 1567 6793 6675
3 1576 7094 6793
3 6793 7094 6675
3 7094 1568 6675
3 1568 7094 7095
3 1576 6939 7094
3 7094 6939 7095
3 6939 1646 7095
3 1577 1569 7096
3 1569 6651 7096
3 7096 6651 1578
3 6651 1552 1578
3 7058 1571 6885
3 1581 1572 6775
3 6775 6776 6975
3 8741 8757 7097
3 7097 8757 1758
3 8757 1756 1758
3 1770 7098 7099
3 7098 6455 7099
3 6455 6456 7099
3 2245 9429 7100
3 7100 9429 7101
3 8303 8313 8304
3 8313 8305 8304
3 8305 8313 1771
3 1772 7102 7103
3 7102 6494 7103
3 7103 6494 7104
3 6494 1404 7104
3 1774 7105 1773
3 1773 7105 8857
3 7105 8315 8857
3 1710 6948 7106
3 6948 7107 7106
3 6948 1490 7107
3 1665 6839 1775
3 6839 6787 1775
3 6882 9446 7109
3 9446 7108 7109
3 7108 1776 7109
3 1776 7108 1643
3 1502 7111 1777
3 1777 7111 7110
3 7111 1643 7110
3 7111 1776 1643
3 1503 7112 7113
3 7113 1768 7114
3 1535 6624 6869
3 6624 1683 6869
3 1683 6624 9445
3 6561 1667 6624
3 6624 1667 9445
3 1499 7115 6572
3 1668 7116 7115
3 7115 7116 6572
3 7116 1482 6572
3 1482 7116 7117
3 1668 6845 7116
3 7116 6845 7117
3 6845 1479 7117
3 7118 6894 8642
3 7118 1693 6894
3 1430 9598 7119
3 8434 7120 7121
3 7120 7122 7121
3 7121 7122 7123
3 7122 1778 7123
3 7124 6519 7125
3 1727 6992 7124
3 7124 6992 6519
3 6992 8277 6519
3 1711 7126 7025
3 7007 7126 7127
3 1711 7496 7126
3 7126 7496 7127
3 1779 7167 1740
3 8271 7167 7024
3 1406 7128 7129
3 1920 7129 1780
3 7130 1725 1724
3 1778 7039 7123
3 1778 7131 7039
3 7039 7131 7132
3 7131 1736 7132
3 6604 7133 6603
3 7133 6945 6603
3 6945 1706 6603
3 1781 7134 1783
3 1782 7134 1495
3 1781 9404 7134
3 7134 9404 1495
3 3457 564 6965
3 564 7135 6965
3 7135 7160 6965
3 564 7136 7135
3 1754 7037 1784
3 1506 7137 7037
3 7037 7137 1784
3 1506 6884 7137
3 8742 7138 6656
3 8742 8750 7138
3 7138 8750 7139
3 8750 1785 7139
3 7139 7140 1786
3 1786 7140 9482
3 7140 1573 9482
3 7140 6676 1573
3 1786 7141 7142
3 1570 7142 6887
3 7141 7143 7142
3 7142 7143 6887
3 7143 6886 6887
3 7141 7144 1787
3 7141 7145 7144
3 7144 7145 6668
3 7145 1580 6668
3 7149 7146 1787
3 1557 7146 6658
3 7149 7147 7146
3 7146 7147 6658
3 7148 1565 6707
3 1565 7148 7150
3 1788 7149 7148
3 7148 7149 7150
3 1789 7151 1788
3 1788 7151 9483
3 7151 6798 9483
3 6798 7151 6709
3 1789 7152 7151
3 7151 7152 6709
3 7152 6727 6709
3 1603 9486 7153
3 7153 9486 7154
3 9486 1790 7154
3 1791 7155 1790
3 1610 7155 1611
3 7155 1791 1611
3 1793 7156 1792
3 1620 7157 7156
3 7156 7157 1792
3 1794 7159 7158
3 7159 1628 7158
3 1628 7159 6756
3 6613 6964 6615
3 6964 1635 6615
3 1635 6616 6615
3 6616 1635 6957
3 9439 6768 7161
3 1635 7160 6768
3 6768 7160 7161
3 1635 6963 7160
3 7160 6963 6966
3 6963 1718 6966
3 7162 6837 7163
3 6838 8816 6837
3 8816 7163 6837
3 6537 1673 6538
3 1673 1389 6538
3 7164 6930 7165
3 6930 7164 6929
3 7164 1429 6929
3 1429 1699 6929
3 7483 7166 7482
3 7166 6823 7482
3 6823 7166 6822
3 7166 1660 6822
3 1795 7167 1779
3 1795 7486 7167
3 7167 7486 7024
3 7486 1742 7024
3 1481 7169 7168
3 7169 574 7168
3 574 7169 1480
3 1481 6550 7169
3 7169 6550 1480
3 1514 6590 7171
3 1513 7170 6590
3 6590 7170 7171
3 7170 1499 7171
3 1499 7170 7115
3 1513 7172 7170
3 7170 7172 7115
3 7172 1668 7115
3 7036 6882 6968
3 1720 6968 1776
3 6882 7109 6968
3 6968 7109 1776
3 2271 7173 8437
3 8437 7173 7174
3 7173 1726 7174
3 2271 6999 7173
3 1795 1779 7497
3 1779 7175 7497
3 7175 7176 7497
3 7175 1796 7176
3 1797 7177 7489
3 7489 7177 7005
3 1886 7178 1798
3 8372 7189 7178
3 7178 7189 1798
3 1819 7179 1799
3 7620 7181 1801
3 7620 7182 7181
3 7181 7182 7183
3 1803 7185 7184
3 7185 1802 7184
3 1802 7185 8378
3 1804 7186 8602
3 8602 7186 8601
3 7186 7187 8601
3 7186 7200 7187
3 7301 7188 1806
3 7301 7189 7188
3 7188 7189 1805
3 7189 8360 1805
3 1808 8361 1807
3 1806 7190 1809
3 1806 7188 7190
3 7190 7188 7191
3 7188 1805 7191
3 1810 7192 1811
3 7198 7192 7306
3 1976 7193 1813
3 1976 8390 7193
3 7193 8390 1812
3 8362 7194 1814
3 7615 8387 7194
3 7194 8387 1814
3 7302 7604 1815
3 7575 7196 1818
3 1818 7196 7195
3 1817 7197 7198
3 7197 8361 7198
3 7570 7199 1819
3 8360 7199 1805
3 7570 7569 7199
3 7199 7569 1805
3 8364 8365 8379
3 1820 8379 8365
3 7282 7564 1821
3 7282 8366 7564
3 7564 8366 1822
3 1824 7200 7201
3 1823 7201 1804
3 7200 7186 7201
3 7201 7186 1804
3 7353 7202 1825
3 7202 1802 7203
3 8353 7204 8352
3 7204 7205 8352
3 7205 7206 8352
3 7205 1826 7206
3 1827 7207 1828
3 1826 7207 7206
3 1827 7568 7207
3 7207 7568 7206
3 1829 7209 7208
3 7209 8613 7208
3 7209 7557 8613
3 1831 7210 1821
3 7210 1830 1821
3 1830 7210 7211
3 7210 7223 7211
3 1832 7213 7212
3 7213 1833 7212
3 1834 7214 1835
3 1834 7215 7214
3 7214 7215 7216
3 7215 7237 7216
3 1837 7217 1836
3 8590 7217 1838
3 1837 7218 7217
3 7217 7218 1838
3 1839 7219 1841
3 1839 7220 7219
3 7219 7220 1840
3 1831 7221 7210
3 7221 7222 7210
3 7222 7223 7210
3 7221 7293 7222
3 7222 7293 7223
3 7293 1842 7223
3 7254 7224 1843
3 7254 7225 7224
3 7224 7225 7226
3 7225 8590 7226
3 7233 8605 7227
3 8605 8596 7227
3 7227 8596 1845
3 8596 1844 1845
3 7204 7228 7229
3 7228 8591 7229
3 7229 8591 1846
3 7294 7230 1848
3 7230 1847 1868
3 1833 7231 1849
3 1833 7213 7231
3 7232 1851 7233
3 1851 7232 8611
3 7232 1850 8611
3 1850 7329 8611
3 1828 7234 1852
3 1846 7234 1826
3 1828 7207 7234
3 7234 7207 1826
3 7246 7235 6847
3 7235 7236 6847
3 7235 1853 7236
3 1854 7215 1834
3 1854 7253 7215
3 7215 7253 7237
3 7253 1855 7237
3 1838 7218 1856
3 1856 7218 7238
3 7218 1837 7238
3 7251 7239 7318
3 7318 7239 7317
3 7239 7240 7317
3 7239 7249 7240
3 7241 1839 7242
3 1839 7241 7220
3 1857 7243 7241
3 7241 7243 7220
3 7243 1840 7220
3 1857 7252 7243
3 1858 7244 7252
3 7252 7244 7243
3 7244 1840 7243
3 1840 7244 8598
3 1858 7245 7244
3 7244 7245 8598
3 1669 6847 7236
3 6847 1670 7246
3 1856 7247 1733
3 1856 7238 7247
3 7247 7238 7248
3 7238 1837 7248
3 1403 7249 6442
3 7249 7250 6442
3 7250 6443 6442
3 6443 7250 7251
3 7249 7239 7250
3 7250 7239 7251
3 7242 6928 7241
3 7241 6928 1857
3 6928 8275 1857
3 7242 1698 6928
3 8275 7130 1857
3 1724 7252 7130
3 7130 7252 1857
3 1724 1858 7252
3 1729 7253 1854
3 1729 6993 7253
3 7253 6993 1855
3 6993 6991 1855
3 1836 7254 7255
3 7254 7256 7255
3 7256 7351 7255
3 7351 7256 7257
3 1860 7258 1859
3 8367 7258 1861
3 1860 8380 7258
3 7258 8380 1861
3 7305 7259 1862
3 7311 7260 1863
3 1819 8383 7260
3 7260 8383 1863
3 1799 7261 7262
3 7261 7263 7262
3 7262 7263 1801
3 7263 7620 1801
3 1864 7264 8354
3 7264 8607 8354
3 8607 8353 8354
3 8353 8607 7204
3 7557 7265 1865
3 8350 1867 1866
3 8350 8351 1867
3 1867 8351 7208
3 8351 7336 7208
3 1868 7266 7267
3 7266 8593 7267
3 7267 8593 7268
3 8593 1869 7268
3 7269 1870 7270
3 1870 7269 7271
3 1839 1841 7269
3 7269 1841 7271
3 1872 7280 1871
3 1873 7280 7273
3 1844 7272 1845
3 7204 7272 7228
3 1874 7273 7274
3 7265 7274 1872
3 7273 7280 7274
3 7274 7280 1872
3 1732 1865 8592
3 8592 1872 1871
3 7275 7270 7276
3 7270 7275 7269
3 7275 7242 7269
3 7242 1839 7269
3 1732 8592 6998
3 6998 8592 1871
3 1875 6997 8593
3 8593 6997 7277
3 6997 1876 7277
3 7276 7278 7275
3 7275 7278 7242
3 7278 1698 7242
3 1698 7278 6924
3 7276 7279 7278
3 7278 7279 6924
3 1873 1726 7280
3 1875 7281 6997
3 1876 6997 1730
3 1877 7282 8368
3 1878 7283 7284
3 7200 7284 7187
3 7283 8608 7284
3 7284 8608 7187
3 7257 7256 1879
3 7256 7254 1843
3 1880 7285 1881
3 1880 8369 7285
3 7285 8369 1800
3 8367 1861 7286
3 1861 8384 7286
3 7286 8384 1820
3 8384 1816 1820
3 7577 7287 1882
3 7577 7288 7287
3 7287 7288 1818
3 7288 7575 1818
3 1822 8370 7289
3 7289 8370 7290
3 8370 1820 7290
3 1883 7291 1832
3 7291 7213 1832
3 1884 7293 8612
3 8612 7293 7294
3 7293 7221 7294
3 1884 1842 7293
3 7283 7295 1879
3 7283 7296 7295
3 7295 7296 1849
3 7296 1833 1849
3 1837 7292 7248
3 7248 7292 7347
3 7292 7297 7347
3 7336 8610 1829
3 7336 7298 8610
3 8610 7298 1852
3 7298 1828 1852
3 1829 7299 1874
3 1829 8610 7299
3 7299 8610 1885
3 7302 1815 7300
3 1815 8389 7300
3 8389 1886 7300
3 1798 7301 7302
3 7301 7303 7302
3 7302 7303 8379
3 7303 8364 8379
3 1860 1859 7304
3 1859 7282 7304
3 7282 7305 7304
3 7282 1877 7305
3 7194 7306 7307
3 7183 7307 1810
3 7306 7192 7307
3 7307 7192 1810
3 6991 7308 1855
3 1855 7308 7350
3 7308 7297 7350
3 1729 1854 7309
3 1670 7309 7246
3 1808 7310 1811
3 7310 1887 7311
3 1724 6989 1858
3 1726 7312 6989
3 6989 7312 1858
3 1726 1873 7312
3 7313 7329 1850
3 1850 7314 8346
3 7314 1864 8346
3 1864 7314 7264
3 1883 7316 7315
3 1883 1889 7316
3 7317 8594 7318
3 8594 7317 7319
3 7240 7319 7317
3 1870 7320 7270
3 7319 7240 7320
3 7246 7321 7235
3 7246 7309 7321
3 7321 7309 1834
3 7309 1854 1834
3 7291 7322 1835
3 7322 7291 7315
3 7291 1883 7315
3 7249 7323 7240
3 7240 7323 7320
3 7323 7276 7320
3 7276 7270 7320
3 7276 7324 7279
3 7279 7324 6518
3 7324 1403 6518
3 1403 7324 7249
3 7276 7323 7324
3 7324 7323 7249
3 1802 8378 7325
3 8378 8382 7325
3 7325 8382 1877
3 1881 1972 7326
3 1972 7327 7326
3 7326 7327 1813
3 7327 1976 1813
3 1856 1733 7333
3 1733 7328 7333
3 7328 7251 7333
3 1733 7002 7328
3 7328 7002 7251
3 7002 6443 7251
3 7313 1888 7329
3 1888 8602 7329
3 1888 8355 8602
3 8355 1804 8602
3 7223 1842 7330
3 1842 7563 7212
3 7563 1832 7212
3 8590 1838 8597
3 1838 7331 8597
3 7331 8594 8597
3 8594 7331 7318
3 8590 7332 7226
3 7226 7332 1851
3 1851 7332 8595
3 1840 8606 1846
3 7251 7318 7333
3 7318 7331 7333
3 7333 7331 1856
3 7331 1838 1856
3 7334 1873 7273
3 1873 7334 7312
3 7334 7245 7312
3 7245 1858 7312
3 1827 1828 8348
3 1828 7298 8348
3 7298 7335 8348
3 7298 7336 7335
3 7336 7337 7335
3 1401 7339 6448
3 6448 7339 8516
3 1401 6621 7339
3 7339 6621 7340
3 6621 1534 7340
3 1890 1424 6820
3 6468 6467 1421
3 1739 1738 7344
3 6514 7344 7346
3 1738 7345 7344
3 7344 7345 7346
3 7345 1728 7346
3 1728 7345 7347
3 7345 7248 7347
3 7248 7345 1738
3 7348 9591 7483
3 7237 7349 7216
3 7237 7350 7349
3 7349 7350 7351
3 7350 7297 7351
3 1878 7296 7283
3 1878 8349 7296
3 7296 8349 1833
3 7577 1882 7352
3 1882 8371 7352
3 7352 8371 7353
3 8371 1803 7353
3 1855 7350 7237
3 1534 7354 7340
3 1534 9599 7354
3 1892 7359 6221
3 6221 7359 6062
3 1358 6336 6413
3 6413 6336 6359
3 6337 1361 6336
3 6336 1361 6359
3 6411 1363 6401
3 6401 1363 6414
3 1363 6346 6414
3 6395 1378 6417
3 6417 1378 6397
3 6297 7355 6892
3 1285 7356 7355
3 7355 7356 6892
3 1285 6927 7356
3 7356 6927 7357
3 6156 7358 6297
3 6297 7358 7355
3 1280 6074 7358
3 7358 6074 7355
3 6074 1285 7355
3 1326 6235 6377
3 6377 6235 7360
3 6235 1343 7360
3 1343 7361 7360
3 6387 7361 6390
3 1343 6390 7361
3 6316 7362 6156
3 6156 7362 7358
3 7362 1280 7358
3 1280 7362 6068
3 1269 7363 6316
3 6316 7363 7362
3 7363 6068 7362
3 6068 7363 6159
3 1269 7364 7363
3 7364 6159 7363
3 6159 7364 6304
3 1269 6207 7364
3 6207 7365 7364
3 7365 6304 7364
3 6304 7365 6063
3 1709 7366 6947
3 7366 6604 6947
3 6604 7366 7133
3 7366 1893 7133
3 1709 6946 650
3 6946 651 650
3 651 6946 1489
3 1894 1384 7367
3 6399 7371 6400
3 1368 9578 7368
3 9573 7370 6418
3 9573 9574 7370
3 7370 9574 6394
3 9574 1377 6394
3 1369 7370 6394
3 6418 7370 6367
3 1369 7369 7370
3 7370 7369 6367
3 7371 6409 6400
3 7371 6407 6409
3 7371 1384 6407
3 1384 1894 6407
3 9578 1368 6395
3 9571 7372 1368
3 1368 7372 6395
3 1329 1328 7373
3 1474 7374 7375
3 7374 1692 7375
3 1692 7374 6931
3 7374 1697 6931
3 1697 1701 6931
3 6537 6539 7376
3 6539 1474 7376
3 1474 7356 7376
3 7356 1474 6892
3 1474 7375 6892
3 7375 1692 6892
3 6537 7357 6536
3 6536 7357 7377
3 7357 6927 7377
3 6537 7376 7357
3 7376 7356 7357
3 6927 7378 7377
3 7377 7378 6535
3 7378 7379 6535
3 7379 1464 6535
3 6543 1477 1463
3 1463 1477 6541
3 1477 1470 6541
3 1470 1477 7380
3 7380 6836 7381
3 7381 1664 6835
3 6836 9364 7381
3 1384 7371 7372
3 7371 6399 7372
3 1481 7168 6573
3 3860 7382 7168
3 7168 7382 6573
3 7382 1498 6573
3 1498 7382 7086
3 7382 3860 7086
3 3860 3581 7086
3 1327 6203 6355
3 7359 7383 6203
3 6203 7383 6355
3 7383 1367 6355
3 7359 1892 7383
3 1892 6378 7383
3 6378 1367 7383
3 6378 1892 6379
3 1892 8269 6379
3 1324 7384 1370
3 7384 1373 1370
3 1324 1334 7384
3 1325 6372 7385
3 6382 7385 6372
3 7385 6382 7388
3 6382 6385 7388
3 7373 7387 7386
3 1328 6203 7373
3 6358 7387 6203
3 6203 7387 7373
3 6358 6338 7387
3 7386 7387 6204
3 7387 6338 6204
3 7388 6385 8269
3 6385 6379 8269
3 7429 6005 7428
3 7428 6005 6007
3 9647 7391 3869
3 9647 1895 7391
3 1896 7392 8681
3 8681 7392 7393
3 7392 1897 7393
3 1897 7392 7394
3 7392 1896 7394
3 1896 7397 7394
3 8862 7395 7396
3 7395 8473 7396
3 7396 8473 7397
3 8473 1898 7397
3 8862 7398 7395
3 1900 7398 1899
3 8862 7399 7398
3 7398 7399 1899
3 1900 1899 8467
3 1899 7400 8467
3 7400 7401 8467
3 7400 1901 7401
3 1533 7402 1901
3 2341 7402 1497
3 1533 6611 7402
3 7402 6611 1497
3 2341 1497 7403
3 1497 6571 7403
3 7403 6571 7404
3 6571 1496 7404
3 1903 7405 7407
3 1902 7406 7405
3 7405 7406 7407
3 7406 7409 7407
3 1902 7408 7406
3 7406 7408 7409
3 7408 9396 7409
3 7410 7412 1662
3 7410 7411 7412
3 7411 1904 7412
3 1492 7413 6570
3 7413 1493 6570
3 1493 7413 7414
3 1905 7414 7413
3 1905 7413 7415
3 7413 1492 7415
3 1492 3885 7415
3 3885 1492 7416
3 1701 1697 7417
3 1284 7417 6943
3 1697 6921 7417
3 7417 6921 6943
3 1701 7417 6932
3 1284 7418 7417
3 7417 7418 6932
3 6932 7418 6147
3 1284 6933 7418
3 7418 6933 6147
3 6932 6147 6032
3 6032 6147 6146
3 7419 1315 7420
3 1315 7419 6319
3 6032 6146 7419
3 7419 6146 6319
3 7421 1314 7422
3 1314 7421 6167
3 7421 7420 6167
3 7420 1315 6167
3 1314 7423 7422
3 7422 7423 6244
3 1314 6144 7423
3 6244 7423 7424
3 6144 7424 7423
3 7424 6144 1238
3 6144 1245 1238
3 1245 6015 1238
3 1237 6015 1239
3 1237 1239 6013
3 1239 6004 6013
3 6013 6004 7425
3 7425 7426 6013
3 7425 1240 7426
3 6011 6153 7427
3 6153 6008 7427
3 6008 7428 7427
3 6008 9637 7428
3 9637 8650 7428
3 7428 8650 7429
3 8650 6151 7429
3 7429 6151 1235
3 6151 6152 1235
3 6141 6259 6170
3 6259 1348 6170
3 6259 6169 1348
3 6170 1348 6171
3 1348 6322 6171
3 6322 1348 6174
3 1392 6422 7430
3 1391 7430 6422
3 1907 7430 7432
3 1391 7431 7430
3 7430 7431 7432
3 7431 7165 7432
3 9552 7433 1908
3 7433 1454 7434
3 9490 7435 7436
3 9490 7437 7435
3 9552 1908 7439
3 1908 7440 7439
3 7439 7440 7441
3 7440 1910 7441
3 1441 7442 8409
3 7462 7444 1912
3 1912 7444 9600
3 7444 7445 9600
3 7444 1911 7445
3 8576 7447 1916
3 8576 7448 7447
3 7447 7448 1915
3 1917 7449 7512
3 6543 1463 7450
3 1463 6529 7450
3 7450 6529 7379
3 6529 1464 7379
3 7451 1678 7452
3 1678 7451 1672
3 1671 6848 7451
3 7451 6848 1672
3 7028 9622 7027
3 9622 7453 7027
3 7453 7454 7027
3 8555 7455 7456
3 7455 8506 7456
3 7456 8506 1430
3 8506 2294 1430
3 1430 7519 8555
3 7519 1430 6491
3 1920 7458 7457
3 7458 1919 7457
3 1919 7458 7459
3 7458 1918 7459
3 7504 7460 1921
3 7503 7460 7461
3 7504 7461 7460
3 1923 7462 9601
3 7462 7463 9601
3 7463 9594 9601
3 9594 7463 6850
3 7468 6445 7464
3 6445 8575 7464
3 7464 8575 1916
3 8575 8576 1916
3 1924 1925 8431
3 8431 1925 7510
3 1925 9492 7510
3 1921 7465 1927
3 1921 7460 7465
3 7465 7460 7517
3 7460 7503 7517
3 7128 7466 1712
3 1406 7467 7128
3 7128 7467 7466
3 7467 1928 7466
3 1928 7467 7468
3 9602 7469 7471
3 1929 7470 7469
3 7469 7470 7471
3 7470 1931 7471
3 1931 7470 7473
3 1929 7472 7470
3 7470 7472 7473
3 7472 1930 7473
3 6894 7474 8642
3 7474 1932 8642
3 6468 7474 7475
3 7348 7476 7477
3 1421 6467 7476
3 7476 6467 7477
3 7478 7479 6897
3 7479 8448 6897
3 7478 8447 7479
3 7480 8447 7478
3 1432 8445 7480
3 7538 7481 1433
3 7538 8444 7481
3 6823 1797 7482
3 7482 7343 7483
3 6467 7484 7477
3 7477 7484 7485
3 7484 1688 7485
3 1689 1688 1420
3 1420 1688 6467
3 1688 7484 6467
3 6517 7475 6894
3 6894 7475 7474
3 1933 6517 1456
3 1933 7475 6517
3 6897 7485 7478
3 7478 7485 6881
3 7485 1688 6881
3 6897 7477 7485
3 7487 7486 1795
3 7487 7534 7486
3 7486 7534 1742
3 7534 1934 1742
3 7003 7487 7005
3 7487 7488 7005
3 7488 7489 7005
3 7488 1450 7489
3 7490 1734 7004
3 1734 7490 7491
3 7490 6460 7491
3 6460 1419 7491
3 1931 7473 7492
3 1930 7492 7473
3 1930 7493 7492
3 7492 7493 7494
3 7493 1935 7494
3 8573 1406 7495
3 1406 7129 7495
3 7495 7129 1920
3 1780 7496 1711
3 1780 7129 7496
3 7496 7129 1712
3 7129 7128 1712
3 7176 1450 7497
3 1450 7488 7497
3 7497 7488 1795
3 7488 7487 1795
3 1797 6823 7177
3 7177 6823 7004
3 6823 7490 7004
3 7483 7343 7348
3 7348 7343 7476
3 7343 1421 7476
3 7030 7498 7499
3 1916 7499 7498
3 1916 7447 7499
3 7499 7447 7500
3 7447 1915 7500
3 1934 7010 1742
3 1934 7501 7010
3 7010 7501 1711
3 7501 1780 1711
3 1936 7516 7502
3 1922 7502 7461
3 7516 7503 7502
3 7502 7503 7461
3 1937 7504 1431
3 1928 7505 7038
3 7505 7030 7038
3 7030 7505 7498
3 1928 7468 7505
3 7468 7464 7505
3 7505 7464 7498
3 7464 1916 7498
3 1912 7506 7508
3 7506 7507 7508
3 7507 9602 7508
3 9602 7507 7469
3 7506 7509 7507
3 7507 7509 7469
3 7509 1929 7469
3 9492 9471 1749
3 1749 7510 9492
3 7511 9495 7512
3 7511 1938 9495
3 8570 7514 7513
3 8570 8543 7514
3 7512 7515 7511
3 1939 8579 7515
3 7515 8579 7511
3 8548 7516 9496
3 8548 7517 7516
3 7517 7503 7516
3 1921 1927 7518
3 6492 7518 6491
3 1927 7519 7518
3 7518 7519 6491
3 9605 7520 1700
3 1700 7520 9606
3 9605 7521 7520
3 1935 7523 7494
3 7494 7523 7522
3 7523 1940 7522
3 1941 6431 7524
3 6431 1941 7525
3 1941 7526 7525
3 1919 7527 7526
3 7526 7527 7525
3 7527 1419 7525
3 1419 7527 7491
3 1919 7528 7527
3 7527 7528 7491
3 7528 1734 7491
3 1734 7529 7003
3 1918 7529 7459
3 1734 7528 7529
3 7529 7528 7459
3 7528 1919 7459
3 1392 7530 6423
3 1392 7430 7530
3 7430 1907 7530
3 1942 1695 7531
3 1942 7532 1695
3 1695 7532 9607
3 7532 7520 9607
3 6901 7533 1396
3 1396 7533 1940
3 1920 1780 7458
3 1780 7501 7458
3 7501 1918 7458
3 1918 7501 1934
3 7003 7534 7487
3 7003 7529 7534
3 7534 7529 1934
3 7529 1918 1934
3 1421 7535 1932
3 7535 1797 7536
3 1932 6468 1421
3 1932 7474 6468
3 1689 1420 1933
3 1420 7475 1933
3 7475 1420 6468
3 1433 1432 1933
3 1933 1432 1689
3 1456 1433 1933
3 1456 7537 1433
3 7537 7538 1433
3 1455 7538 7537
3 1455 7539 7538
3 1747 1741 7540
3 1741 1747 7541
3 1747 7539 7541
3 7539 1455 7541
3 1682 7542 1730
3 1730 7542 8281
3 7542 1669 8281
3 7542 1741 1669
3 1669 7236 7543
3 7236 7544 7543
3 7543 7544 1730
3 7544 1876 1730
3 1853 7544 7236
3 1876 7544 7277
3 1853 7545 7544
3 7544 7545 7277
3 7316 7545 1853
3 7277 7545 1869
3 7316 8599 7545
3 7545 8599 1869
3 7268 7546 1848
3 1936 7547 7548
3 7548 7547 1943
3 8441 6996 7549
3 6996 8282 7549
3 7549 8282 2272
3 8282 1731 2272
3 1875 7550 7281
3 1875 7551 7550
3 7550 7551 1732
3 1732 7551 1865
3 1875 8600 7551
3 7551 8600 1865
3 7266 8600 1875
3 1236 6141 1227
3 6009 6313 6010
3 6009 7552 6313
3 6313 7552 6012
3 6313 6013 1242
3 6013 7426 1242
3 6142 7553 4982
3 7553 6142 7554
3 6142 1240 7554
3 6009 7555 7552
3 7555 6184 7552
3 6168 1235 1241
3 1235 1236 1241
3 6151 7556 6152
3 6006 6010 1242
3 6011 1240 6153
3 1240 6011 7426
3 1236 1235 6141
3 1235 6259 6141
3 6259 1235 6152
3 1944 7557 7558
3 8350 1866 7559
3 1831 7559 7221
3 1866 7561 7559
3 7559 7561 7221
3 8613 7557 1944
3 1944 7560 1867
3 7560 1866 1867
3 1866 7560 1847
3 1866 1847 7561
3 7221 7561 7294
3 1847 7230 7561
3 7561 7230 7294
3 7562 1884 1889
3 1883 7563 7562
3 7562 7563 1884
3 7563 1842 1884
3 1831 7564 7565
3 1822 7565 7564
3 1822 7289 7565
3 7565 7289 1945
3 7289 7290 1945
3 7290 7566 1945
3 7337 7566 7567
3 1806 1809 8364
3 1809 7567 8364
3 7206 7568 1946
3 1946 7568 7569
3 7568 7191 7569
3 7191 7568 1827
3 1946 7570 7571
3 7570 7260 7571
3 7571 7260 1887
3 1887 7310 7572
3 7572 7310 1808
3 1807 8361 7573
3 8361 7197 7573
3 7197 1817 7574
3 1823 7574 7575
3 1817 7196 7574
3 7574 7196 7575
3 7353 1825 7352
3 1825 7576 7352
3 7576 7577 7352
3 7576 1824 7577
3 8357 7330 7578
3 1842 7578 7330
3 1842 7212 7578
3 7578 7212 7203
3 7212 1833 7203
3 7223 8357 7211
3 7223 7330 8357
3 7582 7579 7580
3 7610 7580 1975
3 1949 7581 1948
3 1948 7581 7761
3 7581 1947 7761
3 1947 7581 7582
3 7583 1950 7584
3 1950 7583 7778
3 1949 1948 7583
3 7583 1948 7778
3 7763 7585 1952
3 7585 1951 7586
3 1954 7587 1955
3 1956 7588 1958
3 1956 7589 7588
3 7588 7589 1957
3 1959 7591 7590
3 7590 7591 7592
3 7591 1960 7592
3 7772 7593 1960
3 1962 7593 1961
3 7772 7832 7593
3 7593 7832 1961
3 7261 7594 1965
3 1964 7594 1963
3 7261 8374 7594
3 7594 8374 1963
3 1967 7617 1966
3 7617 8385 1966
3 8375 8376 8386
3 8386 8376 1953
3 8376 7595 1953
3 8376 1814 7595
3 7595 1968 7596
3 7598 7612 7599
3 7612 7598 7611
3 7598 7614 7611
3 7614 1971 7611
3 1972 7601 7600
3 7600 7601 8386
3 7601 8375 8386
3 1954 1953 7602
3 7586 7602 1968
3 1953 7596 7602
3 7602 7596 1968
3 1967 7584 7617
3 7584 7603 7617
3 1815 7604 7605
3 7604 7606 7605
3 7604 1816 7606
3 1973 7607 7608
3 7606 7608 1971
3 1974 7610 7609
3 1974 7759 7610
3 7611 1962 7612
3 1971 7608 7611
3 7611 7608 1962
3 7608 7607 1962
3 1975 7580 7613
3 7613 7580 1964
3 7580 7579 1964
3 1815 7614 8399
3 7615 7616 7617
3 7616 7182 7617
3 1958 7618 1976
3 8391 8392 1860
3 8396 8393 1812
3 1862 7259 8393
3 8393 7259 1812
3 1959 7619 1977
3 1957 7770 7619
3 7619 7770 1977
3 1966 7620 7263
3 7263 7261 1965
3 8392 7621 1860
3 8381 7621 1973
3 7622 8218 8235
3 8218 8219 8235
3 7623 8251 7624
3 1978 2080 7623
3 1979 7625 8252
3 1979 7626 7628
3 1980 7627 7626
3 7626 7627 7628
3 7627 8224 7628
3 1980 7629 7627
3 7629 1981 7627
3 1981 7630 1982
3 1981 7631 7630
3 7630 7631 7632
3 7631 1983 7632
3 7723 7735 7633
3 7735 7634 7633
3 7735 7734 7634
3 1987 7635 1986
3 7635 1985 1986
3 1989 7636 8226
3 7636 7637 8226
3 7637 1988 8226
3 1988 7637 7638
3 1991 7641 7642
3 1993 7642 1992
3 1993 7643 8241
3 8241 7643 7644
3 7643 1978 7644
3 1993 7645 7643
3 7643 2080 1978
3 2080 7643 8233
3 7643 7645 8233
3 1990 7646 7639
3 1996 7648 1999
3 1996 7649 7648
3 7648 7649 1998
3 7649 1997 1998
3 8244 7649 1996
3 1997 7649 2000
3 8244 8246 7649
3 7649 8246 2000
3 8218 7622 2002
3 7622 7650 2002
3 2002 7650 2001
3 7785 2003 7651
3 2003 8223 7651
3 7798 7799 7661
3 7799 8221 7661
3 2004 7663 7715
3 7652 2005 2006
3 1999 7653 2008
3 1999 7648 7653
3 7653 7648 2007
3 7648 1998 2007
3 7654 2009 7655
3 2011 7656 2010
3 1997 7656 1998
3 2011 8248 7656
3 7656 8248 1998
3 2100 7740 2012
3 2100 7841 7740
3 7740 7841 7739
3 7657 8242 8232
3 1993 7658 7645
3 8242 7657 7658
3 7658 7657 7645
3 1993 1992 7659
3 1992 7686 7659
3 7659 7686 7660
3 7686 7687 7660
3 8221 8222 7661
3 8222 7693 7661
3 7622 7625 7650
3 7625 1979 7650
3 1979 2001 7650
3 2001 1979 7628
3 1985 7635 8221
3 7635 2002 8221
3 7799 1985 8221
3 7662 2077 7663
3 2077 7662 7758
3 7662 8211 7758
3 8211 2013 7758
3 2015 7664 8204
3 7664 8210 8204
3 8210 2014 8204
3 7636 7665 7637
3 7665 7666 7637
3 7666 7638 7637
3 7638 7666 8229
3 7666 8231 8229
3 7670 7667 7668
3 7667 7669 7668
3 7668 7669 1999
3 7669 1996 1999
3 7703 7670 7671
3 7670 7668 7671
3 7671 7668 2008
3 7668 1999 2008
3 8236 7672 2087
3 7672 8236 2016
3 8220 7673 8235
3 7624 7673 2017
3 8220 7674 7673
3 7673 7674 2017
3 7675 7624 2017
3 7624 7675 7623
3 7675 7644 7623
3 7644 1978 7623
3 1990 7639 2016
3 2016 7639 7843
3 7640 7676 7639
3 7639 7676 7843
3 7676 7640 7679
3 2018 7679 7640
3 7681 7639 7682
3 7639 7681 7640
3 2018 7640 7681
3 7639 7646 7682
3 1994 7677 7646
3 7646 7677 7682
3 1994 7678 7677
3 2020 7679 2018
3 2019 7679 7680
3 2020 7680 7679
3 2020 2018 2021
3 2018 7681 2021
3 2021 7681 7682
3 2021 7682 7683
3 2022 7683 7678
3 7682 7677 7683
3 7683 7677 7678
3 2007 7684 2023
3 7772 7684 2024
3 2027 7762 2026
3 2025 7685 7762
3 7762 7685 2026
3 2025 1992 7685
3 1992 2025 7686
3 2025 7778 7686
3 7686 7778 7687
3 7778 2028 7687
3 2031 7688 2030
3 2030 7688 8132
3 7688 2029 8132
3 1982 7690 7689
3 7689 7690 7691
3 7690 7787 7691
3 1982 2032 7690
3 1994 7646 8239
3 8239 7646 7692
3 7646 8238 7692
3 7646 1990 8238
3 8222 2003 7693
3 7812 7789 7739
3 7789 7812 7788
3 7812 2033 7788
3 2033 2032 7788
3 2034 7694 2035
3 2034 7695 7694
3 2036 7696 7995
3 7696 7652 7995
3 7652 2006 7995
3 2037 7840 7697
3 7840 2038 7697
3 2038 7633 7697
3 7633 2038 7698
3 7837 7741 7834
3 7655 2009 7699
3 2015 7699 2041
3 2009 7700 7699
3 7699 7700 2041
3 7769 7702 2008
3 2008 7702 7671
3 7702 7703 7671
3 7702 2043 7703
3 7698 7704 2044
3 1983 7704 7632
3 8223 7705 7651
3 7651 7705 7786
3 7705 7691 7786
3 7691 7787 7786
3 2045 7706 2047
3 2047 7706 7999
3 2045 7707 7706
3 7901 7709 7900
3 7839 7900 2053
3 7709 7737 7900
3 7900 7737 2053
3 1984 7712 2054
3 1984 7816 7712
3 8245 7713 2064
3 2009 7654 7713
3 7713 7654 2064
3 2055 7791 2057
3 2056 7714 7791
3 7791 7714 2057
3 2057 7714 2037
3 2058 7701 2042
3 2039 2004 7715
3 2059 7828 7743
3 7743 7828 7717
3 7828 8250 7717
3 2048 7718 7818
3 7818 7718 2060
3 2058 2042 7719
3 2063 7720 7721
3 7720 2062 7721
3 2062 7720 7722
3 2061 7722 7720
3 7711 7816 7710
3 7816 1984 7710
3 7633 7698 7723
3 7723 7698 2044
3 8245 2064 7816
3 7711 8245 7816
3 7655 8080 7654
3 7654 8080 2064
3 7655 7724 8080
3 1984 2054 7725
3 2054 2098 7725
3 7725 2098 2065
3 7726 1984 7725
3 1984 7726 7710
3 7710 2066 2067
3 7710 7726 2066
3 7727 2067 2066
3 7742 7728 7727
3 7728 2067 7727
3 2010 7711 7729
3 7711 7710 7729
3 7710 2067 7729
3 7729 2011 2010
3 7772 2024 7730
3 7773 7730 8249
3 7742 7731 7728
3 7731 8249 7728
3 7731 7773 8249
3 7732 2068 7717
3 2068 7732 7733
3 7733 7732 7734
3 7732 8202 7734
3 7723 7733 7735
3 7735 7733 7734
3 7633 7801 7697
3 7801 7633 7634
3 7858 7736 7820
3 2069 7736 7857
3 7858 7857 7736
3 7709 2069 7737
3 7903 2100 2012
3 2070 7738 2044
3 2044 7738 7723
3 7723 7738 7733
3 7837 2040 7741
3 2040 2071 7741
3 2071 2040 7822
3 2040 2034 7822
3 8250 7742 7717
3 7727 7732 7742
3 7742 7732 7717
3 2068 7743 7717
3 2059 7743 7745
3 2068 7744 7743
3 7743 7744 7745
3 2070 7746 7744
3 7744 7746 7745
3 7746 8230 7745
3 7746 7846 8230
3 8242 7748 7747
3 7747 7748 2072
3 7687 7749 7660
3 2028 7750 7687
3 7687 7750 7749
3 7750 2073 7749
3 2073 7750 1947
3 2072 7751 2074
3 8230 7751 7745
3 2072 7752 7751
3 7751 7752 7745
3 2060 7753 7882
3 2060 7647 7753
3 7753 7647 2113
3 7647 1995 2113
3 7754 2073 1947
3 2059 7755 2075
3 2073 7754 7755
3 7755 7754 2075
3 8235 7756 2076
3 8251 7756 7624
3 8235 7673 7756
3 7756 7673 7624
3 2075 7759 7760
3 2091 7760 1974
3 7759 1974 7760
3 1948 7761 2028
3 2028 7761 7750
3 7761 1947 7750
3 2025 7762 1950
3 1950 7762 7764
3 2027 7763 7762
3 7762 7763 7764
3 1951 2027 7765
3 2027 1951 7763
3 1951 7585 7763
3 1951 7765 7766
3 7680 7766 7765
3 7766 7680 2020
3 7767 7768 2021
3 7768 2020 2021
3 1957 7769 7770
3 1977 7770 2023
3 7769 7653 7770
3 7770 7653 2023
3 1977 2023 7771
3 2023 7684 7771
3 7771 7684 7772
3 1961 7773 7774
3 7773 7731 7774
3 7774 7731 7775
3 7731 7776 7775
3 7775 7776 1974
3 7776 2091 1974
3 2075 7754 7759
3 1947 7777 7754
3 7754 7777 7759
3 7778 1948 2028
3 2025 1950 7778
3 1995 7805 2113
3 2113 7805 7883
3 7805 7874 7883
3 7805 2042 7874
3 2005 7779 2006
3 2079 7779 2078
3 2005 7907 7779
3 7779 7907 2078
3 2080 2213 7780
3 8140 7781 2082
3 2081 7781 2216
3 8140 8145 7781
3 7781 8145 2216
3 1990 2016 7782
3 2016 8236 7782
3 8236 2083 7782
3 7783 2009 7784
3 2009 7783 7700
3 7783 2084 7700
3 2084 2041 7700
3 7693 7716 7695
3 7716 7693 2051
3 7693 2003 2051
3 2050 7785 7651
3 2003 7785 2051
3 2050 7708 7785
3 7785 7708 2051
3 7786 2050 7651
3 2050 7786 7899
3 7786 7787 7899
3 7787 2052 7899
3 2032 7842 7690
3 2052 7787 7842
3 7842 7787 7690
3 7788 7825 7789
3 7825 7788 7824
3 7788 2032 7824
3 2012 7790 2085
3 7789 7790 7739
3 2012 7740 7790
3 7790 7740 7739
3 2056 7791 7792
3 7791 2086 7792
3 2086 7791 7793
3 7791 2055 7793
3 2055 7823 7793
3 7672 2016 7794
3 1980 7795 7797
3 2088 7796 7795
3 7795 7796 7797
3 7796 2089 7797
3 2059 7745 7752
3 7661 7834 7798
3 2035 2049 7800
3 7901 7800 7709
3 7693 7834 7661
3 7693 7837 7834
3 7935 7937 7801
3 2065 7802 7935
3 7703 7803 7670
3 1994 7803 7678
3 7703 7804 7803
3 7803 7804 7678
3 2042 7805 7719
3 7805 1995 7719
3 2027 7806 7765
3 7765 7806 7680
3 7806 2019 7680
3 2027 2026 7806
3 7769 2008 7653
3 7653 2007 2023
3 2033 7807 7855
3 2033 7812 7807
3 7807 7812 7867
3 7812 7739 7867
3 7825 7790 7789
3 7825 7826 7790
3 7790 7826 2085
3 7826 2038 2085
3 7652 7696 2039
3 7696 2004 2039
3 2126 7985 7810
3 7802 7809 7985
3 7985 7809 7810
3 7809 2090 7810
3 2090 7809 7811
3 7809 7802 7811
3 7802 2065 7811
3 7655 7813 7724
3 8205 7813 2015
3 7655 7699 7813
3 7813 7699 2015
3 7808 7652 2039
3 2090 7814 7810
3 2079 7815 7814
3 7814 7815 7810
3 7815 2126 7810
3 2079 2078 7815
3 2064 7817 7816
3 7816 7817 7712
3 7742 7776 7731
3 2092 7818 7881
3 7881 7818 7882
3 7818 2060 7882
3 2093 7819 7856
3 7856 7819 7857
3 7819 2069 7857
3 2093 2053 7819
3 2049 7820 7736
3 7858 7820 7859
3 7820 7821 7859
3 7821 2092 7859
3 2069 7709 7736
3 7709 7800 7736
3 7800 2049 7736
3 2071 7822 7823
3 7823 7822 7793
3 2034 7902 7822
3 7822 7902 7793
3 7902 2086 7793
3 7824 7632 7825
3 7632 7824 7630
3 2032 1982 7824
3 7824 1982 7630
3 7738 2070 7733
3 2070 2068 7733
3 2068 2070 7744
3 7854 2053 2093
3 2053 7854 7903
3 7854 2100 7903
3 2038 7826 7698
3 7698 7826 7704
3 7826 7632 7704
3 7632 7826 7825
3 2041 2084 7827
3 2075 7760 7828
3 7828 7760 2091
3 2042 7701 7874
3 7874 7701 7873
3 7701 7855 7873
3 7701 2033 7855
3 8244 1996 7829
3 1996 7669 7829
3 7669 2094 7829
3 2094 7669 7667
3 7715 7757 7799
3 1958 7830 8400
3 7830 1970 8400
3 8242 7831 8232
3 8242 7747 7831
3 7831 7747 2074
3 7747 2072 2074
3 2021 8398 7767
3 2095 8398 2022
3 2021 7683 8398
3 8398 7683 2022
3 2043 7589 1956
3 1957 7589 7769
3 2043 7702 7589
3 7589 7702 7769
3 1961 7832 7773
3 7772 7730 7832
3 7832 7730 7773
3 8243 1994 8239
3 1994 8243 7849
3 2094 7667 8243
3 8243 7667 7849
3 8233 2213 2080
3 2213 8233 8135
3 2081 2216 8233
3 8233 2216 8135
3 7799 7757 1985
3 2074 7833 2096
3 7665 7833 7666
3 2074 8231 7833
3 7833 8231 7666
3 2124 7741 2071
3 2124 7834 7741
3 2034 2040 7695
3 2040 7693 7695
3 2046 7707 2097
3 2045 7835 7707
3 7707 7835 2097
3 2045 8213 7835
3 8213 7712 7835
3 2090 7836 2099
3 2099 7836 8007
3 7836 2165 8007
3 2165 7836 2098
3 7693 2040 7837
3 2056 7839 7838
3 2037 7714 7840
3 2056 7840 7714
3 2038 7840 2085
3 2056 7838 7840
3 7840 7838 2085
3 7739 7841 7867
3 2058 7842 7701
3 7701 7842 2033
3 7842 2032 2033
3 2058 2052 7842
3 2016 7843 7844
3 7843 7676 7844
3 7676 7641 7844
3 7679 2019 7676
3 2019 7641 7676
3 7641 2019 2026
3 2019 7806 2026
3 1991 8240 7641
3 7794 7844 8240
3 8240 7844 7641
3 7794 2016 7844
3 8140 2082 7845
3 7845 2074 2096
3 1983 7846 7704
3 7846 7746 7704
3 7746 2044 7704
3 7746 2070 2044
3 2069 7819 7737
3 7737 7819 2053
3 7798 7808 7799
3 7799 7808 7715
3 7808 2039 7715
3 2092 7898 2048
3 2049 7898 7820
3 2092 7821 7898
3 7898 7821 7820
3 2046 7847 7707
3 7847 7706 7707
3 7706 7847 7848
3 2063 7721 7847
3 7847 7721 7848
3 7721 2062 7848
3 7670 7849 7667
3 7670 7803 7849
3 7849 7803 1994
3 7818 2092 2048
3 2022 7678 2043
3 7678 7804 2043
3 2043 7804 7703
3 2095 2022 7850
3 2022 2043 7850
3 7850 2043 1956
3 2045 2047 7851
3 7851 2165 2098
3 7641 2026 7642
3 2026 7685 7642
3 7685 1992 7642
3 2090 7852 7814
3 2090 2099 7852
3 7852 2099 7853
3 2093 2101 7854
3 7856 2101 2093
3 7856 7857 7878
3 2103 2104 2105
3 2103 2102 7866
3 7876 7897 7860
3 7897 2106 7860
3 7894 2106 7897
3 2106 7894 7866
3 2104 2103 7894
3 7894 2103 7866
3 2107 7861 7862
3 7861 7863 7862
3 7862 7863 7864
3 2107 7865 7861
3 7861 7865 2104
3 7865 2105 2104
3 2106 7841 2100
3 2106 7866 7841
3 7841 7866 7867
3 7866 2102 7867
3 7807 2108 7855
3 2108 7807 7868
3 7807 7867 7868
3 7867 2102 7868
3 7868 2102 2103
3 2108 2105 7869
3 2108 7868 2105
3 7868 2103 2105
3 7854 2106 2100
3 2106 7854 7860
3 7854 2101 7860
3 2109 7869 2107
3 2107 7869 7865
3 7869 2105 7865
3 7870 7872 7869
3 7872 2108 7869
3 7869 2109 7870
3 7871 2111 7870
3 2111 7872 7870
3 7874 7872 7883
3 7872 2111 7883
3 2111 2113 7883
3 7870 2109 7871
3 2109 2110 7871
3 2108 7872 7873
3 7872 7874 7873
3 7855 2108 7873
3 2109 2107 7875
3 2107 7862 7875
3 7875 7862 7892
3 7862 7864 7892
3 2101 7876 7860
3 7877 7876 2112
3 2112 7876 2101
3 7877 2112 7878
3 7878 2112 7856
3 2112 2101 7856
3 7877 7879 7876
3 7880 7895 7879
3 7879 7895 7876
3 2113 7882 7753
3 2113 2111 7882
3 2111 2114 7882
3 2092 7881 2115
3 7858 7859 7884
3 7884 7859 2115
3 7859 2092 2115
3 7858 7885 7857
3 7857 7885 7878
3 7858 7884 7885
3 2116 2115 7886
3 2115 2116 7884
3 2114 7887 7882
3 2115 7881 7887
3 7887 7881 7882
3 2115 7887 7886
3 2114 2117 7887
3 7878 7885 7877
3 7884 7888 7885
3 7885 7888 7877
3 7884 2116 7888
3 7888 2116 7893
3 7893 2116 7889
3 2116 7886 7889
3 7891 7890 7892
3 7893 7889 7891
3 7891 7889 7890
3 7892 7896 7891
3 7891 7896 7893
3 7896 7880 7893
3 7892 7864 7896
3 7888 7893 7877
3 7893 7879 7877
3 7893 7880 7879
3 2114 2111 7871
3 2117 2114 2110
3 2114 7871 2110
3 7889 7887 7890
3 7890 7887 2117
3 7889 7886 7887
3 2117 2110 7890
3 7890 2110 7892
3 2109 7875 2110
3 2110 7875 7892
3 7861 7894 7863
3 7863 7894 7897
3 7861 2104 7894
3 7863 7895 7864
3 7895 7896 7864
3 7895 7880 7896
3 7876 7895 7897
3 7895 7863 7897
3 2035 7898 2049
3 2048 7898 7695
3 2035 7694 7898
3 7898 7694 7695
3 2060 7708 7647
3 7647 7708 1995
3 7708 2050 1995
3 2060 7718 7708
3 7718 2051 7708
3 1995 7899 7719
3 7719 7899 2058
3 7899 2052 2058
3 1995 2050 7899
3 2056 7792 7839
3 2086 7900 7792
3 7792 7900 7839
3 2086 7901 7900
3 2051 7718 7716
3 2048 7695 7718
3 7718 7695 7716
3 2034 2035 7902
3 2086 7902 7901
3 2035 7800 7902
3 7902 7800 7901
3 7839 7903 7838
3 7838 7903 2085
3 7903 2012 2085
3 7839 2053 7903
3 7919 7925 7917
3 7919 7929 7925
3 2118 7924 7904
3 7904 7924 7905
3 7924 2119 7905
3 7906 7980 2118
3 7980 7906 7979
3 7906 7939 7979
3 2078 7907 2120
3 2120 7907 7981
3 7907 7908 7981
3 7907 2005 7908
3 7982 7909 7910
3 2123 7912 7911
3 7911 7912 2071
3 7912 2124 2071
3 2071 7823 7911
3 7823 7913 7911
3 7913 2123 7911
3 2123 7913 7984
3 7913 7938 7984
3 7923 2126 7914
3 2126 7923 7985
3 2125 7936 7923
3 7923 7936 7985
3 7915 7906 7930
3 2005 7916 7908
3 7917 7982 7986
3 7982 7917 7909
3 7918 7929 7919
3 7918 2121 7929
3 7921 7933 7922
3 2119 7920 7905
3 2125 7934 7920
3 7920 7934 7905
3 2125 2128 7934
3 7925 2148 7963
3 7925 7929 2148
3 7929 7965 2148
3 7965 7929 2143
3 7929 2121 2143
3 7980 7924 2118
3 2119 7924 2127
3 7980 7926 7924
3 7924 7926 2127
3 2126 7927 7914
3 2126 7928 7927
3 7927 7928 2122
3 7928 2120 2122
3 2138 7930 7949
3 7930 7931 7949
3 7931 2130 7949
3 7931 2118 2130
3 7919 7917 7983
3 7917 7986 7983
3 7906 7931 7930
3 7931 7906 2118
3 2150 7932 7962
3 7963 7962 7925
3 7962 7932 7925
3 2128 7940 7943
3 7943 7940 7914
3 2122 7933 7921
3 2150 7966 7932
3 7932 7966 7933
3 7966 7922 7933
3 2122 7921 7927
3 7921 7914 7927
3 2121 7955 2143
3 2138 7955 7930
3 2121 7915 7955
3 7955 7915 7930
3 7935 7802 7936
3 2127 7937 7935
3 2118 7904 2130
3 7906 7915 7939
3 2121 7939 7915
3 2121 7938 7939
3 2125 7923 2128
3 7914 7940 7923
3 7923 7940 2128
3 2122 7910 7933
3 7910 7932 7933
3 7932 7910 7909
3 7925 7932 7917
3 7917 7932 7909
3 2128 7941 7934
3 7934 7941 7905
3 7941 2129 7905
3 2128 7945 7941
3 2129 7904 7905
3 2129 7942 7904
3 7904 7942 2130
3 2128 7943 7945
3 7914 7944 7943
3 7914 7921 7944
3 7922 7967 7921
3 7921 7967 7944
3 7951 7945 7943
3 2132 7946 2131
3 2131 7946 2133
3 2134 7946 2132
3 2134 7947 7946
3 7950 7958 7948
3 7948 7958 2135
3 7948 2135 7947
3 2133 7946 2135
3 2135 7946 7947
3 2136 2131 2133
3 7947 2129 7948
3 2129 7947 2134
3 2130 7942 2134
3 7942 2129 2134
3 7949 2130 2134
3 2134 2132 7949
3 2131 2138 2132
3 2132 2138 7949
3 7953 2131 7952
3 2129 7951 7948
3 7950 7948 7951
3 2129 7941 7951
3 7941 7945 7951
3 2131 2136 7952
3 2137 7952 2136
3 2137 2139 7952
3 2140 7953 7952
3 2139 2140 7952
3 7954 2142 2140
3 2140 7965 2143
3 2148 7965 2142
3 2140 2142 7965
3 2141 7954 2139
3 7954 2140 2139
3 2131 7953 2138
3 2138 7953 7955
3 7953 2143 7955
3 7953 2140 2143
3 2139 2137 7956
3 7977 7956 2144
3 2137 7957 7956
3 7956 7957 2144
3 2144 7957 7978
3 7957 2136 7978
3 7957 2137 2136
3 7959 7950 7951
3 2145 7958 7959
3 7959 7958 7950
3 7959 7944 7960
3 7944 7959 7943
3 7959 7951 7943
3 7960 2145 7959
3 2145 2147 7958
3 2147 7961 7978
3 7961 2144 7978
3 2147 2146 7961
3 2148 7964 7963
3 2149 7964 2142
3 2148 2142 7964
3 7964 7962 7963
3 2150 7968 7966
3 7966 7968 7922
3 7922 2151 7967
3 7944 7967 7960
3 2151 7960 7967
3 7922 7968 2151
3 2151 7968 7970
3 2149 7969 7964
3 7964 7969 7962
3 7969 2150 7962
3 7969 7968 2150
3 7960 7970 7974
3 7974 7970 7973
3 7970 7972 7973
3 7960 2151 7970
3 7971 7972 7976
3 7968 7972 7970
3 7972 7971 7973
3 7973 7971 7977
3 7961 7977 2144
3 7977 7961 7973
3 2146 7973 7961
3 2146 7974 7973
3 7960 7974 2145
3 2146 2147 7974
3 7974 2147 2145
3 2149 2142 7975
3 2142 7954 7975
3 2149 7975 7976
3 7975 7954 2141
3 2149 7976 7969
3 7976 7972 7969
3 7972 7968 7969
3 7976 7975 7971
3 7971 7975 7977
3 7975 2141 7977
3 2141 2139 7977
3 2139 7956 7977
3 2136 2133 7978
3 7978 2133 2135
3 2135 7958 7978
3 2147 7978 7958
3 7979 2057 7980
3 7939 7988 7979
3 7979 7988 2057
3 7988 2055 2057
3 2120 7981 2122
3 2122 7981 7910
3 7981 7982 7910
3 7981 7908 7982
3 2124 7912 7986
3 2123 7983 7912
3 7912 7983 7986
3 2123 7919 7983
3 2121 7918 7938
3 7919 7984 7918
3 7918 7984 7938
3 7919 2123 7984
3 7802 7985 7936
3 7908 7986 7982
3 7908 7916 7986
3 7916 2124 7986
3 2057 7987 7980
3 7937 7926 7987
3 7987 7926 7980
3 7937 2127 7926
3 2078 2120 7815
3 2120 7928 7815
3 7928 2126 7815
3 7935 2119 2127
3 2119 7935 7920
3 7935 7936 7920
3 7936 2125 7920
3 7823 2055 7913
3 2055 7988 7913
3 7988 7938 7913
3 7938 7988 7939
3 7937 7987 7801
3 7801 7987 7697
3 7987 2037 7697
3 7987 2057 2037
3 7801 7989 7935
3 7935 7989 2065
3 7989 7725 2065
3 7801 7634 7989
3 7726 7725 7734
3 7725 7989 7734
3 7734 7989 7634
3 2066 7726 7734
3 8001 7990 8010
3 7990 2160 8010
3 7993 7991 2153
3 7992 7993 2153
3 2154 8016 7992
3 7992 8016 7993
3 2099 2153 7853
3 8059 7853 2152
3 2153 7994 7853
3 7853 7994 2152
3 2157 8056 2156
3 2006 7997 7995
3 7995 7997 7996
3 7997 2158 7996
3 2006 7779 7997
3 2079 7997 7779
3 2158 7997 8057
3 2079 7998 7997
3 7997 7998 8057
3 2162 7999 8058
3 2162 8003 7999
3 7999 8003 2159
3 8056 8017 2156
3 2162 8043 2161
3 2162 8014 8043
3 8043 8014 2163
3 8014 8015 2163
3 2154 8002 8016
3 2159 8004 8002
3 8002 8004 8016
3 2159 8013 8004
3 8039 8001 2181
3 8001 8039 7990
3 8039 2164 7990
3 8001 8005 2181
3 8001 8006 8005
3 8005 8006 8033
3 8006 2155 8033
3 2099 7992 2153
3 2099 8007 7992
3 7992 8007 2154
3 8007 2165 2154
3 2157 8008 2166
3 2157 8014 8008
3 8008 8014 8058
3 8014 2162 8058
3 2152 8009 2172
3 2152 7991 8009
3 8009 7991 2171
3 7991 7993 2171
3 2152 7994 7991
3 7994 2153 7991
3 2167 8011 2168
3 8011 2167 2164
3 2167 7990 2164
3 2169 8012 2161
3 8012 2162 2161
3 2169 8013 8012
3 8014 2157 8015
3 2163 8015 8042
3 8015 2168 8042
3 8015 2167 2168
3 2169 8018 8013
3 8013 8018 8004
3 8018 8016 8004
3 8018 2170 8016
3 2155 2172 8033
3 2155 8000 2172
3 8000 2152 2172
3 2047 2159 7851
3 2171 7993 8019
3 7993 2170 8019
3 2170 7993 8016
3 2155 8059 8000
3 8000 8059 2152
3 2155 7998 8059
3 2159 8003 8013
3 2162 8012 8003
3 8003 8012 8013
3 2157 2156 8015
3 2167 8015 2156
3 8017 2167 2156
3 2160 7990 8017
3 8017 7990 2167
3 2169 2161 2173
3 8020 8035 2161
3 2161 8035 2173
3 8021 8025 8026
3 8024 2170 2174
3 2174 8023 8022
3 8022 8023 8035
3 8023 2173 8035
3 2174 2170 8023
3 8021 8024 8025
3 8027 8025 2175
3 2171 8019 8021
3 2170 8024 8019
3 8019 8024 8021
3 8026 2171 8021
3 2171 8026 8009
3 8026 8032 8009
3 8032 2172 8009
3 2176 8032 8026
3 8025 2176 8026
3 2169 8023 8018
3 8018 8023 2170
3 2169 2173 8023
3 8025 8027 2176
3 8034 8029 8027
3 8027 8029 2176
3 8028 2177 8029
3 8029 2177 2176
3 8034 8028 8029
3 8028 8030 2177
3 2177 8030 2178
3 2177 2178 8031
3 2178 2181 8031
3 8030 8028 8052
3 2177 8032 2176
3 2177 8031 8032
3 8031 8033 8032
3 2172 8032 8033
3 8034 2179 8054
3 8027 2175 8034
3 2175 2179 8034
3 2179 2175 8055
3 8036 8037 8035
3 8035 8037 8022
3 8036 8035 8020
3 8046 8036 8020
3 8038 2179 8055
3 2164 8039 8040
3 2181 8040 8039
3 8040 2178 8041
3 8040 2181 2178
3 8011 2164 8040
3 2181 8005 8031
3 8031 8005 8033
3 2161 8043 8020
3 2163 8046 8043
3 8043 8046 8020
3 2163 8044 8046
3 2163 8042 8044
3 8044 8042 2182
3 8042 2168 2182
3 8044 2182 8045
3 2168 8053 2182
3 2168 8011 8053
3 8053 8011 8041
3 8011 8040 8041
3 8045 8046 8044
3 8046 8045 8051
3 8045 8049 8051
3 8049 8048 8047
3 8045 8048 8049
3 8045 2182 8048
3 8051 8049 8050
3 8047 2179 8049
3 8049 2179 8050
3 2180 8050 8038
3 8038 8050 2179
3 2180 8051 8050
3 8046 8051 8036
3 8036 8051 8037
3 8051 2180 8037
3 8041 8030 8052
3 8041 2178 8030
3 8041 8052 8047
3 8052 8028 8047
3 8048 8053 8047
3 8053 8041 8047
3 8048 2182 8053
3 8047 8054 2179
3 8034 8054 8028
3 8054 8047 8028
3 2175 2174 8055
3 2174 2175 8024
3 2175 8025 8024
3 2180 8038 8037
3 8037 8038 8022
3 8038 2174 8022
3 2174 8038 8055
3 7852 7853 8059
3 2157 2166 8056
3 2166 8203 8056
3 8056 8203 2183
3 8001 8010 2158
3 2158 8010 7996
3 2160 7996 8010
3 8001 8057 8006
3 8006 8057 2155
3 8057 7998 2155
3 8001 2158 8057
3 7706 8058 7999
3 2047 7999 2159
3 8056 2183 8017
3 2183 7996 8017
3 7996 2160 8017
3 2166 7848 2062
3 7706 7848 8058
3 2166 8008 7848
3 7848 8008 8058
3 2165 8002 2154
3 2165 7851 8002
3 8002 7851 2159
3 7852 8059 7814
3 8059 7998 7814
3 7998 2079 7814
3 2184 8062 8122
3 2186 8062 2185
3 2187 8064 8063
3 8063 8064 2188
3 2187 8069 8064
3 2185 8065 2196
3 2196 8065 2189
3 8066 2192 8206
3 8206 2192 8124
3 2063 8067 8066
3 8067 2192 8066
3 2192 8067 8068
3 8067 8083 8068
3 2193 8215 2195
3 2194 7724 8215
3 2196 8082 2185
3 8069 8206 8124
3 8069 2187 8206
3 8125 2189 8070
3 2199 8073 2200
3 2198 8071 8078
3 2197 2193 8071
3 8071 2193 8078
3 2193 8072 8215
3 8215 8072 2194
3 8074 2199 2200
3 8108 8075 8109
3 8075 8060 8109
3 8060 2208 8109
3 2208 8060 8070
3 2208 8070 8076
3 8070 2189 8076
3 2184 8122 8074
3 8122 8077 8074
3 8077 2199 8074
3 2191 8078 2188
3 2193 8126 8078
3 8078 8126 2188
3 2193 2195 8126
3 2205 2185 2201
3 2185 8061 2201
3 8061 2184 2201
3 8060 8125 8070
3 2185 8062 8061
3 8061 8062 2184
3 2209 2190 8108
3 8108 2190 8075
3 2197 8086 2193
3 2193 8086 8072
3 8086 2194 8072
3 2198 8078 2191
3 2198 8084 2209
3 8084 2190 2209
3 2194 8079 8073
3 8079 2200 8073
3 2189 8065 8076
3 2205 8065 2185
3 2199 2064 8080
3 2200 8081 8074
3 8081 2184 8074
3 2184 8081 2201
3 8082 2186 2185
3 2196 8083 8082
3 2198 2191 8084
3 2200 8079 8085
3 2194 8087 8079
3 8081 2200 8085
3 2205 2201 8093
3 2194 8086 8087
3 2197 8071 8112
3 8071 2198 8112
3 2198 8111 8112
3 8111 2198 2209
3 2197 8087 8086
3 8088 8092 8089
3 2203 8092 8085
3 2203 8094 8121
3 8121 8094 8102
3 8094 2202 8102
3 2203 8085 8094
3 8090 2206 8089
3 2206 8090 8091
3 2204 8091 8090
3 2201 8081 8088
3 8085 8092 8081
3 8081 8092 8088
3 2201 8088 8093
3 2205 8093 2206
3 8088 8089 8093
3 8093 8089 2206
3 8085 8079 8094
3 8087 2202 8079
3 8079 2202 8094
3 8091 8095 2206
3 8091 8119 8095
3 2206 8096 8099
3 2206 8095 8096
3 8095 8097 8096
3 8095 8119 8097
3 8099 8096 8098
3 8098 8096 8117
3 8098 8107 8099
3 8107 8065 8099
3 8098 2208 8107
3 8096 8097 8117
3 8099 2205 2206
3 2205 8099 8065
3 8091 8100 8119
3 8100 8101 8119
3 8101 2207 8119
3 2204 8100 8091
3 8101 8100 8120
3 8100 2204 8120
3 8102 2202 8103
3 2202 8087 8103
3 8087 2197 8103
3 8115 8104 8103
3 8104 8102 8103
3 8104 8105 8102
3 8104 8116 8105
3 8105 8106 8120
3 8106 8101 8120
3 8105 8116 8106
3 8065 8107 8076
3 2208 8076 8107
3 2208 8110 8109
3 8109 8110 8108
3 2208 8098 8110
3 2197 8112 8103
3 8111 2209 8114
3 8111 8113 8115
3 8111 8114 8113
3 8110 8114 8108
3 2209 8108 8114
3 8110 8118 8114
3 8114 8118 8113
3 8103 8112 8115
3 8112 8111 8115
3 8113 2210 8115
3 2211 2210 8118
3 8118 2210 8113
3 2211 2207 2210
3 8106 2207 8101
3 8106 8116 2207
3 8116 2210 2207
3 8116 8104 2210
3 8104 8115 2210
3 8098 8117 8110
3 8118 8110 8117
3 8118 8097 2211
3 8118 8117 8097
3 2211 8119 2207
3 8119 2211 8097
3 2204 2203 8120
3 2203 2204 8092
3 2204 8090 8092
3 8090 8089 8092
3 8105 8121 8102
3 2203 8121 8120
3 8105 8120 8121
3 8122 8123 2097
3 8123 2046 2097
3 2046 8123 2186
3 8122 8062 8123
3 8123 8062 2186
3 8064 2191 2188
3 2191 8064 8084
3 8064 8069 8084
3 8069 2190 8084
3 8075 8124 8060
3 8124 2192 8060
3 2192 8125 8060
3 2192 8068 8125
3 8083 2189 8068
3 8068 2189 8125
3 8083 2196 2189
3 8069 8124 2190
3 8124 8075 2190
3 2064 2199 7817
3 2097 7817 8122
3 2199 8077 7817
3 7817 8077 8122
3 2199 8080 8073
3 7724 2194 8080
3 8080 2194 8073
3 2063 7847 8067
3 2046 8127 7847
3 7847 8127 8067
3 8127 8083 8067
3 8083 8127 8082
3 2046 2186 8127
3 8127 2186 8082
3 8139 8148 8128
3 8129 8128 8148
3 7636 8128 7665
3 8128 8129 7665
3 2089 8130 2212
3 2212 8130 8182
3 2030 8131 8130
3 8130 8131 8182
3 2030 8132 8131
3 8131 8132 8179
3 2029 8133 8132
3 8132 8133 8179
3 2213 8135 8134
3 8134 8135 2216
3 2089 8136 1989
3 8151 8136 8180
3 2089 2212 8136
3 8136 2212 8180
3 8137 7665 8129
3 7665 8137 7833
3 8137 2214 7833
3 2214 2096 7833
3 1989 8138 7636
3 7636 8138 8128
3 8138 8139 8128
3 1989 8136 8138
3 8138 8136 8139
3 8136 8151 8139
3 2215 8140 8141
3 8140 7845 8141
3 8141 7845 2214
3 7845 2096 2214
3 2029 8142 8133
3 2029 7780 8142
3 8142 7780 2213
3 2215 8145 8140
3 2214 8143 8141
3 8141 8143 2215
3 2214 8144 8143
3 2213 8134 2222
3 8133 8142 8170
3 8170 8142 8146
3 8142 2222 8146
3 8142 2213 2222
3 2214 8137 8144
3 8144 8137 8147
3 8129 8147 8137
3 8129 8148 8147
3 8139 8149 8148
3 8180 8150 8151
3 8151 8150 8139
3 8150 8149 8139
3 2217 8152 8147
3 8147 8152 8144
3 8152 2218 8144
3 8153 8155 8158
3 8154 8155 8153
3 8154 8159 8155
3 8155 8159 2219
3 2219 8162 8178
3 8178 8162 2227
3 8162 8173 2227
3 2219 8156 8155
3 2221 2220 8156
3 8156 2220 8155
3 8157 8158 2220
3 8158 8155 2220
3 2215 2219 8145
3 2219 8159 8145
3 8159 2216 8145
3 2216 8159 8154
3 2216 8160 8134
3 8134 8160 2222
3 2216 8154 8160
3 2222 8160 8169
3 8154 8153 8160
3 8169 8160 8161
3 8153 8161 8160
3 8153 8158 8161
3 8162 2218 8173
3 2215 8143 2219
3 8144 8162 8143
3 8143 8162 2219
3 8144 2218 8162
3 8158 8163 8161
3 8163 8158 8164
3 8158 8157 8164
3 2223 8169 8161
3 2223 2224 8169
3 8164 8165 8163
3 8165 8161 8163
3 8161 8165 2223
3 2224 2223 8166
3 2223 8168 8166
3 2224 8166 8185
3 8166 8167 8185
3 2223 8165 8168
3 8168 8165 8199
3 2222 8169 8146
3 8169 2224 8146
3 8146 2224 8170
3 8157 8171 8164
3 8157 8172 8171
3 8171 8172 2226
3 8172 2225 2226
3 2220 8172 8157
3 2220 2221 8172
3 8172 2221 2225
3 8152 8173 2218
3 2227 8173 8175
3 8175 8173 8174
3 8173 8152 8174
3 8189 8152 2217
3 8174 8152 8194
3 8152 8189 8194
3 2227 8175 8176
3 8175 2228 8176
3 2228 8175 8198
3 8175 8174 8198
3 2228 8177 8176
3 8176 8177 2221
3 8177 2225 2221
3 2219 8178 8156
3 8156 8176 2221
3 8156 8178 8176
3 8178 2227 8176
3 8131 8179 2229
3 8133 8170 8179
3 2212 2230 8180
3 8180 2230 8181
3 2212 8182 2230
3 2230 8182 8183
3 8131 2229 8182
3 8182 2229 8183
3 8167 8183 2229
3 2230 8183 8184
3 8184 8183 8193
3 8183 8167 8193
3 8167 8166 8193
3 8180 8181 2231
3 2224 8185 8170
3 8170 8185 8179
3 8167 2229 8185
3 8185 2229 8179
3 8180 2231 8150
3 2231 8186 8150
3 8186 8149 8150
3 8149 8186 8188
3 8187 8149 8188
3 8149 8187 8148
3 2217 8147 8187
3 8187 8147 8148
3 8190 8189 8188
3 8188 8189 8187
3 8189 2217 8187
3 8188 8186 8190
3 8190 8186 8191
3 8186 2231 8191
3 8190 8192 2232
3 8190 8191 8192
3 2231 8184 8191
3 2231 8181 8184
3 8181 2230 8184
3 8193 8200 8184
3 8200 8191 8184
3 8191 8200 8192
3 8194 8189 2232
3 8189 8190 2232
3 2232 8196 8194
3 8196 2233 8194
3 8196 8195 2234
3 8196 8200 8195
3 8200 8196 8192
3 8196 2232 8192
3 2226 8197 2234
3 2233 2234 8197
3 2233 8196 2234
3 2233 8197 2228
3 2228 8197 8177
3 8197 2226 8177
3 2226 2225 8177
3 8194 2233 8174
3 2233 8198 8174
3 2233 2228 8198
3 8166 8168 8193
3 8193 8168 8199
3 8195 8200 8199
3 8200 8193 8199
3 2234 8195 8201
3 8195 8199 8201
3 8199 8165 8201
3 8164 8201 8165
3 8164 8171 8201
3 8201 8171 2234
3 8171 2226 2234
3 2066 7734 8202
3 2066 8202 7727
3 7727 8202 7732
3 2166 2062 8203
3 2062 7722 8203
3 7798 7834 7808
3 2124 7916 7834
3 7834 7916 7808
3 7808 7916 7652
3 7916 2005 7652
3 2065 2098 7811
3 2098 7836 7811
3 7836 2090 7811
3 2097 7835 7817
3 7712 7817 7835
3 7722 2036 8203
3 2036 2183 8203
3 2036 7995 2183
3 7995 7996 2183
3 7696 2036 2061
3 2036 7722 2061
3 8204 8205 2015
3 2187 8063 2014
3 2014 8063 8204
3 8063 8205 8204
3 8063 2188 8205
3 2235 8206 8207
3 2187 2014 8206
3 8206 2014 8207
3 8207 2014 8208
3 2014 8210 8208
3 2015 8209 7664
3 7664 8209 8210
3 8209 8212 8210
3 2015 2041 8209
3 8212 8211 8210
3 8207 8208 8211
3 8211 8208 8210
3 7662 8207 8211
3 8207 7662 2235
3 7662 7663 2235
3 2063 8066 7720
3 8066 8206 7720
3 8206 2061 7720
3 2061 8206 8214
3 8216 7715 7663
3 8216 7757 7715
3 2041 7827 8209
3 2013 8212 7827
3 7827 8212 8209
3 2013 8211 8212
3 2098 2054 7851
3 2054 8213 7851
3 8213 2045 7851
3 2054 7712 8213
3 2061 2004 7696
3 2004 2061 8214
3 2235 8214 8206
3 2188 8126 8205
3 8126 2195 8205
3 8205 2195 7813
3 2195 8215 7813
3 8215 7724 7813
3 2004 2235 7663
3 2004 8214 2235
3 2077 8216 7663
3 7757 8216 8217
3 2077 8217 8216
3 1990 7782 8238
3 8238 7782 8237
3 7782 2083 8237
3 2002 7635 8218
3 8218 7635 8219
3 7635 1987 8219
3 2017 7674 7794
3 7794 7674 7672
3 7674 2087 7672
3 2087 7674 8220
3 2002 8222 8221
3 8222 2001 2003
3 2003 2001 8223
3 8222 2002 2001
3 7691 7705 8225
3 8223 8224 7705
3 7705 8224 8225
3 8224 8223 7628
3 8223 2001 7628
3 7689 1981 1982
3 1981 7689 7627
3 7691 8225 7689
3 7689 8225 7627
3 8225 8224 7627
3 2089 1989 7797
3 1989 8226 7797
3 8226 1980 7797
3 1980 8226 8227
3 8226 1988 8227
3 1981 8228 7631
3 8228 1988 7631
3 1988 8228 8227
3 1981 7629 8228
3 8228 7629 8227
3 7629 1980 8227
3 7846 1983 8229
3 1983 7638 8229
3 1983 7631 7638
3 7631 1988 7638
3 7846 8231 8230
3 7846 8229 8231
3 8230 8231 7751
3 8231 2074 7751
3 2074 7845 7831
3 7845 8232 7831
3 7845 2082 8232
3 2082 7657 8232
3 7645 7657 2081
3 2082 7781 7657
3 7657 7781 2081
3 7645 2081 8233
3 2088 8234 7796
3 8234 2089 7796
3 2089 8234 8130
3 2031 2030 8234
3 8234 2030 8130
3 2076 7622 8235
3 7622 2076 7625
3 2076 8252 7625
3 8219 8220 8235
3 2087 8220 1987
3 8220 8219 1987
3 2087 1987 1986
3 2087 1985 8236
3 2087 1986 1985
3 8236 7757 2083
3 8236 1985 7757
3 8217 2083 7757
3 8237 2077 8238
3 2077 8237 8217
3 8237 2083 8217
3 7692 2013 8239
3 2013 7692 7758
3 7692 8238 7758
3 8238 2077 7758
3 7644 7675 1991
3 2017 8240 7675
3 7675 8240 1991
3 2017 7794 8240
3 7644 1991 8241
3 1991 7642 8241
3 8241 7642 1993
3 1993 7659 7658
3 7659 8242 7658
3 7659 7660 8242
3 2072 7748 2073
3 2073 7748 7749
3 7748 7660 7749
3 7660 7748 8242
3 2072 2073 7752
3 2073 7755 7752
3 7755 2059 7752
3 2013 8243 8239
3 2013 7827 8243
3 8243 7827 2094
3 7827 2084 2094
3 2084 7829 2094
3 2084 7783 7829
3 7829 7783 8244
3 7783 7784 8244
3 2009 7713 7784
3 2010 8247 7711
3 7711 8247 8245
3 8247 2000 8245
3 7784 8246 8244
3 2000 8246 8245
3 7784 7713 8246
3 8246 7713 8245
3 2010 7656 8247
3 8247 7656 2000
3 7656 1997 2000
3 2024 8248 2011
3 1998 8248 2007
3 2024 7684 8248
3 8248 7684 2007
3 2067 8249 7729
3 8249 7730 7729
3 7729 7730 2011
3 7730 2024 2011
3 2067 7728 8249
3 7742 2091 7776
3 2091 7742 8250
3 2059 2075 7828
3 7828 2091 8250
3 7623 2029 8251
3 2029 7623 7780
3 7623 2080 7780
3 2076 7756 2031
3 2031 7756 7688
3 7756 8251 7688
3 8251 2029 7688
3 2088 8252 8234
3 2076 2031 8252
3 8252 2031 8234
3 2088 1979 8252
3 1979 2088 7626
3 2088 7795 7626
3 7795 1980 7626
3 2239 8253 1246
3 2236 6019 8262
3 2238 6020 8255
3 6020 6279 8255
3 8259 1354 8256
3 8259 1249 1354
3 1249 8259 8254
3 6085 8259 8263
3 6019 8260 8262
3 8253 8255 6279
3 8253 2239 8255
3 6301 8257 6325
3 1354 6020 8256
3 8256 6020 2238
3 8259 6085 8254
3 8258 6085 8263
3 8264 8260 2237
3 8264 8265 8260
3 8265 8262 8260
3 8258 8264 2237
3 2239 8265 8255
3 8265 8264 8255
3 8256 2238 8263
3 8263 8261 8258
3 8256 8263 8259
3 8255 8261 2238
3 2238 8261 8263
3 8255 8264 8261
3 8261 8264 8258
3 6475 8665 8266
3 6476 8267 6475
3 6475 8267 8665
3 2239 9567 8265
3 8265 9567 8268
3 6301 2236 8268
3 8268 2236 8262
3 8265 8268 8262
3 6207 1334 7365
3 1334 6063 7365
3 6063 1334 6200
3 1334 1324 6200
3 1892 6221 8269
3 1338 8269 6221
3 8269 1338 7388
3 7388 1338 6307
3 7388 6307 7385
3 1341 8270 6307
3 6307 8270 7385
3 8270 1325 7385
3 8270 6076 1325
3 1403 8288 2240
3 1403 6442 8288
3 8288 6442 8271
3 6442 6443 8271
3 1735 6518 8291
3 8291 6518 2240
3 6518 1403 2240
3 1670 6846 1457
3 1741 6846 1669
3 1735 8272 6924
3 8272 8273 6924
3 8273 1698 6924
3 8274 1698 8273
3 1698 8274 6928
3 2241 8275 8274
3 8274 8275 6928
3 8289 8276 1725
3 1725 8276 6989
3 8276 7174 6989
3 7174 1726 6989
3 7297 6990 1728
3 1727 6990 6991
3 7297 7308 6990
3 6990 7308 6991
3 6992 1729 8277
3 1729 6994 8277
3 8277 6994 6520
3 6994 1457 6520
3 6994 1670 1457
3 8441 6864 6996
3 6996 6864 6995
3 1682 1730 6864
3 6864 1730 6995
3 2271 8278 6999
3 6999 8278 6998
3 8278 1731 6998
3 1731 8278 2272
3 1737 7000 8279
3 8279 7000 1738
3 7000 7248 1738
3 6443 7001 8271
3 8289 1725 8280
3 2241 8280 8275
3 1725 7130 8280
3 8280 7130 8275
3 1871 7280 6999
3 1726 7173 7280
3 7280 7173 6999
3 7297 1728 7347
3 1669 7543 8281
3 8281 7543 1730
3 7281 8282 6996
3 7281 7550 8282
3 8282 7550 1731
3 7550 1732 1731
3 1727 7124 6990
3 7125 6513 7124
3 7124 6513 6990
3 6513 1728 6990
3 1728 6513 7346
3 6513 6514 7346
3 8283 6893 1693
3 6893 8283 8284
3 8283 6519 8284
3 6519 1458 8284
3 1747 8285 7026
3 7026 8285 8286
3 8285 6865 8286
3 1747 7540 8285
3 7540 1682 8285
3 1736 8287 7132
3 1736 7006 8287
3 8287 7006 7127
3 7006 7007 7127
3 1779 1740 7175
3 1740 7008 7175
3 7008 1796 7175
3 1796 7008 1739
3 1458 1455 8284
3 1458 6521 1455
3 1455 6521 7541
3 6521 1741 7541
3 8271 7009 8288
3 8288 7009 2240
3 7009 7025 2240
3 1778 7122 2241
3 2241 7122 8280
3 7122 8289 8280
3 7122 7120 8289
3 7125 8290 6512
3 6512 8290 7118
3 8290 1693 7118
3 1693 8290 8283
3 8290 7125 8283
3 7125 6519 8283
3 7025 8291 2240
3 1735 8291 7007
3 7025 7126 8291
3 8291 7126 7007
3 1737 1740 7001
3 1740 7167 7001
3 7001 7167 8271
3 8273 8292 8274
3 8274 8292 2241
3 8292 1778 2241
3 1778 8292 7131
3 8273 1736 8292
3 8292 1736 7131
3 1796 1739 1452
3 1739 8293 1452
3 1452 8293 6514
3 1739 7344 8293
3 8293 7344 6514
3 1682 7540 7542
3 7540 1741 7542
3 1708 6606 8294
3 8294 6606 9548
3 6606 1527 9548
3 1684 8295 6874
3 2243 8296 6858
3 8296 6832 6858
3 6832 8311 6858
3 6832 1449 8311
3 1685 8297 1772
3 1772 8297 8298
3 8297 8299 8298
3 8297 6874 8299
3 2244 8317 8850
3 8303 8849 8317
3 8317 8849 8850
3 1708 8300 6605
3 1704 8300 6941
3 2245 7100 8301
3 7100 8302 1770
3 8302 7100 2246
3 7100 7101 2246
3 1703 8303 8304
3 7104 8304 8305
3 1685 8852 8306
3 8306 8852 1771
3 8852 8305 1771
3 2249 8307 8308
3 8307 2248 8308
3 2248 8307 8310
3 2247 8309 8307
3 8307 8309 8310
3 8858 1677 8311
3 8303 8312 8313
3 1771 8313 8411
3 2242 8412 2250
3 2242 8295 8412
3 8412 8295 1684
3 2251 8314 7105
3 8314 8315 7105
3 8314 8414 8315
3 9540 1528 8316
3 2252 8317 2244
3 8303 8317 8312
3 2252 6620 8317
3 8317 6620 8312
3 1704 8318 8300
3 8300 8318 6605
3 6833 8319 8320
3 1449 8320 8420
3 2253 8321 1685
3 1685 8321 8297
3 8321 1684 8297
3 1771 8411 8306
3 8411 8322 8306
3 8322 1685 8306
3 8322 2253 1685
3 8323 9608 8324
3 8324 9608 2254
3 8324 8325 8323
3 8325 2255 8323
3 1393 2256 8325
3 2256 2255 8325
3 2256 1393 8326
3 1393 6441 8326
3 6441 6440 8326
3 1408 8327 6449
3 6449 8327 2258
3 8327 2257 2258
3 9610 6484 8329
3 6484 9610 6483
3 9610 1407 6483
3 8329 7011 2260
3 8329 6484 7011
3 2260 2261 8330
3 2261 2260 9597
3 2260 7011 9597
3 1891 8331 7342
3 8331 1891 8332
3 1891 2261 8332
3 8335 8333 8334
3 8333 6821 8334
3 6821 8333 7354
3 8333 1659 7354
3 8335 8334 9611
3 8334 8336 9611
3 8336 8334 7012
3 8334 6821 7012
3 1407 8336 6434
3 6470 8337 6622
3 6622 8337 1715
3 6954 1715 8337
3 6473 8338 6470
3 6470 8338 8337
3 1681 6954 8338
3 8338 6954 8337
3 8344 8339 6473
3 8339 8340 6473
3 6473 8340 8338
3 8339 1681 8340
3 8340 1681 8338
3 8344 8341 8339
3 2263 8341 2262
3 8344 8345 8341
3 8341 8345 2262
3 8665 8342 8266
3 8266 8342 6479
3 8342 8343 6479
3 6610 6951 6472
3 6952 8344 6951
3 6951 8344 6472
3 6952 8345 8344
3 1808 8346 1864
3 1808 1807 8346
3 7335 8347 8348
3 1809 8348 8347
3 1809 7190 8348
3 8348 7190 1827
3 7190 7191 1827
3 1824 7288 7577
3 1824 7201 7288
3 7288 7201 7575
3 7201 1823 7575
3 1825 8349 1878
3 1833 8349 7203
3 1825 7202 8349
3 8349 7202 7203
3 1831 1821 7564
3 1831 7565 7559
3 7565 8350 7559
3 7565 1945 8350
3 1945 8351 8350
3 7336 8351 7337
3 1945 7566 8351
3 8351 7566 7337
3 7335 7337 8347
3 7337 7567 8347
3 7567 1809 8347
3 1946 7569 7570
3 1805 7569 7191
3 7206 1946 8352
3 1946 7571 8352
3 8352 7571 8353
3 7571 1887 8353
3 1887 8354 8353
3 1887 7572 8354
3 8354 7572 1864
3 7572 1808 1864
3 1850 8346 7313
3 8346 1807 7313
3 1807 1888 7313
3 1888 1807 7573
3 1888 7573 8355
3 7197 8355 7573
3 7197 7574 8355
3 8355 7574 1804
3 7574 1823 1804
3 1824 8356 7200
3 7200 8356 7284
3 8356 1878 7284
3 1824 7576 8356
3 8356 7576 1878
3 7576 1825 1878
3 2264 8357 8358
3 1802 8358 7203
3 8357 7578 8358
3 8358 7578 7203
3 1821 1830 8359
3 2264 8359 8357
3 1830 7211 8359
3 8359 7211 8357
3 1803 7184 7353
3 7353 7184 7202
3 7184 1802 7202
3 8372 8360 7189
3 1798 7189 7301
3 1808 1811 8361
3 1811 7192 8361
3 8361 7192 7198
3 1818 7195 1800
3 1800 7195 7180
3 7195 8362 7180
3 7195 7196 8362
3 7196 8363 8362
3 7196 1817 8363
3 8363 1817 7306
3 1817 7198 7306
3 8372 7179 8360
3 1819 7199 7179
3 7179 7199 8360
3 7567 8365 8364
3 1820 8365 7290
3 7567 7566 8365
3 8365 7566 7290
3 1859 8366 7282
3 1822 8366 8367
3 1859 7258 8366
3 8366 7258 8367
3 7570 1819 7260
3 1887 7260 7311
3 1877 8368 2264
3 2264 8368 8359
3 8368 1821 8359
3 8368 7282 1821
3 1818 1800 7287
3 1800 8369 7287
3 8369 1882 7287
3 1882 8369 1880
3 1822 8367 8370
3 8367 7286 8370
3 8370 7286 1820
3 7303 1806 8364
3 7303 7301 1806
3 1810 1811 8377
3 1811 7310 8377
3 8377 7310 1863
3 7310 7311 1863
3 1802 7325 8358
3 7325 2264 8358
3 7325 1877 2264
3 1882 1880 8371
3 1880 7326 8371
3 8371 7326 1803
3 1963 8372 8373
3 8372 7178 8373
3 8373 7178 1886
3 1799 8374 7261
3 1963 8374 8372
3 1799 7179 8374
3 8374 7179 8372
3 1800 8376 8375
3 1800 7180 8376
3 8376 7180 1814
3 7180 8362 1814
3 1801 8377 1863
3 1801 7181 8377
3 8377 7181 1810
3 7181 7183 1810
3 1813 7193 1803
3 1803 7193 7185
3 7193 8378 7185
3 7193 1812 8378
3 7194 8363 7306
3 8363 7194 8362
3 1816 8379 1820
3 1816 7604 8379
3 8379 7604 7302
3 1861 8380 8381
3 1860 7621 8380
3 8380 7621 8381
3 1812 8382 8378
3 1877 8382 7305
3 1812 7259 8382
3 8382 7259 7305
3 1819 1799 8383
3 1799 7262 8383
3 8383 7262 1863
3 7262 1801 1863
3 1881 7601 1972
3 1881 7285 7601
3 7601 7285 8375
3 7285 1800 8375
3 1861 8381 8384
3 8381 8388 8384
3 8384 8388 1816
3 7300 1798 7302
3 7300 1886 1798
3 1860 7304 8391
3 7304 1862 8391
3 7304 7305 1862
3 7615 7194 7616
3 7182 7616 7183
3 7194 7307 7616
3 7616 7307 7183
3 1880 1881 7326
3 7326 1813 1803
3 1965 8394 2265
3 7579 8394 1964
3 1965 7594 8394
3 8394 7594 1964
3 1966 8385 7620
3 7620 8385 7182
3 7182 8385 7617
3 1955 8386 1954
3 8386 1953 1954
3 1953 7595 7596
3 1969 8387 7615
3 1814 8387 7595
3 1969 1968 8387
3 8387 1968 7595
3 1972 7600 1970
3 1970 7600 7597
3 7600 1955 7597
3 1955 7600 8386
3 1815 7605 7614
3 7605 1971 7614
3 7605 7606 1971
3 8381 1973 8388
3 1816 8388 7606
3 1973 7608 8388
3 8388 7608 7606
3 1975 8373 1886
3 1975 7613 8373
3 8373 7613 1963
3 7613 1964 1963
3 1815 8399 8389
3 8389 8399 1886
3 8399 1975 1886
3 1969 7615 7603
3 7615 7617 7603
3 1976 7618 8390
3 8390 7618 1812
3 7618 8396 1812
3 1959 8391 1862
3 1959 7590 8391
3 8391 7590 8392
3 7590 7592 8392
3 8393 1959 1862
3 1967 1966 8395
3 1966 7263 8395
3 8395 7263 2265
3 7263 1965 2265
3 1973 8397 7607
3 7592 8397 8392
3 1973 7621 8397
3 8397 7621 8392
3 1958 1976 7830
3 1976 7327 7830
3 7830 7327 1970
3 7327 1972 1970
3 1947 7582 7777
3 7759 7777 7610
3 7582 7580 7777
3 7777 7580 7610
3 7582 8394 7579
3 2265 8394 1949
3 7582 7581 8394
3 8394 7581 1949
3 2265 1949 8395
3 1949 7583 8395
3 8395 7583 1967
3 7583 7584 1967
3 7603 1952 1969
3 1952 1968 1969
3 1952 7585 1968
3 7585 7586 1968
3 1955 7587 7767
3 7767 7587 7768
3 7587 2020 7768
3 2020 7587 1954
3 1958 7588 7618
3 7618 7588 8396
3 7588 1957 8396
3 7772 1960 7771
3 1960 7591 7771
3 7591 1977 7771
3 7591 1959 1977
3 1960 8397 7592
3 7607 8397 1962
3 1960 7593 8397
3 8397 7593 1962
3 1970 8398 2095
3 1970 7597 8398
3 8398 7597 7767
3 7597 1955 7767
3 1974 7609 7775
3 7609 7599 7775
3 7599 7774 7775
3 2020 1954 7766
3 1954 7602 7766
3 7602 1951 7766
3 1951 7602 7586
3 1950 7764 7584
3 7584 7764 7603
3 7763 1952 7764
3 7764 1952 7603
3 7614 7598 8399
3 7599 8399 7598
3 7599 7609 8399
3 8399 7609 1975
3 7609 7610 1975
3 7599 7612 7774
3 7612 1961 7774
3 7612 1962 1961
3 1957 7619 8396
3 1959 8393 7619
3 7619 8393 8396
3 1956 1958 7850
3 1958 8400 7850
3 8400 2095 7850
3 8400 1970 2095
3 1399 6432 6505
3 6505 6432 6849
3 6432 1673 6849
3 1398 1399 6516
3 1399 6506 6516
3 6506 1454 6516
3 1454 6506 7434
3 9543 6915 8406
3 8401 6905 1389
3 6905 1387 1389
3 6907 8402 6906
3 6906 8402 6905
3 8402 1387 6905
3 8403 7020 6910
3 7020 6907 6910
3 6907 7020 8402
3 7020 1387 8402
3 6432 8404 1673
3 8404 1389 1673
3 1389 8404 8401
3 8404 6917 8401
3 9552 7439 8407
3 8407 7439 8514
3 7439 7441 8514
3 7443 8408 7442
3 7442 8408 8409
3 8408 8515 8409
3 7443 8410 8408
3 1401 6436 8312
3 8312 6436 8313
3 6436 8411 8313
3 6436 6438 8411
3 1459 8412 6522
3 6522 8412 8413
3 8412 1684 8413
3 1459 2250 8412
3 1510 6586 2251
3 2251 6586 8314
3 6586 8414 8314
3 6586 6588 8414
3 1534 6620 2252
3 6620 1401 8312
3 6605 8318 6824
3 6824 8318 6825
3 8318 8415 6825
3 8318 1704 8415
3 1686 6875 2253
3 2253 6875 8321
3 6875 1684 8321
3 1684 6875 8413
3 6438 7023 8411
3 8411 7023 8322
3 7023 2253 8322
3 7023 1686 2253
3 1534 8417 8416
3 8416 8417 9613
3 8417 9427 9613
3 6453 8418 1531
3 1531 8418 8316
3 1745 9540 8418
3 8418 9540 8316
3 1445 8419 6848
3 6848 8419 1672
3 8419 8319 1672
3 8319 8419 8320
3 1445 8420 8419
3 8419 8420 8320
3 9468 8406 8421
3 8422 1663 9468
3 9554 1435 8423
3 1435 9554 6500
3 2266 8424 9554
3 9554 8424 6500
3 8426 9553 8427
3 9553 2267 8427
3 2267 1909 8427
3 1909 2267 7437
3 2267 8425 7437
3 8425 7435 7437
3 2268 8426 8428
3 8426 8427 8428
3 8427 6854 8428
3 6854 8427 1909
3 1911 8429 7445
3 1911 8428 8429
3 8429 8428 1674
3 8578 8430 9495
3 8430 9614 9495
3 1915 8431 8432
3 1915 8432 7500
3 7500 8432 8433
3 8432 1749 8433
3 1749 8432 7510
3 8432 8431 7510
3 1749 1748 8433
3 1748 8434 8433
3 8434 7500 8433
3 1748 8435 8434
3 8434 8435 7120
3 2270 8436 8477
3 8477 8436 8478
3 8436 8289 8478
3 8289 8436 8276
3 8436 2270 8276
3 2270 7174 8276
3 2271 8437 8438
3 7174 2270 8437
3 8437 2270 8438
3 2272 8278 8439
3 8439 8278 2271
3 2272 8440 7549
3 8440 8441 7549
3 6865 8442 8286
3 8442 1943 8286
3 1943 8443 8286
3 8286 8443 7026
3 8443 1746 7026
3 1943 7547 8443
3 9493 1746 8443
3 1746 9493 8444
3 1433 7481 8445
3 7481 2273 8445
3 2273 7481 8444
3 2273 8447 8445
3 8445 8447 7480
3 2273 8446 8447
3 8446 7504 8447
3 1937 8447 7504
3 1937 8448 8447
3 8447 8448 7479
3 1937 9453 8448
3 9453 9479 8448
3 9479 8449 8448
3 8449 8450 8448
3 8449 1446 8450
3 1510 8454 8453
3 6497 8452 8454
3 8454 8452 8453
3 8452 8522 8453
3 8522 8452 8521
3 8452 6497 8521
3 6497 8520 8521
3 1459 8454 8455
3 8455 8454 1510
3 1459 6497 8454
3 1510 2251 8455
3 2251 8456 8455
3 8455 8456 1459
3 8456 2250 1459
3 2251 7105 8456
3 7105 8457 8456
3 8456 8457 2250
3 8457 2242 2250
3 1774 8457 7105
3 1774 8458 8457
3 8457 8458 2242
3 2248 8458 1774
3 2242 8458 1658
3 8458 2248 1658
3 1460 1462 8459
3 6585 8459 8461
3 1462 8460 8459
3 8459 8460 8461
3 8460 8309 8461
3 6555 1460 6581
3 1509 6581 6585
3 1460 8459 6581
3 6581 8459 6585
3 8880 8462 2275
3 2274 8471 8462
3 8724 8463 7390
3 1478 8464 2276
3 1478 6526 8464
3 8464 6526 8839
3 6526 6545 8839
3 2277 8465 6555
3 2278 6527 8465
3 8465 6527 6555
3 7401 8466 8467
3 8466 6557 8467
3 8467 6557 2276
3 6557 1478 2276
3 6565 9398 8468
3 2279 8468 9398
3 2279 2280 8468
3 2282 8469 8470
3 8469 6568 8470
3 8470 6568 2281
3 2277 6555 8844
3 6555 6580 8844
3 6580 8471 8844
3 6580 1509 8471
3 2283 8466 8472
3 8466 7401 8472
3 6568 9555 2281
3 6568 1661 9555
3 6545 6871 8839
3 8839 6871 8473
3 6871 2278 8473
3 1753 8474 2284
3 1753 7034 8474
3 8474 7034 1752
3 6582 8476 8475
3 8476 2285 8475
3 1748 8477 8435
3 8477 8478 8435
3 8478 7120 8435
3 7120 8478 8289
3 6865 8479 8442
3 8440 8479 8441
3 8479 6865 8441
3 1671 8480 8481
3 2287 8481 8480
3 1442 8481 8628
3 2287 8551 8481
3 8481 8551 8628
3 8551 2286 8628
3 7452 8482 7451
3 8482 1671 7451
3 1671 8482 8480
3 8482 2287 8480
3 8527 8554 8484
3 9623 8483 8554
3 8554 8483 8484
3 8483 8508 8484
3 9623 8566 8483
3 7519 8487 8555
3 1927 8488 7519
3 8488 8489 7519
3 7519 8489 8487
3 8489 2288 8487
3 7517 8490 7465
3 8490 1927 7465
3 1927 8490 8488
3 1926 7514 8543
3 1926 2289 7514
3 9624 8492 8491
3 8492 6488 8491
3 8492 1914 6488
3 2290 8493 2291
3 2291 8493 1434
3 2290 8494 8493
3 9612 8330 2292
3 2261 1891 8330
3 8330 1891 2292
3 2292 1891 8495
3 1891 7342 8495
3 8495 7342 8496
3 7342 7341 8496
3 7341 8497 8496
3 7341 1438 8497
3 6503 1439 8498
3 1439 6880 8498
3 1447 6509 8499
3 8499 6509 8500
3 6509 1446 8500
3 1446 8502 8500
3 8500 8502 8501
3 8502 8503 8501
3 8502 9615 8503
3 9615 8505 8503
3 9615 8504 8505
3 8504 2293 8505
3 7455 8507 8506
3 8485 9624 8567
3 8567 9624 8491
3 8483 8614 8508
3 8614 8483 2295
3 8483 8566 2295
3 2296 8509 8510
3 8509 2297 8510
3 2297 8509 8530
3 8509 1436 8530
3 1435 8511 8423
3 8423 8511 8512
3 7435 8425 8511
3 8511 8425 8512
3 8425 2267 8512
3 8513 2267 8514
3 2267 8513 8512
3 8513 8515 8512
3 8515 8423 8512
3 1910 7438 7441
3 7438 1441 8409
3 1659 7339 7340
3 1659 1744 7339
3 7339 1744 8516
3 6448 8516 8517
3 1744 8517 8516
3 6448 8517 6437
3 8517 1410 6437
3 1410 8518 6437
3 1410 7022 8518
3 1687 7022 1437
3 1410 9617 7022
3 7022 9617 1437
3 1687 1437 6877
3 1437 6878 6877
3 6878 6495 6877
3 6495 6878 1448
3 6495 1448 8519
3 1448 6510 8519
3 8519 6510 8520
3 6510 9619 8520
3 9619 8451 8520
3 9620 8521 8451
3 8451 8521 8520
3 9620 8522 8521
3 8522 7027 8523
3 7027 8522 8524
3 8522 9620 8524
3 1678 8525 7452
3 1678 9499 8525
3 8525 9499 7454
3 8482 7452 8526
3 7452 8525 8526
3 8526 8525 8527
3 8525 7454 8527
3 8614 8615 8508
3 8508 8615 8568
3 8615 8528 8568
3 8528 2298 8568
3 2296 8529 1511
3 8529 1512 1511
3 2296 8510 8529
3 8510 2297 8529
3 7435 8511 7436
3 7436 8511 8530
3 8511 1435 8530
3 2266 9557 8424
3 1663 8531 9557
3 9557 8531 8424
3 1663 8422 8531
3 8410 9557 2266
3 6914 6913 7443
3 7443 6913 9557
3 6913 6915 9557
3 6915 9543 9557
3 6914 7443 8532
3 1910 7440 8533
3 7440 1908 8534
3 1441 7438 2299
3 7438 1910 2299
3 2299 1910 8533
3 2299 6532 1441
3 1441 6532 8532
3 6532 6914 8532
3 2300 8440 8535
3 8440 2272 8535
3 8536 9500 8537
3 9500 8538 8537
3 2301 2302 8538
3 8539 8477 9501
3 8539 2301 8477
3 2301 2270 8477
3 8570 9501 8540
3 8540 9501 8541
3 7029 9471 8541
3 1943 8442 8542
3 8442 8479 8542
3 1926 8543 9494
3 8543 8544 9494
3 8543 8570 8544
3 7517 8545 8490
3 7517 8548 8545
3 8545 8548 8546
3 8570 8540 8544
3 8547 2300 8548
3 8536 8537 8546
3 8537 8538 7513
3 7513 8538 2302
3 7513 8558 8537
3 8558 7513 8549
3 7513 7514 8549
3 2287 8550 8551
3 2298 8553 8552
3 8552 8553 8482
3 8553 2287 8482
3 2287 8553 8550
3 2298 8561 8553
3 8553 8561 8550
3 7454 8554 8527
3 7454 7453 8554
3 8554 7453 9623
3 7453 9622 9623
3 8485 8487 2288
3 2288 8557 8556
3 8557 2303 8556
3 2288 8489 8557
3 8489 8488 8557
3 8488 8490 8557
3 8549 2303 8558
3 2303 8549 8559
3 7514 2289 8549
3 8549 2289 8559
3 2303 8559 8556
3 8556 8559 8560
3 8559 9625 8560
3 8559 2289 9625
3 8556 8560 8486
3 8560 8492 8486
3 8561 2298 8528
3 8562 8550 8561
3 2290 8564 8563
3 8563 8564 8562
3 8564 8550 8562
3 8550 8564 8551
3 8564 2290 8551
3 2290 2286 8551
3 2291 2286 2290
3 8565 1010 2291
3 8507 8566 9623
3 8507 8567 8566
3 8482 8526 8552
3 8527 8568 8526
3 8526 8568 8552
3 8568 2298 8552
3 8527 8484 8568
3 8484 8508 8568
3 2303 8557 8558
3 8558 8557 8569
3 8557 8490 8569
3 8490 8545 8569
3 8545 8546 8569
3 8558 8569 8537
3 8569 8546 8537
3 7513 2302 8570
3 8548 2300 8546
3 2300 8536 8546
3 1919 7526 7457
3 1941 8571 7526
3 7526 8571 7457
3 8571 1920 7457
3 1920 8571 2304
3 1920 2304 7495
3 2304 8572 7495
3 8572 8573 7495
3 8572 8580 8573
3 8580 8574 8573
3 8573 8574 6444
3 8574 6445 6444
3 6445 8574 2305
3 6445 2305 8575
3 2305 8583 8575
3 8575 8583 8576
3 8583 8584 8576
3 1915 8577 2269
3 8584 8577 8576
3 1915 7448 8577
3 8577 7448 8576
3 8578 2269 8430
3 1924 8431 8578
3 8578 8431 2269
3 8431 1915 2269
3 1925 1924 1938
3 1938 1924 8578
3 8579 2289 1926
3 2289 8579 1939
3 1941 7524 8571
3 7524 7523 8571
3 7523 2304 8571
3 2304 7523 1935
3 2304 1935 8572
3 1935 7493 8572
3 7493 8580 8572
3 7493 1930 8580
3 1930 8581 8580
3 8580 8581 8574
3 8581 2305 8574
3 2305 8581 8582
3 1930 7472 8581
3 8581 7472 8582
3 7472 1929 8582
3 2305 8582 8583
3 1929 8583 8582
3 1929 7509 8583
3 8583 7509 8584
3 7509 7506 8584
3 2269 8585 8430
3 7506 8585 8584
3 2269 8577 8585
3 8585 8577 8584
3 1454 8587 1923
3 1923 8587 8586
3 8587 2268 8586
3 2268 8587 8426
3 1454 7433 8587
3 7433 9552 8587
3 1908 1440 8534
3 1908 7433 1440
3 7433 7434 1440
3 1440 1464 8534
3 1464 6529 8534
3 6529 7440 8534
3 7440 6529 6530
3 7440 6530 8533
3 6530 6541 8533
3 6541 2299 8533
3 2299 6541 1470
3 6914 6532 1469
3 2299 1470 6532
3 6914 1469 6912
3 1469 6835 6912
3 6912 6835 8588
3 6912 8588 6916
3 8588 4926 6916
3 7291 1835 8604
3 1835 7214 8604
3 8604 7214 8589
3 7214 7216 8589
3 1836 7225 7254
3 1836 7217 7225
3 7225 7217 8590
3 1841 8591 7228
3 1841 7219 8591
3 8591 7219 1846
3 7219 1840 1846
3 1837 1836 7292
3 1836 7255 7292
3 7255 7297 7292
3 7297 7255 7351
3 1865 7265 8592
3 8592 7265 1872
3 7266 1875 8593
3 8593 7277 1869
3 1870 7271 1844
3 1844 7271 7272
3 7271 7228 7272
3 7271 1841 7228
3 1829 1874 7209
3 7557 7209 7265
3 1874 7274 7209
3 7209 7274 7265
3 1874 7334 7273
3 1874 7299 7334
3 7334 7299 7245
3 7299 1885 7245
3 7315 1853 7235
3 7315 7316 1853
3 8594 7319 8595
3 7319 8605 8595
3 1870 8596 7320
3 7320 8596 7319
3 8596 8605 7319
3 1870 1844 8596
3 1834 1835 7321
3 1835 7322 7321
3 7322 7235 7321
3 7235 7322 7315
3 8590 8597 7332
3 8597 8595 7332
3 8595 8597 8594
3 1885 8598 7245
3 1885 8606 8598
3 8598 8606 1840
3 7216 8609 8589
3 7216 7349 8609
3 8609 7349 7257
3 7349 7351 7257
3 1889 8599 7316
3 1869 8599 7268
3 1889 7546 8599
3 8599 7546 7268
3 1868 8600 7266
3 1868 7558 8600
3 8600 7558 1865
3 7558 7557 1865
3 7208 7336 1829
3 8613 1867 7208
3 1843 8601 7187
3 1843 7224 8601
3 8601 7224 8602
3 7224 7226 8602
3 1850 7232 7314
3 7233 8603 7232
3 7232 8603 7314
3 8603 7264 7314
3 7233 7227 8603
3 7227 1845 8603
3 7204 7229 7205
3 7229 1826 7205
3 7229 1846 1826
3 7268 1848 7267
3 1848 7230 7267
3 7267 7230 1868
3 1849 8604 8589
3 1849 7231 8604
3 8604 7231 7291
3 7231 7213 7291
3 8605 7233 8595
3 7233 1851 8595
3 1852 8606 1885
3 1852 7234 8606
3 8606 7234 1846
3 7264 8603 8607
3 1845 8607 8603
3 1845 7272 8607
3 8607 7272 7204
3 7283 1879 8608
3 1879 7256 8608
3 8608 7256 7187
3 7256 1843 7187
3 1883 1832 7563
3 7257 1879 8609
3 1879 7295 8609
3 8609 7295 8589
3 7295 1849 8589
3 8610 1852 1885
3 7226 8611 8602
3 8602 8611 7329
3 7226 1851 8611
3 7294 1848 8612
3 1884 8612 1889
3 1848 7546 8612
3 8612 7546 1889
3 1944 7558 7560
3 7558 1847 7560
3 1847 7558 1868
3 8613 1944 1867
3 7562 1889 1883
3 7515 9625 1939
3 9625 2289 1939
3 2295 1436 8614
3 1436 2295 6502
3 8528 8615 2296
3 2296 8615 8509
3 8615 8614 8509
3 8614 1436 8509
3 1511 8528 2296
3 8528 1511 8561
3 2290 8563 8494
3 8562 8561 8563
3 8563 8561 8494
3 8561 1511 8494
3 1004 1003 1443
3 1003 8616 1443
3 1443 8616 6507
3 8616 1444 6507
3 1005 5969 8617
3 5969 9643 8617
3 8726 8618 2306
3 1676 8619 8618
3 8618 8619 2306
3 1676 8620 8619
3 8724 8725 8463
3 8726 8621 8725
3 8725 8621 8463
3 8726 2306 8621
3 1008 7390 8622
3 8622 7390 8463
3 1449 8623 8311
3 1449 6511 8623
3 6511 9643 8623
3 1009 8625 8624
3 8624 8625 8858
3 8625 8620 8858
3 9643 6511 8627
3 8627 6511 8626
3 6511 8420 8626
3 6511 1449 8420
3 8627 8626 1444
3 8626 1445 1444
3 1445 8626 8420
3 1443 8628 9649
3 9649 8628 8629
3 8628 2286 8629
3 1443 1442 8628
3 2286 8630 8629
3 1010 8630 2291
3 8630 2286 2291
3 8565 1011 1010
3 1011 8565 9646
3 2291 1434 8565
3 8565 1434 9646
3 9550 8631 8633
3 8631 8632 8633
3 8632 9559 8633
3 8634 9626 8635
3 9626 2307 8635
3 8636 1407 6434
3 9627 9632 8636
3 8631 8637 2309
3 2309 8637 2308
3 2308 8637 2307
3 2310 8638 9559
3 2310 9560 8638
3 8638 9560 1715
3 9560 6622 1715
3 6434 7013 8636
3 7013 9627 8636
3 7013 9628 9627
3 6458 8639 6459
3 6459 8639 9628
3 2309 9629 2310
3 1394 8640 9629
3 9629 8640 2310
3 1394 6427 8640
3 1796 8641 7176
3 1796 1452 8641
3 1932 7535 8642
3 8642 7535 1451
3 7535 7536 1451
3 1452 1451 8641
3 8642 1451 7118
3 1452 6512 1451
3 1451 6512 7118
3 1345 7554 1240
3 6143 8643 6145
3 6016 6145 8883
3 8643 8882 6145
3 6145 8882 8883
3 9637 6008 8644
3 6008 4982 8644
3 8645 1015 4984
3 1015 8645 8651
3 1320 1353 8645
3 8645 1353 8651
3 2772 8646 4986
3 4986 8646 8647
3 8646 6258 8647
3 2772 1345 8646
3 2795 1349 8648
3 6259 4987 8649
3 8650 4988 6151
3 2808 6151 4988
3 1015 8651 8664
3 8651 1353 8664
3 1705 8652 6934
3 6934 8652 6071
3 1705 1353 8652
3 6143 8653 8643
3 8653 8655 8643
3 4984 4992 8645
3 4991 8654 4992
3 4992 8654 8645
3 8654 1320 8645
3 4991 8655 8654
3 6016 8883 6014
3 8883 8656 6014
3 8656 6003 6014
3 6003 8656 6258
3 1349 5757 6277
3 6277 5757 1316
3 1016 8663 1381
3 1381 8663 6408
3 8663 1382 6408
3 8657 7020 8658
3 7020 8657 7019
3 8657 8895 7019
3 8895 6923 7019
3 2263 2311 8341
3 2311 8339 8341
3 8339 2311 6863
3 8324 8659 8660
3 8267 6903 8661
3 8658 8662 2313
3 8662 8658 8403
3 8658 7020 8403
3 6922 1381 1380
3 1381 6922 8897
3 6923 8895 6922
3 6922 8895 8897
3 1018 8664 8663
3 8663 8664 1382
3 8664 1705 1382
3 7553 7554 1019
3 4987 6259 5251
3 6259 7556 5251
3 5006 8665 5003
3 8267 5003 8665
3 6863 2314 8666
3 2314 6863 2311
3 2262 8667 1020
3 8667 1021 1020
3 8343 8342 5259
3 8665 5259 8342
3 5259 8665 5006
3 2262 8345 8667
3 6952 8667 8345
3 6952 8669 8667
3 8667 8669 1021
3 2313 8668 8899
3 8899 8668 8343
3 8668 6479 8343
3 6479 8668 6909
3 2313 8662 8668
3 8668 8662 6909
3 8662 8403 6909
3 6826 8669 6952
3 1021 8669 5009
3 6826 6942 8669
3 8669 6942 5009
3 1683 8670 6870
3 2315 8671 8670
3 8670 8671 6870
3 8671 8673 6870
3 2315 8672 8671
3 8671 8672 8673
3 8672 2316 8673
3 2316 8672 8674
3 8672 8688 8674
3 8688 8672 2315
3 2318 8818 2317
3 8818 1750 2317
3 2317 1750 8676
3 1750 1466 8676
3 8683 8676 8675
3 8675 8676 1465
3 8676 1466 1465
3 8683 2317 8676
3 6546 8677 2319
3 2319 8677 9503
3 8677 2316 9503
3 6546 8678 8677
3 8677 8678 2316
3 9449 6579 8679
3 1508 8679 6579
3 8698 8679 2320
3 1508 8696 8679
3 8679 8696 2320
3 8683 8675 8680
3 1465 8680 8675
3 1896 8680 8861
3 1465 6534 8680
3 8680 6534 8861
3 6534 1472 8861
3 1896 8681 8680
3 8681 8683 8680
3 7393 8682 8681
3 8681 8682 8683
3 2317 8684 8820
3 8684 8682 8820
3 8682 8684 8683
3 2317 8683 8684
3 2318 8685 8686
3 8685 8687 8686
3 8686 8687 8688
3 8698 2320 8689
3 2320 9502 8689
3 8689 9502 8690
3 9502 2319 8690
3 2316 8674 2321
3 2321 8674 8691
3 8674 8687 8691
3 8687 8674 8688
3 1895 2323 2322
3 2322 2323 8877
3 8692 1897 8693
3 1897 8692 8695
3 2274 8694 8692
3 8692 8694 8695
3 8696 1508 1483
3 1508 1480 1483
3 1480 1508 8697
3 1508 6579 8697
3 6579 6578 8697
3 1029 8697 6578
3 1029 5035 8697
3 8697 5035 1480
3 5035 574 1480
3 8687 9437 8691
3 9437 8687 9436
3 8687 8685 9436
3 2324 8698 8700
3 8698 8699 8700
3 8699 9438 8700
3 9438 8699 9504
3 8698 8689 8699
3 8699 8689 9504
3 8689 8690 9504
3 2327 8701 2326
3 2325 8703 8701
3 8701 8703 2326
3 2325 8702 8703
3 2329 8704 2328
3 2328 8704 8705
3 8704 8682 8705
3 8682 7393 8705
3 8708 9509 2327
3 2330 8701 9509
3 9509 8701 2327
3 2330 8706 8701
3 8706 2325 8701
3 8707 2331 8708
3 2331 8707 9522
3 2328 8709 8707
3 8707 8709 9522
3 8709 8694 9522
3 8682 8704 8820
3 2329 8710 8704
3 8704 8710 8820
3 2329 8711 8710
3 1482 7117 6549
3 1479 8712 7117
3 7117 8712 6549
3 8712 1483 6549
3 1483 8712 8713
3 1479 8714 8712
3 8712 8714 8713
3 1483 8713 8696
3 8713 2320 8696
3 2320 8713 8714
3 8702 8715 8716
3 8716 8715 8718
3 1675 8717 8715
3 8715 8717 8718
3 8719 8720 8827
3 8719 8717 8720
3 8717 1675 8720
3 1675 8715 6855
3 8702 6855 8715
3 6855 8702 1485
3 8702 2325 1485
3 2325 8706 1485
3 1485 8706 6553
3 8706 8721 6553
3 8706 2330 8721
3 8877 8721 8881
3 8721 2330 8881
3 2330 2332 8881
3 2322 8722 8836
3 2322 8723 8722
3 7390 2285 8724
3 8724 2285 8476
3 8725 9456 8726
3 8725 8724 9456
3 8724 8476 9456
3 6584 8727 9456
3 9456 8727 8728
3 8727 2247 8728
3 2247 6859 8728
3 9456 8728 8726
3 8726 8728 8618
3 8728 6859 8618
3 6859 1676 8618
3 1519 8729 6627
3 1519 6596 8729
3 8729 6596 8730
3 6596 1501 8730
3 6815 8731 1536
3 6970 8731 1656
3 6815 6814 8731
3 8731 6814 1656
3 1537 8732 8733
3 8732 6630 8733
3 8733 6630 1538
3 6630 6631 1538
3 1537 8734 1522
3 1537 6629 8734
3 8734 6629 8735
3 6629 6628 8735
3 1518 8736 8737
3 6634 8737 8738
3 8736 6636 8737
3 8737 6636 8738
3 6636 1541 8738
3 6626 8739 2333
3 6648 8739 1540
3 6626 9407 8739
3 8739 9407 1540
3 1542 6614 1532
3 1542 6641 6614
3 6614 6641 8740
3 6641 8741 8740
3 1555 8741 6642
3 6642 1542 8742
3 6593 8743 6592
3 1545 6643 8743
3 8743 6643 6592
3 6643 1516 6592
3 1516 6643 8744
3 6643 1544 8744
3 1544 8745 1551
3 1552 8745 1543
3 1544 6644 8745
3 8745 6644 1543
3 1517 8746 6594
3 8746 6645 6594
3 6645 1518 6594
3 1518 6645 8736
3 6635 8747 1548
3 1550 8747 1546
3 6635 6645 8747
3 8747 6645 1546
3 1537 1522 6771
3 1522 6597 6771
3 6597 1636 6771
3 1636 6597 1521
3 1537 6771 8732
3 6772 8748 6771
3 6771 8748 8732
3 6772 6972 8748
3 8749 1636 1521
3 1636 8749 6969
3 8749 1719 6969
3 1719 1721 6969
3 6971 6970 1656
3 6970 6971 6969
3 6971 6972 6969
3 6972 6772 6969
3 1542 8750 8742
3 1542 7042 8750
3 8750 7042 1785
3 7042 7044 1785
3 6628 8751 8735
3 1717 8751 1755
3 6628 9472 8751
3 8751 9472 1755
3 1758 8752 1515
3 1758 7045 8752
3 8752 7045 8753
3 7045 1757 8753
3 1757 7046 8754
3 1553 7046 1756
3 1757 7047 8753
3 7047 7048 8755
3 1552 1543 6653
3 1543 9473 6653
3 6653 9473 1759
3 1516 8744 6625
3 1544 7049 8744
3 8744 7049 6625
3 7049 1517 6625
3 1517 7049 8746
3 1550 1546 7050
3 7050 1544 1551
3 8741 8756 8740
3 8741 7097 8756
3 8756 7097 1515
3 7097 1758 1515
3 1553 1756 8757
3 1555 8757 8741
3 1639 8758 6733
3 1603 6733 8759
3 1611 8775 6735
3 1620 8760 8775
3 8775 8760 6735
3 8760 1612 6735
3 1612 8760 8761
3 1620 6746 8760
3 8760 6746 8761
3 6746 1619 8761
3 1613 8762 6736
3 6736 8762 8763
3 8762 6729 8763
3 6729 8762 6730
3 1613 8764 8762
3 8762 8764 6730
3 8764 1605 6730
3 1766 8765 7074
3 7074 8765 6738
3 8765 1616 6738
3 1616 8765 1600
3 1617 8766 1599
3 1599 8766 6724
3 8766 1600 6724
3 1617 6742 8766
3 8766 6742 1600
3 6742 1616 1600
3 1641 6782 6985
3 6985 6782 6781
3 6782 1639 6781
3 1639 6782 8758
3 8767 6987 6984
3 6984 6987 1641
3 1617 8795 7063
3 7063 8795 8767
3 1617 1599 8795
3 1612 8761 7064
3 1619 8768 8761
3 8761 8768 7064
3 8768 1761 7064
3 1761 8768 7068
3 1619 8769 8768
3 8768 8769 7068
3 1761 7070 7065
3 1763 8770 7070
3 7070 8770 7065
3 8770 6812 7065
3 1763 1654 8770
3 6737 8771 9475
3 9475 8771 8772
3 8771 1764 8772
3 6737 8763 8771
3 1613 8773 8764
3 8773 1605 8764
3 1605 8773 6807
3 8773 7074 6807
3 7074 1615 6807
3 1792 8775 8774
3 8774 8775 1791
3 8775 1611 1791
3 1792 7157 8775
3 7157 1620 8775
3 1598 8776 1614
3 1614 8776 6739
3 6719 1615 8776
3 8776 1615 6739
3 1603 8777 6733
3 8777 1639 6733
3 8777 1602 1639
3 1604 8778 1609
3 6727 1610 8778
3 1607 8779 1596
3 1607 6728 8779
3 8779 6728 8780
3 6728 1606 8780
3 1640 6781 6982
3 1602 8781 6781
3 6781 8781 6982
3 8781 1638 6982
3 1638 8781 6780
3 1602 1592 8781
3 8781 1592 6780
3 6979 8782 6983
3 8782 6802 6983
3 6802 8782 6801
3 1652 1651 8782
3 8782 1651 6801
3 1617 8783 6741
3 6741 8783 1614
3 8783 1598 1614
3 1598 8783 6805
3 1617 6803 8783
3 8783 6803 6805
3 6803 1651 6805
3 1606 8784 8780
3 1597 8784 6719
3 1606 6808 8784
3 8784 6808 6719
3 1765 8785 1653
3 1653 8785 9467
3 8785 6729 9467
3 6729 1607 9467
3 6711 1655 6710
3 1655 6810 6710
3 6710 6810 1595
3 6810 6811 1595
3 6802 8786 6981
3 6981 8786 1640
3 8786 6985 1640
3 6802 6986 8786
3 8787 1604 1609
3 1604 8787 7062
3 8787 6812 7062
3 6812 1655 7062
3 1789 8788 7154
3 7154 8788 7153
3 8788 1603 7153
3 1603 8788 6726
3 1789 8789 8788
3 8788 8789 6726
3 8789 1590 6726
3 6754 1601 8790
3 1625 8790 6751
3 1601 6724 8790
3 8790 6724 6751
3 1618 8791 6731
3 1618 6743 8791
3 8791 6743 1608
3 6743 6745 1608
3 6760 1621 6758
3 1621 6747 6758
3 6747 8799 6758
3 8799 6747 8798
3 6747 7156 8798
3 6737 1624 6749
3 1600 8792 6751
3 6751 8792 6750
3 8792 1626 6750
3 1626 8792 1766
3 1600 8765 8792
3 8792 8765 1766
3 8793 1618 6731
3 1618 8793 6783
3 1641 1642 8793
3 8793 1642 6783
3 1723 8794 7076
3 7076 8794 6987
3 8794 1642 6987
3 1599 1601 8795
3 8767 8795 7076
3 1601 7075 8795
3 8795 7075 7076
3 7068 7077 7079
3 1621 7077 1619
3 7068 8769 7077
3 7077 8769 1619
3 1629 1762 7080
3 1762 7066 7080
3 7066 7079 7080
3 7066 7068 7079
3 1633 8796 1767
3 1767 8796 9475
3 1632 1624 8796
3 8796 1624 9475
3 1623 8797 7073
3 7073 8797 1766
3 8797 1626 1766
3 8798 1794 8799
3 1794 8798 1793
3 8798 7156 1793
3 1525 8800 7093
3 8800 6884 7093
3 6884 8800 7137
3 8811 9431 8800
3 8800 9431 7137
3 9431 1784 7137
3 1475 8802 6612
3 6612 8802 8803
3 8802 9433 8803
3 9433 8802 9432
3 1475 8808 8802
3 8802 8808 9432
3 1751 7032 2334
3 1750 8804 7032
3 7032 8804 2334
3 1750 8818 8804
3 8818 8819 8804
3 9519 9518 8806
3 9478 8805 9518
3 9518 8805 8806
3 8805 2335 8806
3 9478 1754 8805
3 8807 1751 2334
3 1751 8807 7033
3 1702 8808 8807
3 8807 8808 7033
3 9433 8809 8803
3 1782 8809 2336
3 9433 8810 8809
3 8809 8810 2336
3 1645 8811 8812
3 8811 7089 8812
3 7089 9401 8812
3 7089 7090 9401
3 6838 1665 8813
3 1665 1775 8813
3 8813 1775 8814
3 2335 8805 8815
3 1754 8815 8805
3 1754 1784 8815
3 8815 1784 1644
3 7135 8816 9447
3 8816 8817 9447
3 8817 8816 8801
3 8816 6838 8801
3 8818 2318 8819
3 2318 2317 8820
3 8821 8711 8822
3 8711 8821 8710
3 8821 9435 8710
3 9435 8820 8710
3 8702 8716 8703
3 8716 8823 8703
3 8823 2326 8703
3 2326 8823 2337
3 8716 8718 2324
3 2324 8718 8824
3 8718 8825 8824
3 8718 8717 8825
3 8717 8826 8825
3 8717 8719 8826
3 8719 8827 8826
3 8826 8827 5178
3 1690 2338 8828
3 2338 1690 9562
3 1690 1505 9562
3 8829 8832 1710
3 8832 8829 8830
3 8829 2339 8830
3 1047 8830 5184
3 5184 8830 8831
3 8830 2339 8831
3 1047 8832 8830
3 1499 6574 7171
3 1498 8834 6574
3 6574 8834 7171
3 8834 1514 7171
3 1514 8834 6961
3 1498 7085 8834
3 8834 7085 6961
3 7085 1718 6961
3 2339 8833 8831
3 2338 8835 8833
3 8833 8835 8831
3 451 9651 9562
3 8836 1895 2322
3 1895 8836 7391
3 8836 7389 7391
3 2285 8722 8475
3 8723 8837 8722
3 8722 8837 8475
3 8837 8838 8475
3 8837 2275 8838
3 2276 8464 1900
3 1900 8464 7398
3 8464 7395 7398
3 7395 8464 8839
3 2278 8840 1898
3 8693 8840 2277
3 2278 8465 8840
3 8840 8465 2277
3 8467 2276 1900
3 2340 9563 8869
3 8869 9563 2279
3 9563 2280 2279
3 8841 8843 8842
3 2282 8470 8841
3 8841 8470 8843
3 8470 2281 8843
3 8844 8693 2277
3 8693 8844 8692
3 8844 8471 8692
3 8471 2274 8692
3 2283 8472 2341
3 2281 8845 8843
3 2281 9555 8845
3 8845 9555 8846
3 7395 8839 8473
3 8473 2278 1898
3 2284 8847 2342
3 2284 8474 8847
3 8847 8474 8848
3 8474 1752 8848
3 7390 7389 2285
3 8836 8722 7389
3 7389 8722 2285
3 2242 1658 8295
3 1658 6817 8295
3 6817 6874 8295
3 6874 6817 8299
3 1677 6858 8311
3 6858 6857 2243
3 1703 8849 8303
3 1703 6937 8849
3 8849 6937 8850
3 6937 6938 8850
3 1708 6944 8300
3 6944 6941 8300
3 6941 6944 1707
3 7100 1770 8301
3 1770 8851 8301
3 1770 7099 8851
3 1685 1772 8852
3 1772 7103 8852
3 8852 7103 8305
3 7103 7104 8305
3 1706 1708 8853
3 1708 8294 8853
3 8853 8294 8854
3 8294 9548 8854
3 1772 8298 7102
3 7102 8298 6873
3 8298 1461 6873
3 8298 8299 1461
3 6455 7098 8855
3 1770 8855 7098
3 1770 8302 8855
3 8855 8302 2246
3 1404 8856 7104
3 1703 8304 8856
3 8856 8304 7104
3 6857 8857 2243
3 6857 2249 8857
3 1676 1677 8620
3 1677 8858 8620
3 1462 6816 8460
3 1658 8310 6816
3 6816 8310 8460
3 8310 8309 8460
3 1658 2248 8310
3 2323 8859 6554
3 1053 6554 8859
3 1897 7394 8693
3 7397 8860 7394
3 7394 8860 8693
3 8693 8860 8840
3 8860 7397 8840
3 7397 1898 8840
3 7397 8861 7396
3 7396 8861 8862
3 8861 1472 8862
3 7397 1896 8861
3 1899 8863 1471
3 1472 8863 8862
3 1899 7399 8863
3 8863 7399 8862
3 1533 1901 7031
3 1901 8864 7031
3 8864 1471 7031
3 1901 7400 8864
3 8864 7400 1471
3 7400 1899 1471
3 1901 8472 7401
3 1901 7402 8472
3 8472 7402 2341
3 8848 8865 7404
3 2341 7403 8865
3 8865 7403 7404
3 2342 8866 8868
3 1903 8867 8866
3 8866 8867 8868
3 8867 8869 8868
3 1903 7407 8867
3 8867 7407 8869
3 7407 7409 8869
3 8846 8870 9565
3 9565 8870 7411
3 8870 1904 7411
3 1904 8870 8872
3 8846 8871 8870
3 8870 8871 8872
3 8871 2340 8872
3 1905 8873 7414
3 8842 8874 8873
3 8873 8874 7414
3 8874 1906 7414
3 8842 8843 8874
3 8842 8873 8876
3 1905 8875 8873
3 8873 8875 8876
3 8875 1054 8876
3 1054 8875 5236
3 1905 7415 8875
3 8875 7415 5236
3 7415 3885 5236
3 8721 8877 6554
3 2323 6554 8877
3 1897 8695 7393
3 7393 8695 8705
3 8694 8709 8695
3 8695 8709 8705
3 8709 2328 8705
3 8878 8879 8880
3 8879 2331 8880
3 8878 2332 8879
3 8881 2322 8877
3 2322 8881 8723
3 8881 2332 8723
3 2332 8878 8723
3 2772 1019 1345
3 1345 1019 7554
3 1055 8882 5239
3 8882 8643 5239
3 1055 8883 8882
3 6094 6268 6288
3 1306 8884 6268
3 6268 8884 6288
3 8884 145 6288
3 1306 1056 8884
3 1347 6265 8885
3 6270 6318 6265
3 6265 6318 8885
3 6318 1057 8885
3 1057 6318 5242
3 6318 2836 5242
3 1319 6176 8886
3 8886 6176 134
3 8887 134 6176
3 134 8887 2684
3 5996 2684 8887
3 2856 8888 1346
3 1346 8888 6263
3 8888 1313 6263
3 1313 8888 6165
3 2856 5244 8888
3 8888 5244 6165
3 5244 2673 6165
3 122 5246 6219
3 151 8889 5246
3 5246 8889 6219
3 8889 1302 6219
3 1302 8889 6226
3 151 6311 8889
3 8889 6311 6226
3 136 5248 6253
3 139 8890 5248
3 5248 8890 6253
3 8890 1298 6253
3 1298 8890 6099
3 139 6257 8890
3 8890 6257 6099
3 6257 1299 6099
3 6087 5250 6086
3 6086 5250 6181
3 5250 2688 6181
3 6087 8891 5250
3 8891 1058 5250
3 6151 2808 7556
3 2808 5251 7556
3 1059 4988 9637
3 4988 8650 9637
3 1353 1705 8664
3 8664 1018 1015
3 6087 1323 8891
3 1323 6251 8891
3 8891 6251 1058
3 6251 135 1058
3 8643 8655 5239
3 5239 8655 4990
3 8655 4991 4990
3 8892 1056 1306
3 8892 6181 1056
3 1055 5254 8883
3 8883 5254 8656
3 5254 6258 8656
3 6258 5254 8647
3 1349 2795 5757
3 1347 8893 6299
3 1347 8885 8893
3 8885 1057 8893
3 8658 8894 8657
3 8657 8894 8895
3 8894 1060 8895
3 8658 8896 8894
3 8896 1061 8894
3 7163 5255 7162
3 7163 8898 5255
3 1061 8896 5257
3 5257 8896 2313
3 8658 2313 8896
3 8897 1016 1381
3 8897 8895 1016
3 8895 1060 1016
3 8816 8898 7163
3 8816 7136 8898
3 8899 5257 2313
3 5257 8899 5259
3 8343 5259 8899
3 1009 8900 5969
3 8623 8900 8311
3 1009 8624 8900
3 8900 8624 8311
3 8624 8858 8311
3 2344 8901 8921
3 9111 8902 8901
3 8901 8902 8921
3 8902 2343 8921
3 8903 6759 8904
3 6759 8903 6758
3 2346 8905 8903
3 8903 8905 6758
3 2349 9114 8923
3 9114 2347 8923
3 2347 2348 8923
3 1633 8906 8907
3 1631 8907 8906
3 1631 2349 8907
3 8926 8908 9118
3 8928 8909 8908
3 8908 8909 9118
3 8928 9117 8909
3 2350 8910 8911
3 8928 8911 9117
3 8910 8912 6765
3 8910 8913 8912
3 8912 8913 8914
3 8913 9110 8914
3 9111 8915 8902
3 8915 2343 8902
3 2343 8915 8917
3 9120 8916 8915
3 8915 8916 8917
3 8916 2351 8917
3 8918 2348 2347
3 2348 8918 8934
3 8918 2346 8934
3 2346 2352 8934
3 2355 9351 2343
3 9353 8921 9351
3 9351 8921 2343
3 9353 2344 8921
3 2360 9347 8919
3 2356 8922 9347
3 9347 8922 8919
3 8922 2353 8919
3 2353 8922 9113
3 8922 2356 9113
3 2356 2352 9113
3 2357 8923 9138
3 8923 2348 9138
3 2348 9139 9138
3 2358 8924 9523
3 9523 8924 8925
3 8924 9116 8925
3 2358 8926 8924
3 2358 9132 8926
3 9133 8927 9132
3 9132 8927 8926
3 8926 8927 8908
3 9133 8928 8927
3 8927 8928 8908
3 2350 8929 2359
3 2359 8929 8930
3 8929 9133 8930
3 9133 8929 8928
3 2350 8911 8929
3 8929 8911 8928
3 8931 2351 8932
3 2351 8931 8917
3 2355 2343 8931
3 8931 2343 8917
3 9139 8934 8933
3 8933 8934 2356
3 8934 2352 2356
3 9139 2348 8934
3 2344 8935 2354
3 2360 8935 8936
3 8935 2344 8936
3 2344 9353 8936
3 9030 8937 8938
3 8937 9024 8938
3 8938 9024 8939
3 2361 8941 2363
3 2363 8941 8940
3 8941 8942 8940
3 8941 2362 8942
3 2366 8943 2365
3 2364 8944 8943
3 8943 8944 2365
3 2365 8944 8945
3 8946 8947 8948
3 8947 8949 8948
3 8946 9075 8947
3 8947 9075 8949
3 9075 2367 8949
3 2368 8950 2371
3 2371 8950 2370
3 2370 8950 2369
3 2368 9076 8950
3 8950 9076 2369
3 8953 8951 8989
3 8989 8951 8952
3 8951 8988 8952
3 8953 2372 8951
3 2373 8955 2375
3 2375 8955 8954
3 8955 2374 8954
3 2377 8956 2376
3 8957 2372 8953
3 2372 8957 8959
3 2378 8958 8957
3 8957 8958 8959
3 8960 2381 8961
3 2381 8960 8962
3 8960 2379 8962
3 2379 2380 8962
3 2383 8963 2382
3 2382 8963 9009
3 8963 8961 9009
3 8961 2381 9009
3 8964 2385 8965
3 2385 8964 9015
3 2384 8966 8964
3 8964 8966 9015
3 2385 9022 8965
3 2385 9020 9022
3 9022 9020 8967
3 9020 9021 8967
3 8968 9023 8969
3 9023 8968 8971
3 8968 8970 8971
3 2386 8972 2387
3 2387 8972 9093
3 8972 9037 9093
3 9037 8972 9029
3 2388 8973 2389
3 2388 9036 8973
3 8973 9036 9029
3 9036 9037 9029
3 8970 8974 8976
3 2390 8975 8974
3 8974 8975 8976
3 2391 9041 9097
3 9097 9041 2393
3 2391 2392 9041
3 8977 2417 8978
3 2394 8979 2397
3 2397 8979 9098
3 8979 2396 9098
3 2396 8979 2395
3 9043 9053 9052
3 2396 9051 9053
3 9053 9051 9052
3 2396 2395 9051
3 2422 8980 2399
3 2399 8980 9055
3 8980 8981 9055
3 8980 2398 8981
3 2422 2399 8982
3 2399 8983 8982
3 8983 2400 8982
3 2400 8983 9059
3 2402 8984 8985
3 8984 9060 8985
3 8985 9060 8986
3 9060 2401 8986
3 8986 9064 9066
3 9066 9064 9057
3 9064 9065 9057
3 8986 2401 9064
3 2372 8987 8951
3 8951 8987 8988
3 8987 8942 8988
3 8942 8987 8940
3 2372 8999 8987
3 8987 8999 8940
3 8999 2363 8940
3 2403 8989 8952
3 8953 8989 8991
3 2403 8990 8989
3 8989 8990 8991
3 8990 2404 8991
3 2374 8955 2405
3 2373 8992 8955
3 8955 8992 2405
3 2405 8992 2362
3 2373 8993 8992
3 8992 8993 2362
3 8994 2403 8952
3 2403 8994 9346
3 2375 8995 8994
3 8994 8995 9346
3 9070 8996 8997
3 2376 8997 8996
3 2376 8956 8997
3 8997 8956 2405
3 8956 2374 2405
3 2406 8998 2377
3 2377 8998 8956
3 8998 2374 8956
3 2374 8998 2407
3 8999 2361 2363
3 2361 8999 9000
3 2372 8959 8999
3 8999 8959 9000
3 8959 8958 9000
3 2406 2377 9001
3 2377 9002 9001
3 9002 2408 9001
3 2408 9002 2378
3 9003 8945 9010
3 8945 9003 2380
3 2381 8962 9003
3 9003 8962 2380
3 2410 9004 9006
3 8967 9005 9004
3 9004 9005 9006
3 9005 2409 9006
3 2409 9005 9008
3 8967 9007 9005
3 9005 9007 9008
3 9007 2379 9008
3 2382 9009 9090
3 9009 9073 9090
3 9073 9009 9010
3 2381 9003 9009
3 9009 9003 9010
3 8961 8963 9012
3 2383 9011 8963
3 8963 9011 9012
3 9011 2411 9012
3 2411 9011 9014
3 2383 9013 9011
3 9011 9013 9014
3 9013 2404 9014
3 2385 9015 2366
3 2366 9015 8943
3 8966 9016 9015
3 9015 9016 8943
3 9016 2364 8943
3 2408 9017 2384
3 2384 9017 9018
3 9017 2383 9018
3 2383 9017 9013
3 2408 9019 9017
3 9017 9019 9013
3 9019 2404 9013
3 2385 2366 9020
3 2366 2365 9020
3 9020 2365 9021
3 8967 9004 9022
3 2410 9022 9004
3 2410 9335 9022
3 9022 9335 8965
3 9335 2406 8965
3 8971 8937 9023
3 8937 8971 9024
3 8970 9024 8971
3 8969 9025 8968
3 2411 9026 9025
3 9025 9026 8968
3 9026 8970 8968
3 8970 9026 9027
3 9026 2412 9027
3 2386 9028 8972
3 8972 9028 9029
3 9028 9031 9029
3 2386 9030 9028
3 9028 9030 9031
3 2409 9032 2387
3 2387 9032 9033
3 9032 8969 9033
3 8969 9032 9025
3 2409 9034 9032
3 9032 9034 9025
3 9034 2411 9025
3 2389 9035 9069
3 9069 9035 9068
3 9035 9031 9068
3 9031 9035 9029
3 2389 8973 9035
3 9035 8973 9029
3 9036 2410 9037
3 2410 9036 9336
3 2388 9038 9036
3 9036 9038 9336
3 9038 2413 9336
3 8970 8976 9024
3 9024 8976 8939
3 8975 9094 8976
3 8976 9094 8939
3 2413 9038 9039
3 2388 9040 9038
3 9038 9040 9039
3 9040 2414 9039
3 2414 9040 2390
3 2393 9041 9042
3 9041 2392 9042
3 2392 2369 9042
3 2416 9043 9101
3 2415 9101 2391
3 9043 9044 9101
3 9101 9044 2391
3 2393 9042 8977
3 9042 9045 8977
3 9045 2417 8977
3 8978 9046 8977
3 2412 9047 9046
3 9046 9047 8977
3 9047 2393 8977
3 2393 9047 9048
3 9047 2418 9048
3 2395 8979 2371
3 2394 9049 8979
3 8979 9049 2371
3 9049 2394 2371
3 2394 2368 2371
3 2414 9050 2397
3 8978 9050 9046
3 2414 9095 9050
3 9050 9095 9046
3 9095 2412 9046
3 9051 2370 9052
3 2395 2371 9051
3 9051 2371 2370
3 2396 9053 9054
3 9053 2413 9054
3 2413 9053 9337
3 9053 9043 9337
3 9043 2416 9337
3 2399 9055 2419
3 2419 9055 2367
3 9055 8981 2367
3 9056 2421 9057
3 2398 2420 9056
3 2399 2419 8983
3 2419 9058 8983
3 9058 9059 8983
3 9058 9074 9059
3 2418 8982 2400
3 2401 9060 8948
3 8948 9060 8946
3 8984 9061 9060
3 9060 9061 8946
3 2415 9062 2402
3 2415 9063 9062
3 9062 9063 2400
3 9063 2418 2400
3 9064 8949 9065
3 8949 9064 8948
3 2401 8948 9064
3 8986 9066 9067
3 9066 2416 9067
3 9057 2421 9066
3 9068 8939 9069
3 8939 9068 8938
3 9068 9031 8938
3 9031 9030 8938
3 2361 9070 8941
3 9070 9071 8941
3 9071 2362 8941
3 9070 8997 9071
3 9071 8997 2362
3 8997 2405 2362
3 8945 9072 9010
3 9072 9073 9010
3 8945 8944 9072
3 9072 8944 9073
3 8944 2364 9073
3 8946 9074 9075
3 9074 9058 9075
3 9075 9058 2367
3 9058 2419 2367
3 2417 9076 2368
3 2369 9076 9042
3 2417 9045 9076
3 9076 9045 9042
3 8988 9077 8952
3 8952 9077 8994
3 2373 2375 9077
3 9077 2375 8994
3 2378 9078 8958
3 2378 9002 9078
3 9078 9002 2376
3 9002 2377 2376
3 2380 2379 9088
3 2379 9007 9088
3 9007 9021 9088
3 9021 9007 8967
3 8966 9080 9079
3 9079 9080 2382
3 9080 2383 2382
3 2383 9080 9018
3 9080 8966 9018
3 8966 2384 9018
3 2386 2387 9092
3 2387 9033 9092
3 9033 9023 9092
3 9023 9033 8969
3 2390 9040 8975
3 2388 9081 9040
3 9040 9081 8975
3 2388 2389 9081
3 2391 9044 2392
3 9043 9082 9044
3 9044 9082 2392
3 9043 9052 9082
3 2394 2397 9083
3 2417 9083 8978
3 2397 9050 9083
3 9083 9050 8978
3 2398 9056 8981
3 8981 9056 9099
3 9056 9057 9099
3 9057 9065 9099
3 2402 9062 8984
3 8984 9062 9084
3 9062 9059 9084
3 9062 2400 9059
3 2362 9085 8942
3 8942 9085 8988
3 8988 9085 9077
3 2362 8993 9085
3 9085 8993 9077
3 8993 2373 9077
3 2375 8954 8995
3 8954 2374 2407
3 2361 9000 9070
3 8958 9086 9000
3 9000 9086 9070
3 9070 9086 8996
3 8958 9078 9086
3 9086 9078 8996
3 9078 2376 8996
3 8953 9087 8957
3 8957 9087 2378
3 9087 2408 2378
3 2408 9087 9019
3 8953 8991 9087
3 9087 8991 9019
3 8991 2404 9019
3 2380 9088 8945
3 9088 2365 8945
3 2365 9088 9021
3 2379 8960 9008
3 8961 9089 8960
3 8960 9089 9008
3 9089 2409 9008
3 2409 9089 9034
3 8961 9012 9089
3 9089 9012 9034
3 9012 2411 9034
3 2364 9090 9073
3 2382 9090 9079
3 2364 9016 9090
3 9090 9016 9079
3 9016 8966 9079
3 2406 9001 8965
3 2408 9091 9001
3 9001 9091 8965
3 8965 9091 8964
3 2408 2384 9091
3 9091 2384 8964
3 9030 9092 8937
3 8937 9092 9023
3 9030 2386 9092
3 2410 9006 9037
3 2409 9093 9006
3 9006 9093 9037
3 2409 2387 9093
3 8939 9094 9069
3 8975 9081 9094
3 9094 9081 9069
3 9081 2389 9069
3 8970 9095 8974
3 8974 9095 2390
3 9095 2414 2390
3 8970 9027 9095
3 9027 2412 9095
3 9052 9096 9082
3 9082 9096 2392
3 9096 2369 2392
3 9096 9052 2369
3 9052 2370 2369
3 9097 2415 2391
3 2415 9097 9063
3 2393 9048 9097
3 9097 9048 9063
3 9048 2418 9063
3 2394 9083 2368
3 9083 2417 2368
3 2413 9039 9054
3 2414 9098 9039
3 9039 9098 9054
3 9098 2396 9054
3 2414 2397 9098
3 9099 2367 8981
3 2367 9099 8949
3 9099 9065 8949
3 2420 2398 9100
3 2398 8980 9100
3 9100 8980 2422
3 8946 9061 9074
3 8984 9084 9061
3 9061 9084 9074
3 9074 9084 9059
3 2415 2402 9101
3 8986 9067 8985
3 2416 9101 9067
3 9067 9101 8985
3 9101 2402 8985
3 2424 9102 2423
3 2351 9103 9102
3 9102 9103 2423
3 2423 9103 9104
3 2351 8916 9103
3 9103 8916 9104
3 8916 9120 9104
3 1627 9105 7082
3 7082 9105 9106
3 9105 2423 9106
3 1627 9107 9105
3 9107 9109 2426
3 2426 9109 9108
3 9109 2425 9108
3 2425 9109 9110
3 8901 2345 9111
3 2345 6757 9111
3 6757 2345 6755
3 2345 9112 6755
3 9112 1628 6755
3 8904 9113 8903
3 8903 9113 2346
3 9113 2352 2346
3 8904 8920 9113
3 8920 2353 9113
3 2349 1631 9114
3 2347 9114 1630
3 8926 9115 8924
3 8924 9115 9116
3 9115 8907 9116
3 8926 9118 9115
3 1634 6763 9117
3 9117 6763 8909
3 1632 9118 6763
3 6763 9118 8909
3 8910 6765 8911
3 6765 6766 8911
3 6766 9117 8911
3 6766 1634 9117
3 9111 9119 8915
3 8915 9119 9120
3 9119 6784 9120
3 9111 6757 9119
3 2346 8918 8905
3 2347 9121 8918
3 8918 9121 8905
3 2347 1630 9121
3 1628 2353 7158
3 2353 1628 9112
3 2423 9104 9106
3 9106 9104 6988
3 9104 9120 6988
3 9120 6784 6988
3 9107 9122 9105
3 9105 9122 2423
3 9122 2424 2423
3 2424 9122 9123
3 9107 2426 9122
3 9122 2426 9123
3 9110 9124 8914
3 8914 9124 6753
3 9124 1627 6753
3 1627 9124 9107
3 9110 9109 9124
3 9124 9109 9107
3 2351 9102 8932
3 2424 9125 9102
3 9102 9125 8932
3 2424 9142 9125
3 2426 9108 9127
3 2425 9126 9108
3 9108 9126 9127
3 9126 2428 9127
3 2428 9126 9129
3 2425 9128 9126
3 9126 9128 9129
3 9128 2427 9129
3 2426 9130 9123
3 9123 9130 2424
3 9130 9142 2424
3 9142 9130 9131
3 2426 9127 9130
3 9130 9127 9131
3 9127 2428 9131
3 9132 2429 9133
3 2429 9132 9135
3 2358 9134 9132
3 9132 9134 9135
3 2430 9136 9137
3 9136 9523 9137
3 9136 9134 9523
3 9134 2358 9523
3 2357 9138 9137
3 9138 9298 9137
3 9298 9138 9140
3 9138 9139 9140
3 9139 2431 9140
3 8932 9125 2433
3 9142 9141 9125
3 9125 9141 2433
3 9142 2432 9141
3 2428 9143 9131
3 9131 9143 9142
3 9143 2432 9142
3 2432 9143 9145
3 2428 9144 9143
3 9143 9144 9145
3 9144 2434 9145
3 2427 9146 9129
3 2435 9147 9146
3 9146 9147 9129
3 9147 2428 9129
3 2428 9147 9144
3 2435 9148 9147
3 9147 9148 9144
3 9148 2434 9144
3 2427 9128 9150
3 2425 9149 9128
3 9128 9149 9150
3 9149 2359 9150
3 2425 9151 9149
3 9149 9151 2359
3 9151 2350 2359
3 2350 8913 8910
3 2350 9151 8913
3 8913 9151 9110
3 9151 2425 9110
3 9152 2437 9153
3 2437 9152 9155
3 2436 9154 9152
3 9152 9154 9155
3 2437 9156 9153
3 9156 9180 9157
3 9180 9158 9157
3 9157 9158 2438
3 9180 9159 9158
3 2438 9158 2439
3 9159 9160 9158
3 9158 9160 2439
3 9159 9161 9160
3 2439 9160 9163
3 9161 9162 9160
3 9160 9162 9163
3 9162 9341 9163
3 9341 9162 2440
3 9161 9164 9162
3 9162 9164 2440
3 9341 2440 9340
3 2440 9165 9340
3 9165 9166 9340
3 9165 9188 9166
3 2436 9167 9154
3 9154 9167 9232
3 9334 9168 9167
3 9167 9168 9232
3 9334 9169 9168
3 9168 9169 9247
3 9169 2441 9247
3 2441 2442 9247
3 9170 2442 2441
3 2442 9170 9171
3 9170 2443 9171
3 2443 9174 9171
3 9188 9172 9166
3 9166 9172 9339
3 2444 9173 9172
3 9172 9173 9339
3 2445 9175 2443
3 2443 9175 9174
3 2445 9176 9175
3 2446 9176 2445
3 2446 2447 9176
3 9173 9177 9338
3 9338 9177 2446
3 9177 2447 2446
3 9173 2444 9177
3 2437 9178 9156
3 2448 9179 9178
3 9178 9179 9156
3 9179 9180 9156
3 9179 2449 9180
3 2449 9181 9180
3 9180 9181 9159
3 9159 9181 2450
3 9159 2450 9161
3 2450 9182 9161
3 9161 9182 9184
3 2450 9183 9182
3 9182 9183 9184
3 9183 2451 9184
3 9161 9184 9164
3 2451 9185 9184
3 9184 9185 9164
3 9185 2440 9164
3 2451 9186 9185
3 9186 2452 9185
3 2440 9185 9165
3 2452 9187 9185
3 9185 9187 9165
3 9187 9188 9165
3 9187 9192 9188
3 2451 9189 9186
3 9189 2453 9186
3 2453 2452 9186
3 2452 2453 9190
3 2452 9190 9187
3 9190 9191 9187
3 9191 9192 9187
3 9191 9193 9192
3 9192 9193 9194
3 9193 9200 9194
3 9191 9195 9193
3 2454 9197 9196
3 9197 2454 9198
3 2454 2455 9198
3 9196 9197 9199
3 9197 9195 9199
3 9195 9197 9193
3 9197 9200 9193
3 9191 9201 9195
3 9195 9201 9202
3 9201 2456 9202
3 2456 9201 9203
3 9191 9190 9201
3 9201 9190 9203
3 9190 2453 9203
3 9195 9204 9199
3 2457 9204 9205
3 9195 9202 9204
3 9204 9202 9205
3 9202 2456 9205
3 2454 9196 9207
3 9199 9206 9196
3 9196 9206 9207
3 9206 9300 9207
3 9300 9206 9299
3 9199 9204 9206
3 9206 9204 9299
3 9204 2457 9299
3 9524 9209 9208
3 9208 9209 9210
3 9209 9212 9210
3 9524 9211 9209
3 9209 9211 9212
3 9211 2458 9212
3 2459 9213 9215
3 2460 9214 9213
3 9213 9214 9215
3 9214 2458 9215
3 2458 9214 9212
3 2460 9216 9214
3 9214 9216 9212
3 2459 9217 9213
3 9224 9218 9217
3 9217 9218 9213
3 9218 2460 9213
3 9224 9219 9218
3 2461 9524 9220
3 9524 2461 9211
3 2459 9215 9222
3 2458 9221 9215
3 9215 9221 9222
3 9221 2462 9222
3 2458 9211 9221
3 9211 2461 9221
3 2459 9223 9217
3 9217 9223 9224
3 9223 2463 9224
3 2463 9223 9294
3 2459 9222 9223
3 9223 9222 9294
3 9222 2462 9294
3 2463 9225 9224
3 9224 9225 9226
3 9225 9527 9226
3 9225 2464 9527
3 9224 9226 9219
3 9219 9226 9227
3 9226 2465 9227
3 2465 9226 9228
3 9226 9527 9228
3 2437 9155 9178
3 9154 9229 9155
3 9155 9229 9178
3 9229 2448 9178
3 2448 9229 9231
3 9154 9230 9229
3 9229 9230 9231
3 9230 2466 9231
3 9154 9232 9230
3 9232 2466 9230
3 2466 9232 9234
3 9168 9233 9232
3 9232 9233 9234
3 2453 9189 9358
3 2451 9183 9189
3 9189 9183 9358
3 9183 9286 9358
3 9183 2450 9286
3 2450 9235 9286
3 2467 9235 2449
3 2450 9181 9235
3 9235 9181 2449
3 2448 9236 9179
3 9179 9236 2449
3 9236 2467 2449
3 2467 9236 9238
3 2448 9237 9236
3 9236 9237 9238
3 9237 2468 9238
3 2469 9239 9241
3 2468 9240 9239
3 9239 9240 9241
3 9240 2466 9241
3 2466 9240 9231
3 2468 9237 9240
3 9240 9237 9231
3 9237 2448 9231
3 2466 9234 9241
3 9233 9242 9234
3 9234 9242 9241
3 9242 2469 9241
3 2469 9242 9244
3 9233 9243 9242
3 9242 9243 9244
3 9243 2470 9244
3 2469 9244 9246
3 2470 9245 9244
3 9244 9245 9246
3 9245 9250 9246
3 2470 2471 9245
3 9168 9247 9233
3 9233 9247 9248
3 9247 2442 9248
3 2442 2472 9248
3 9233 9248 9243
3 9248 2470 9243
3 2470 9248 9249
3 9248 2472 9249
3 2472 2473 9249
3 9249 2471 2470
3 2471 9249 9283
3 9249 2473 9283
3 2473 2474 9283
3 9245 9253 9250
3 9253 9245 9251
3 9245 2471 9251
3 2471 2475 9251
3 2475 9252 9251
3 9251 9252 9253
3 9252 2477 9253
3 2475 2476 9252
3 2465 9228 2478
3 9527 9254 9228
3 9228 9254 2478
3 9527 9255 9254
3 2479 9256 9293
3 9255 9256 2477
3 9256 2479 2477
3 2477 9257 9253
3 9253 9257 9258
3 9257 2480 9258
3 2477 2479 9257
3 9253 9258 9250
3 9250 9258 9259
3 2480 9291 9258
3 9258 9291 9259
3 9291 2481 9259
3 9250 9259 9246
3 9259 2481 9246
3 2481 2469 9246
3 2469 2481 9239
3 2481 9289 9239
3 9289 2468 9239
3 9192 9261 9188
3 2482 9260 9261
3 9261 9260 9188
3 9188 9260 9172
3 9260 2482 9172
3 2482 2444 9172
3 2482 9261 9262
3 9192 9194 9261
3 9200 9263 9194
3 9194 9263 9261
3 9263 9265 9261
3 9265 9262 9261
3 9197 9264 9200
3 9200 9264 9263
3 2483 9265 9264
3 9264 9265 9263
3 9197 9198 9264
3 2455 9266 9198
3 9198 9266 9264
3 9266 2483 9264
3 2483 9266 2484
3 2455 9267 9266
3 9266 9267 2484
3 2484 9267 2485
3 2455 9268 9267
3 9267 9268 2485
3 2455 9210 9268
3 9212 9216 9270
3 2460 9269 9216
3 9216 9269 9270
3 9269 2487 9270
3 2487 9269 9272
3 2460 9271 9269
3 9269 9271 9272
3 9271 2486 9272
3 2460 9218 9271
3 9219 9273 9218
3 9218 9273 9271
3 9273 2486 9271
3 2486 9273 9275
3 9219 9274 9273
3 9273 9274 9275
3 9219 9227 9274
3 2465 9276 9227
3 9227 9276 9274
3 9274 9276 9278
3 2465 9277 9276
3 9276 9277 9278
3 9277 9280 9278
3 2465 9279 9277
3 9277 9279 9280
3 9279 9530 9280
3 2465 2478 9279
3 9281 2476 2475
3 9283 2475 2471
3 2475 9283 9281
3 9283 2474 9281
3 2474 9282 9281
3 2467 9284 9235
3 2434 9285 9284
3 9284 9285 9235
3 9285 9286 9235
3 2434 9148 9285
3 9285 9148 9286
3 9148 2435 9286
3 2467 9238 9284
3 2468 9287 9238
3 9238 9287 9284
3 9287 2434 9284
3 2434 9287 9145
3 2468 9288 9287
3 9287 9288 9145
3 9288 2432 9145
3 2468 9289 9288
3 9289 2432 9288
3 2432 9289 9141
3 2481 9290 9289
3 9289 9290 9141
3 9290 2433 9141
3 2481 9291 9290
3 9291 2433 9290
3 2433 9291 9355
3 9291 2480 9355
3 2480 9352 9355
3 2479 9292 9257
3 9257 9292 2480
3 9292 9352 2480
3 2479 2488 9292
3 2488 9293 9354
3 9354 9293 9531
3 2488 2479 9293
3 2463 2489 9225
3 2489 2464 9225
3 2464 2489 9348
3 2431 9294 2462
3 2431 9295 9294
3 9294 9295 2463
3 9295 2489 2463
3 2461 9296 9221
3 9221 9296 2462
3 9296 2431 2462
3 2431 9296 9140
3 9296 9298 9140
3 9298 9220 9297
3 9298 9296 9220
3 9296 2461 9220
3 9299 9134 9300
3 9134 9299 9135
3 2457 9135 9299
3 9171 2472 2442
3 2472 9171 9302
3 9174 9301 9171
3 9171 9301 9302
3 9175 9303 9174
3 9174 9303 9301
3 9176 9304 9175
3 9175 9304 9303
3 9176 9308 9304
3 9308 9176 9307
3 9176 2447 9307
3 2447 2490 9307
3 2444 9305 9177
3 9177 9305 2447
3 9305 2490 2447
3 2444 2482 9305
3 9306 2482 9262
3 2482 9306 9305
3 9306 2490 9305
3 2491 9308 9307
3 9309 9308 2491
3 9308 9309 9304
3 2492 9310 9314
3 9314 9310 9309
3 9310 9304 9309
3 9304 9310 9303
3 9310 2492 9303
3 2492 9301 9303
3 2473 9302 9315
3 9315 9302 2492
3 9302 9301 2492
3 2473 2472 9302
3 9311 9262 9265
3 9262 9311 9306
3 9311 2493 9306
3 2493 2490 9306
3 9312 2490 2493
3 2490 9312 9307
3 9312 2491 9307
3 9309 2491 9313
3 2494 9314 9318
3 9318 9314 9313
3 9314 9309 9313
3 2494 2492 9314
3 2474 9315 9316
3 9316 9315 2494
3 9315 2492 2494
3 2474 2473 9315
3 9316 9282 2474
3 9282 9316 9324
3 2494 9317 9316
3 9316 9317 9324
3 2494 9318 9317
3 9317 9318 9323
3 9318 9313 9323
3 9323 9313 2495
3 9313 2491 2495
3 2495 2491 9322
3 2491 9312 9322
3 9312 2493 9322
3 2493 9321 9322
3 9321 2493 9320
3 2493 9319 9320
3 9319 2483 9320
3 2483 9319 9265
3 2493 9311 9319
3 9319 9311 9265
3 9321 9320 9325
3 9325 9320 2484
3 9320 2483 2484
3 2495 9322 9532
3 9322 9321 9532
3 2495 9331 9323
3 9317 9323 2496
3 2496 9323 9331
3 9282 9324 9533
3 9317 2496 9324
3 9324 2496 9533
3 9321 9325 9532
3 2484 2485 9325
3 2486 9326 9272
3 9326 2487 9272
3 2487 9326 9327
3 9326 9328 9327
3 9274 9329 9275
3 9329 2497 9275
3 2497 2486 9275
3 2486 2497 9326
3 2497 9328 9326
3 9274 9278 9329
3 9280 9329 9278
3 2497 9329 9333
3 9280 9330 9329
3 9329 9330 9333
3 9280 9530 9330
3 9333 9330 9331
3 2497 9333 9328
3 9333 9332 9328
3 9331 9332 9333
3 8995 8954 9334
3 9334 8954 9169
3 8954 2407 9169
3 2407 2441 9169
3 2441 2407 9170
3 2407 8998 9170
3 8998 2443 9170
3 2443 8998 2406
3 9335 2443 2406
3 9335 2445 2443
3 2410 9336 9335
3 9336 2445 9335
3 2413 9337 9336
3 9337 2445 9336
3 2416 9338 9337
3 9337 9338 2445
3 9338 2446 2445
3 2416 9066 9338
3 2421 9338 9066
3 2421 9173 9338
3 2420 9339 9056
3 9056 9339 2421
3 9339 9173 2421
3 2420 9166 9339
3 9166 2420 9340
3 2420 9100 9340
3 9340 9100 9341
3 9100 2422 9341
3 2422 9163 9341
3 2422 8982 9163
3 9163 8982 2439
3 8982 2418 2439
3 2418 9342 2439
3 9342 2438 2439
3 2418 9047 9342
3 9047 2412 9342
3 2412 9343 9342
3 9342 9343 2438
3 9343 9157 2438
3 2412 9026 9343
3 9026 2411 9343
3 9153 9156 9344
3 9157 9344 9156
3 2404 9344 9014
3 9157 9343 9344
3 9344 9343 9014
3 9343 2411 9014
3 2404 8990 9344
3 2403 9345 8990
3 8990 9345 9344
3 9345 9153 9344
3 9153 9345 9152
3 2403 2436 9345
3 9345 2436 9152
3 2403 9346 2436
3 2436 9346 9167
3 8995 9334 9346
3 9346 9334 9167
3 2489 9347 9348
3 9347 2360 9348
3 2489 9349 9347
3 9349 2356 9347
3 2356 9350 8933
3 8933 9350 9139
3 9350 2431 9139
3 2431 9350 9295
3 2356 9349 9350
3 9350 9349 9295
3 9349 2489 9295
3 2488 9351 9292
3 9292 9351 9352
3 9351 2355 9352
3 2488 9353 9351
3 9353 9354 8936
3 9354 9531 8936
3 9353 2488 9354
3 9355 8932 2433
3 8932 9355 8931
3 9355 9352 8931
3 9352 2355 8931
3 2456 9203 9357
3 2453 9356 9203
3 9203 9356 9357
3 9356 2498 9357
3 2435 9358 9286
3 2453 9358 9356
3 2435 9359 9358
3 9358 9359 9356
3 9359 2498 9356
3 2457 9205 9135
3 2456 9360 9205
3 9205 9360 9135
3 9360 2429 9135
3 2429 9360 9361
3 2456 9357 9360
3 9360 9357 9361
3 9357 2498 9361
3 2498 9362 9361
3 2359 8930 9362
3 9362 8930 9361
3 8930 2429 9361
3 2429 8930 9133
3 2435 9146 9359
3 2427 9363 9146
3 9146 9363 9359
3 9363 2498 9359
3 2498 9363 9362
3 2427 9150 9363
3 9363 9150 9362
3 9150 2359 9362
3 1797 7535 7482
3 7535 7343 7482
3 7535 1421 7343
3 1450 7536 7489
3 7536 1797 7489
3 6835 1664 8588
3 1664 4926 8588
3 4926 1664 5666
3 955 8405 6916
3 8405 8406 6916
3 8406 6915 6916
3 453 9364 5667
3 453 5666 9364
3 9364 5666 7381
3 5666 1664 7381
3 5973 7338 5668
3 8421 8406 7338
3 1585 6696 9366
3 1584 9365 6696
3 6696 9365 9366
3 9365 2499 9366
3 2499 9365 9369
3 1584 9367 9365
3 9365 9367 9369
3 9367 9368 9369
3 1652 9369 9368
3 2499 9369 9370
3 1652 8782 9369
3 9369 8782 9370
3 8782 6979 9370
3 6720 6806 9372
3 1652 9371 6806
3 6806 9371 9372
3 9371 2500 9372
3 2500 9371 9373
3 1652 9368 9371
3 9371 9368 9373
3 9368 9367 9373
3 1584 9373 9367
3 2500 9373 1589
3 1584 9374 9373
3 9373 9374 1589
3 1526 1713 9375
3 6465 9375 6456
3 1713 9394 9375
3 9375 9394 6456
3 1526 6466 1488
3 6466 1526 6465
3 1526 9375 6465
3 6464 1753 6466
3 1753 9376 6466
3 6466 9376 6565
3 1502 9377 7111
3 9377 1776 7111
3 9377 1720 1776
3 1502 1519 9377
3 1519 9378 9377
3 9377 9378 1720
3 9378 1719 1720
3 1781 1783 9379
3 6600 9379 6598
3 1783 9380 9379
3 9379 9380 6598
3 9380 1524 6598
3 1721 9381 6970
3 6970 9381 8731
3 9381 1536 8731
3 1536 9381 6627
3 9390 6694 9383
3 1582 9382 6694
3 6694 9382 9383
3 9382 1566 9383
3 1566 9382 6673
3 1582 6695 9382
3 9382 6695 6673
3 6976 9384 6977
3 9384 1585 6977
3 6976 6671 9384
3 9384 6671 1585
3 6671 6673 1585
3 1650 1649 9385
3 1649 7052 9385
3 7052 1574 9385
3 1574 7052 6677
3 2333 9386 9387
3 1760 9387 9386
3 1760 7051 9387
3 9387 7051 6815
3 7051 7053 6815
3 1781 9388 1902
3 1902 9388 7408
3 9388 9396 7408
3 9396 9388 7035
3 1781 9379 9388
3 9388 9379 7035
3 9379 6600 7035
3 1657 9389 6973
3 6973 9389 6795
3 9389 1649 6795
3 1649 9389 7053
3 1657 6813 9389
3 9389 6813 7053
3 1574 9390 9385
3 9390 9391 9385
3 9391 1650 9385
3 1650 9391 7055
3 9390 9383 9391
3 9391 9383 7055
3 9383 1566 7055
3 1783 9392 9380
3 9392 9393 9380
3 9393 1524 9380
3 1524 9393 7090
3 1713 9564 9394
3 2501 9394 9564
3 6456 9394 7099
3 2501 9402 9394
3 9394 9402 7099
3 1503 9395 7112
3 1503 6576 9395
3 9395 6576 1777
3 6576 1502 1777
3 1904 9396 7412
3 9396 1904 7409
3 9397 2502 8301
3 2502 2245 8301
3 1753 2284 9376
3 2284 9398 9376
3 9398 6565 9376
3 1721 1719 9381
3 1719 9378 9381
3 9378 6627 9381
3 9378 1519 6627
3 6626 2333 9399
3 2333 9387 9399
3 9399 9387 1536
3 9387 6815 1536
3 7112 9400 2503
3 7112 9395 9400
3 9400 9395 9401
3 9395 1777 9401
3 2284 2342 9398
3 2342 2279 9398
3 2342 8868 2279
3 8868 8869 2279
3 2502 9402 2501
3 7099 9402 8851
3 2502 9397 9402
3 9402 9397 8851
3 9397 8301 8851
3 2340 9403 8872
3 8872 9403 1904
3 9403 7409 1904
3 7409 9403 8869
3 2340 8869 9403
3 6455 6486 6454
3 6455 8855 6486
3 6486 8855 1414
3 8855 2246 1414
3 1415 6617 6451
3 6617 9413 6451
3 9413 1414 6451
3 1414 9413 6487
3 1781 1902 9404
3 1495 9404 1496
3 1902 9405 9404
3 9404 9405 1496
3 1501 1503 6633
3 1503 7113 6633
3 6633 7113 1500
3 7113 7114 1500
3 1518 9406 6595
3 1500 9406 6634
3 1518 8737 9406
3 9406 8737 6634
3 8730 9407 6626
3 1540 9407 1541
3 8730 9421 9407
3 9407 9421 1541
3 1547 9408 6648
3 6648 9408 8739
3 9408 2333 8739
3 2333 9408 9386
3 9408 1760 9386
3 6790 6680 6791
3 1575 9409 6680
3 6680 9409 6791
3 9409 1646 6791
3 1646 9409 7095
3 1575 7056 9409
3 9409 7056 7095
3 7056 1568 7095
3 6789 1562 6788
3 1562 9410 6788
3 9410 1583 6788
3 1583 9410 6692
3 1562 6703 9410
3 9410 6703 6692
3 1584 1582 9374
3 1582 9411 9374
3 9411 1589 9374
3 1589 9411 6705
3 9411 6692 6705
3 1574 9412 9390
3 9390 9412 6693
3 9412 1583 6693
3 1583 9412 6790
3 1574 6678 9412
3 9412 6678 6790
3 2283 9413 6617
3 2283 9420 9413
3 9413 9420 6487
3 9420 1752 6487
3 1547 1575 9408
3 1575 6679 9408
3 6679 1760 9408
3 6679 6677 1760
3 2503 9414 9415
3 9392 9415 9414
3 9392 9422 9415
3 9415 9422 1769
3 9422 2336 1769
3 2244 8850 9416
3 9429 9416 7101
3 8850 9419 9416
3 9416 9419 7101
3 6560 6575 6842
3 6842 6575 7087
3 6575 7114 7087
3 7114 1768 7087
3 1494 8803 9417
3 8803 8809 9417
3 9417 8809 1495
3 8809 1782 1495
3 1902 7405 9405
3 1903 9418 7405
3 7405 9418 9405
3 9418 1496 9405
3 1496 9418 7404
3 6938 9419 8850
3 7101 9419 2246
3 6938 9423 9419
3 9419 9423 2246
3 2283 8865 9420
3 9420 8865 1752
3 1501 9421 8730
3 1541 9421 8738
3 1501 6632 9421
3 9421 6632 8738
3 6632 6634 8738
3 6635 1548 6637
3 1548 6647 6637
3 6637 6647 1540
3 6647 6648 1540
3 1783 9422 9392
3 1783 7134 9422
3 9422 7134 2336
3 7134 1782 2336
3 2283 2341 8865
3 1752 8865 8848
3 1415 9423 6938
3 1415 6451 9423
3 9423 6451 2246
3 1903 8866 9418
3 2342 9424 8866
3 8866 9424 9418
3 9424 7404 9418
3 2342 8847 9424
3 9424 8847 7404
3 8847 8848 7404
3 6720 9372 6721
3 2500 9425 9372
3 9372 9425 6721
3 9425 1588 6721
3 2500 1589 9425
3 6979 1722 9370
3 1722 2499 9370
3 2499 1722 9366
3 1722 6977 9366
3 6977 1585 9366
3 9426 6435 9427
3 9426 1400 6435
3 9428 2245 2502
3 1745 1400 9428
3 2245 9428 9429
3 1400 9429 9428
3 1400 9426 9429
3 2252 2244 9430
3 9426 9430 9429
3 2244 9416 9430
3 9430 9416 9429
3 1645 9431 8811
3 1784 9431 1644
3 1645 6785 9431
3 9431 6785 1644
3 9432 6936 9433
3 6936 9432 6935
3 9432 8808 6935
3 8808 1702 6935
3 2336 8810 1769
3 9433 9434 8810
3 8810 9434 1769
3 9433 6936 9434
3 7135 7136 8816
3 7136 564 8898
3 2318 9435 8685
3 9435 2318 8820
3 8822 9436 8821
3 8821 9436 9435
3 9436 8685 9435
3 8822 9437 9436
3 8716 2324 8823
3 2324 8700 8823
3 8700 2337 8823
3 2337 8700 9438
3 8817 9440 9439
3 9439 9440 6770
3 8817 8801 9440
3 9440 8801 9441
3 8801 6838 9441
3 2334 8804 9443
3 8819 9442 8804
3 8804 9442 9443
3 9442 1683 9443
3 1683 9442 8670
3 8819 9448 9442
3 9442 9448 8670
3 9448 2315 8670
3 9519 8806 9444
3 8806 1666 9444
3 1666 8806 2335
3 1683 9445 9443
3 9445 2334 9443
3 2334 9445 8807
3 1667 1702 9445
3 9445 1702 8807
3 1643 1645 7110
3 1777 7110 9401
3 1645 8812 7110
3 7110 8812 9401
3 6838 7083 9441
3 6838 8813 7083
3 7083 8813 6841
3 8813 8814 6841
3 1666 2335 9446
3 2335 8815 9446
3 9446 8815 7108
3 8815 1644 7108
3 7160 7135 7161
3 7135 9447 7161
3 9447 9439 7161
3 9447 8817 9439
3 2318 9448 8819
3 2318 8686 9448
3 9448 8686 2315
3 8686 8688 2315
3 2324 8824 8698
3 8698 8824 8679
3 8824 9449 8679
3 8824 8825 9449
3 8825 9450 9449
3 9449 9450 6578
3 8825 8826 9450
3 8826 1211 9450
3 8826 5178 1211
3 9392 9414 9393
3 2503 9451 9414
3 9414 9451 9393
3 9451 7090 9393
3 7090 9451 9401
3 2503 9400 9451
3 9451 9400 9401
3 7112 2503 7113
3 2503 9452 7113
3 9452 1768 7113
3 2503 9415 9452
3 9452 9415 1768
3 9415 1769 1768
3 9453 1937 1431
3 2297 6499 8529
3 8529 6499 1512
3 6499 6501 1512
3 2297 1435 6499
3 2316 8678 8673
3 8673 8678 9454
3 8678 6844 9454
3 6844 8678 6546
3 1513 9458 7172
3 6563 9455 9458
3 9458 9455 7172
3 9455 1668 7172
3 1668 9455 6843
3 9455 6563 6843
3 6563 1487 6843
3 6584 9456 6582
3 9456 8476 6582
3 8319 9457 1672
3 9457 1678 1672
3 1678 9457 6588
3 1513 8753 9458
3 6563 9458 8755
3 8753 7047 9458
3 9458 7047 8755
3 8754 1554 9459
3 1759 9459 6654
3 1554 9466 9459
3 9459 9466 6654
3 6684 1558 6685
3 1558 9460 6685
3 9460 6661 6685
3 1558 6699 9460
3 9460 6699 6661
3 6661 9461 6686
3 6686 9461 6794
3 9461 1578 6794
3 6661 1559 9461
3 1560 9462 6797
3 1560 1559 9462
3 9462 1559 6712
3 1559 6661 6712
3 1596 6716 9463
3 6797 9463 6716
3 6809 9463 6712
3 6797 9462 9463
3 9463 9462 6712
3 1629 1631 9516
3 1631 8906 9516
3 8906 1633 9516
3 1504 1507 9464
3 1507 9465 9464
3 9465 6786 9464
3 6786 9465 6787
3 9466 6686 1647
3 1607 1596 9467
3 1653 9467 6809
3 1596 9463 9467
3 9467 9463 6809
3 451 6830 5770
3 1504 9464 6830
3 6830 9464 5770
3 6498 9468 6834
3 6834 9468 8421
3 6498 8422 9468
3 8673 9454 6868
3 6844 6564 9454
3 9454 6564 6868
3 6844 1487 6564
3 1913 6853 9469
3 1913 7449 6853
3 7449 1917 6853
3 1678 6587 6861
3 1510 1679 6587
3 6587 1679 6861
3 1510 8453 1679
3 1679 8453 8523
3 8453 8522 8523
3 6960 6640 7083
3 6640 1716 7083
3 6640 9470 1716
3 9470 1717 1716
3 9620 9621 8524
3 9621 9498 8524
3 8735 9470 6640
3 8735 8751 9470
3 9470 8751 1717
3 1538 9472 6628
3 1755 9472 7044
3 1538 9510 9472
3 9472 9510 7044
3 1543 1545 9473
3 1759 9473 7048
3 1545 9511 9473
3 9473 9511 7048
3 6652 6654 1647
3 1764 8771 1765
3 8763 9474 8771
3 8771 9474 1765
3 1765 9474 8785
3 9474 8763 8785
3 8763 6729 8785
3 6737 9475 1624
3 8772 1767 9475
3 6769 6770 9476
3 9440 9476 6770
3 1716 9476 7083
3 9440 9441 9476
3 9476 9441 7083
3 8315 9497 8857
3 9497 2243 8857
3 2243 9497 8296
3 1507 9477 9465
3 9477 6787 9465
3 9477 9478 6787
3 9478 1775 6787
3 1431 7119 9453
3 7119 9479 9453
3 6676 9480 6631
3 1785 9480 7139
3 6676 7140 9480
3 9480 7140 7139
3 1570 6656 7142
3 6656 9481 7142
3 9481 1786 7142
3 6656 7138 9481
3 9481 7138 1786
3 7138 7139 1786
3 1573 1580 9482
3 1786 9482 7141
3 1580 7145 9482
3 9482 7145 7141
3 1557 6689 7146
3 6886 7143 6689
3 6689 7143 7146
3 7143 1787 7146
3 7143 7141 1787
3 7149 1787 7150
3 1787 7144 7150
3 7144 1565 7150
3 1565 7144 6668
3 6658 9483 6798
3 1788 9483 7149
3 6658 7147 9483
3 9483 7147 7149
3 1789 1788 8789
3 1788 9484 8789
3 9484 1590 8789
3 1590 9484 6707
3 1788 7148 9484
3 9484 7148 6707
3 1790 9485 7154
3 6727 9485 1610
3 1790 7155 9485
3 9485 7155 1610
3 1603 8759 9486
3 8759 9487 9486
3 9486 9487 1790
3 9487 1791 1790
3 6745 9488 1608
3 6745 9517 9488
3 9488 9517 1792
3 9517 1793 1792
3 1794 9489 8799
3 9489 6759 8799
3 5973 9646 7338
3 1434 8421 9646
3 9646 8421 7338
3 1436 1427 7436
3 7436 1427 9490
3 7504 8446 7461
3 8446 1922 7461
3 1922 8446 2273
3 8579 1926 9491
3 1926 9492 9491
3 9491 9492 1925
3 1936 9493 7547
3 7547 9493 8443
3 9493 1936 7502
3 1922 9493 7502
3 9493 1922 8444
3 1922 2273 8444
3 1921 1431 7504
3 1431 1921 6492
3 1921 7518 6492
3 8544 9471 9494
3 9471 9492 9494
3 1926 9494 9492
3 1938 8578 9495
3 7516 1936 9496
3 1936 7548 9496
3 7548 1943 9496
3 6857 6860 2249
3 2249 6860 8307
3 6859 2247 6860
3 6860 2247 8307
3 8414 9497 8315
3 8296 9497 6833
3 9497 8414 6833
3 6833 8414 8319
3 8319 8414 9457
3 8414 6588 9457
3 8723 8878 8837
3 8878 2275 8837
3 8878 8880 2275
3 8838 9521 8475
3 1509 6583 9521
3 9521 6583 8475
3 6583 6582 8475
3 2294 7028 9498
3 1678 6861 9499
3 1679 9499 6861
3 7454 9499 7027
3 1679 8523 9499
3 9499 8523 7027
3 8530 1435 2297
3 1436 7436 8530
3 6498 1512 8422
3 1512 6501 8422
3 8422 6501 8531
3 6501 8424 8531
3 2300 8547 8440
3 8440 8547 8479
3 8479 8547 8542
3 2300 8535 8536
3 2272 8439 8535
3 8535 8439 8536
3 8439 9500 8536
3 8439 2271 9500
3 2271 8438 9500
3 9500 8438 8538
3 2270 2301 8438
3 8438 2301 8538
3 8570 2302 9501
3 9501 2302 8539
3 2302 2301 8539
3 1748 9501 8477
3 1748 7029 9501
3 9501 7029 8541
3 8544 8540 9471
3 9471 8540 8541
3 1943 8542 9496
3 9496 8542 8547
3 1925 1938 9491
3 1938 7511 9491
3 9491 7511 8579
3 2320 8714 9502
3 8714 6548 9502
3 9502 6548 2319
3 6548 6546 2319
3 2316 2321 9503
3 2319 9503 8690
3 9503 2321 8690
3 9437 9504 8691
3 8691 9504 2321
3 9504 8690 2321
3 9437 9505 9504
3 9505 9438 9504
3 2329 9506 8711
3 8711 9506 9507
3 2327 2326 9506
3 9506 2326 9507
3 8708 9508 8707
3 8707 9508 2328
3 9508 2329 2328
3 2329 9508 9506
3 8708 2327 9508
3 9508 2327 9506
3 9509 2332 2330
3 2332 9509 8879
3 9509 8708 8879
3 8708 2331 8879
3 6585 8461 6584
3 6584 8461 8727
3 8461 8309 8727
3 8309 2247 8727
3 6631 9510 1538
3 7044 9510 1785
3 6631 9480 9510
3 9510 9480 1785
3 1717 1755 7040
3 1755 7043 7040
3 7043 1532 7040
3 7043 1542 1532
3 1545 8743 9511
3 6593 9511 8743
3 7048 9511 8755
3 6593 6638 9511
3 9511 6638 8755
3 1757 8754 9512
3 8754 9459 9512
3 9512 9459 1759
3 1762 7081 7069
3 8772 9513 7081
3 7081 9513 7069
3 9513 1763 7069
3 1763 9513 7071
3 9513 8772 7071
3 8772 1764 7071
3 8759 6734 9487
3 1608 9514 6734
3 6734 9514 9487
3 9514 1791 9487
3 1791 9514 8774
3 1608 9488 9514
3 9514 9488 8774
3 9488 1792 8774
3 9515 1765 1653
3 1765 9515 7072
3 9515 6811 7072
3 6811 1654 7072
3 1789 7154 7152
3 7154 9485 7152
3 9485 6727 7152
3 1633 1767 9516
3 6756 9517 6745
3 6756 7159 9517
3 9517 7159 1793
3 7159 1794 1793
3 9518 1775 9478
3 1775 9518 8814
3 9518 9519 8814
3 2326 2337 9507
3 8711 9507 8822
3 2337 9520 9507
3 9507 9520 8822
3 1509 9521 8471
3 8471 9521 8462
3 9521 2275 8462
3 2275 9521 8838
3 2249 8308 8857
3 8857 8308 1773
3 8308 1774 1773
3 8308 2248 1774
3 2331 9522 8880
3 8880 9522 8462
3 9522 8694 8462
3 8694 2274 8462
3 1632 6762 9118
3 9118 6762 9115
3 1633 8907 6762
3 6762 8907 9115
3 2344 2354 8901
3 2354 2345 8901
3 2345 2354 9112
3 2354 8919 9112
3 8919 2353 9112
3 2357 9523 8923
3 9523 8925 8923
3 8925 2349 8923
3 2349 8925 9116
3 2354 8935 8919
3 8919 8935 2360
3 2349 9116 8907
3 6759 9489 8904
3 1794 8904 9489
3 1794 7158 8904
3 8904 7158 8920
3 7158 2353 8920
3 9298 9297 9137
3 2430 9137 9297
3 2357 9137 9523
3 9208 2454 9524
3 9210 2455 9208
3 9208 2455 2454
3 9300 9525 9207
3 9525 9220 9207
3 9220 2454 9207
3 2454 9220 9524
3 2476 9526 9252
3 9252 9526 2477
3 9526 9255 2477
3 9255 9526 9254
3 9526 2476 9254
3 2476 2478 9254
3 9293 9527 2464
3 9293 9256 9527
3 9527 9256 9255
3 9212 9270 9210
3 2487 9528 9270
3 9270 9528 9210
3 9210 9528 9268
3 2487 9529 9528
3 9528 9529 9268
3 9529 2485 9268
3 9279 9282 9530
3 9282 9279 9281
3 2478 2476 9279
3 9279 2476 9281
3 9531 2464 9348
3 9531 9293 2464
3 9134 9136 9300
3 9136 2430 9300
3 9300 2430 9525
3 2430 9297 9525
3 9297 9220 9525
3 2487 9327 9529
3 9327 2485 9529
3 2485 9327 9325
3 9328 9532 9327
3 9327 9532 9325
3 9282 9533 9530
3 9530 9533 9330
3 9533 2496 9330
3 9331 9330 2496
3 9332 9532 9328
3 9532 9332 2495
3 9332 9331 2495
3 9348 2360 9531
3 2360 8936 9531
3 8822 9520 9437
3 9437 9520 9505
3 9520 9438 9505
3 9520 2337 9438
3 9444 6841 9519
3 6841 8814 9519
3 9534 1422 6623
3 6427 1413 9534
3 6457 9535 6425
3 6441 9535 9586
3 9535 6902 9586
3 1413 9536 9534
3 9534 9536 1422
3 9536 1423 1422
3 1699 1429 9537
3 1429 6490 9537
3 9537 6490 1453
3 6516 1453 1398
3 1706 9538 6602
3 6602 9538 6827
3 1745 9428 9540
3 2502 9540 9428
3 2502 9539 9540
3 9540 9539 1528
3 9539 1527 1528
3 1531 6956 6453
3 1531 6608 6956
3 6608 1530 6956
3 8468 9541 6566
3 9541 6827 6566
3 9541 1661 6827
3 1490 6570 7107
3 6570 1493 7107
3 7107 1493 9542
3 6423 9535 6457
3 9535 6423 6902
3 6423 7530 6902
3 8854 6949 8853
3 1488 9538 6949
3 6949 9538 8853
3 9538 1706 8853
3 1413 9544 9536
3 9536 9544 1423
3 9544 6610 1423
3 1413 1530 9544
3 1690 8828 7092
3 8828 9545 7092
3 9545 1523 7092
3 1523 9545 6829
3 9545 7106 6829
3 7106 7107 6829
3 1429 7164 6489
3 7165 9546 7164
3 7164 9546 6489
3 6489 9546 6918
3 7165 7431 9546
3 9546 7431 6918
3 7431 1391 6918
3 7411 7410 1906
3 7410 1662 1906
3 1906 1662 7414
3 1662 9542 7414
3 9542 1493 7414
3 7165 9547 7432
3 9547 1942 7432
3 7165 6930 9547
3 1907 1696 7530
3 1696 1907 7531
3 1907 7432 7531
3 7432 1942 7531
3 2502 2501 9539
3 2501 1527 9539
3 1527 2501 9548
3 6605 6824 6607
3 1528 6607 8316
3 6824 9549 6607
3 6607 9549 8316
3 9550 8633 9551
3 8633 8326 9551
3 8326 8633 9609
3 8406 8405 7338
3 955 5668 8405
3 8405 5668 7338
3 8426 9552 9553
3 2267 9553 8514
3 9552 8407 9553
3 9553 8407 8514
3 8410 9554 8408
3 8408 9554 8515
3 9554 8423 8515
3 8410 2266 9554
3 1531 8316 6608
3 8316 9549 6608
3 9549 1529 6608
3 1529 9549 6824
3 1661 2280 9555
3 2280 1661 8468
3 1661 9541 8468
3 8515 9556 8409
3 8409 9556 7438
3 9556 7441 7438
3 7441 9556 8514
3 8515 8513 9556
3 9556 8513 8514
3 9557 9543 1663
3 8410 7443 9557
3 8426 8587 9552
3 9559 9558 8633
3 9559 8638 9558
3 9558 8638 6955
3 8638 1715 6955
3 8631 2309 8632
3 2309 9559 8632
3 2309 2310 9559
3 9560 6623 6622
3 6623 9560 9534
3 2310 8640 9560
3 9560 8640 9534
3 8640 6427 9534
3 1710 7106 8829
3 9545 9561 7106
3 7106 9561 8829
3 9561 2339 8829
3 2339 9561 8833
3 9545 8828 9561
3 9561 8828 8833
3 8828 2338 8833
3 1505 6831 9562
3 9555 9563 8846
3 8846 9563 8871
3 9563 2340 8871
3 9555 2280 9563
3 2501 9564 9548
3 9548 9564 8854
3 1713 8854 9564
3 8846 9565 8845
3 9565 8843 8845
3 8843 9565 8874
3 7411 1906 9565
3 9565 1906 8874
3 9450 1029 6578
3 9450 1211 1029
3 1484 9566 6856
3 9566 5870 6856
3 5870 1675 6856
3 1675 5870 8720
3 8268 9567 6301
3 6301 9567 8257
3 8257 9567 2239
3 8257 1246 6325
3 8257 2239 1246
3 6327 6325 1275
3 6199 6060 9568
3 6060 6199 6059
3 6199 6327 6059
3 6327 1275 6059
3 6091 9568 9569
3 9569 9568 6185
3 9568 6060 6185
3 6091 9569 6035
3 6035 9569 6114
3 6035 1307 6308
3 1307 6035 6114
3 6308 1307 1330
3 1307 1331 1330
3 1331 1307 1276
3 1307 6113 1276
3 9570 1331 1276
3 9570 7373 1331
3 1278 7373 9570
3 1278 1277 1329
3 1277 1328 1329
3 1277 7359 1328
3 7359 1277 6137
3 6062 7359 6137
3 1379 6405 6406
3 6406 6405 6407
3 6407 6405 6409
3 7367 9571 1368
3 7367 1384 9571
3 7372 9571 1384
3 6333 9572 6332
3 9572 6334 6332
3 9579 1385 1352
3 1385 9579 2504
3 9579 9580 2504
3 2504 1386 1385
3 1386 2504 9573
3 2504 2505 9573
3 9574 9573 2505
3 9577 1377 9574
3 6333 6331 9572
3 9575 9576 2505
3 9576 9575 2506
3 2505 2504 9575
3 2506 6330 9576
3 6330 7368 9576
3 2504 9580 9575
3 9580 2506 9575
3 1355 1894 6330
3 1355 6407 1894
3 1894 9581 6330
3 9581 7368 6330
3 1894 7367 9581
3 2505 9576 9574
3 9576 7368 9574
3 7368 9577 9574
3 7368 9578 9577
3 9578 1377 9577
3 2506 9580 6331
3 9579 9572 9580
3 9580 9572 6331
3 9581 7367 1368
3 1373 7384 1326
3 1334 6201 7384
3 7384 6201 1326
3 1334 6206 6201
3 9582 1372 9583
3 1373 1326 9582
3 1371 6374 1375
3 1375 6374 6388
3 6374 9583 6388
3 9583 1372 6388
3 1374 6383 6392
3 6392 6383 6386
3 1371 1375 6383
3 6383 1375 6386
3 9584 6345 6363
3 6345 9584 6389
3 6393 6389 9584
3 6393 6392 6389
3 6457 6425 9585
3 6425 6426 9585
3 6441 9586 6439
3 6439 9586 9587
3 9586 6902 9587
3 1397 1408 6428
3 1408 1397 6447
3 1412 1411 1694
3 1694 1411 9588
3 6452 1424 1890
3 6482 9589 6458
3 1394 6458 9589
3 9590 6471 6956
3 6956 6471 6453
3 6471 1424 6453
3 1425 6426 8324
3 6426 8325 8324
3 1394 9589 9590
3 6482 9590 9589
3 9590 6482 6471
3 1397 6898 6447
3 1418 6483 6898
3 6898 6483 6447
3 6483 1409 6447
3 1418 6484 6483
3 1913 9469 7446
3 9469 1428 7446
3 1428 1914 7446
3 1914 1428 6488
3 6896 9595 9591
3 1439 9591 9595
3 1439 6504 9591
3 1446 9592 8450
3 8450 9592 6508
3 6508 9592 6879
3 1425 8324 8660
3 1416 7021 1424
3 7021 6818 1424
3 1424 6818 6820
3 6852 1699 9593
3 1699 9537 9593
3 9593 9537 9594
3 9537 1453 9594
3 9490 9469 7437
3 9469 6853 7437
3 6853 1909 7437
3 6853 6854 1909
3 6508 6879 6896
3 6879 9595 6896
3 6879 1439 9595
3 9605 1700 9596
3 9603 9596 6852
3 1700 6929 9596
3 9596 6929 6852
3 6950 9597 7011
3 2261 9597 8332
3 9597 6950 8332
3 1417 6484 1418
3 6484 1417 7011
3 1417 6950 7011
3 6504 7341 9591
3 9613 6452 1890
3 6452 9613 7014
3 9613 6435 7014
3 7119 9598 2293
3 2294 9598 1430
3 1534 8416 9599
3 9613 9599 8416
3 9613 1890 9599
3 9599 1890 6820
3 9591 7341 7483
3 7483 7341 7342
3 1912 9600 7506
3 7506 9600 8585
3 9600 8430 8585
3 8430 9600 9614
3 9600 7445 9614
3 7449 1913 7512
3 7512 1913 7515
3 7515 1913 7446
3 1917 7512 9495
3 7456 1430 8555
3 1454 1923 6515
3 1923 9601 6515
3 9601 1453 6515
3 1453 9601 9594
3 6850 9602 6851
3 9602 7471 6851
3 7471 9603 6851
3 7471 1931 9603
3 1931 9604 9603
3 9603 9604 9596
3 9604 9605 9596
3 1931 7492 9604
3 9604 7492 9605
3 7492 7494 9605
3 7462 1912 7463
3 1912 7508 7463
3 7508 6850 7463
3 6850 7508 9602
3 1942 9547 7532
3 6930 9606 9547
3 9547 9606 7532
3 9606 7520 7532
3 6930 1700 9606
3 7494 7522 9605
3 9605 7522 7521
3 7522 7533 7521
3 7522 1940 7533
3 1695 9607 6901
3 6901 9607 7533
3 7533 9607 7521
3 9607 7520 7521
3 1396 1940 6431
3 6431 1940 7524
3 1940 7523 7524
3 1680 9608 8323
3 2254 9608 8666
3 1680 6862 9608
3 9608 6862 8666
3 6862 6863 8666
3 6953 8323 2255
3 6953 1680 8323
3 2255 2256 6953
3 6955 1714 2256
3 2256 1714 6953
3 6955 2256 9558
3 2256 9609 9558
3 9609 8633 9558
3 2256 8326 9609
3 2258 2257 9636
3 2257 8634 9636
3 8634 8635 9636
3 1407 8636 8328
3 8636 2259 8328
3 2259 8636 9632
3 1407 9610 8336
3 8336 9610 9611
3 9610 8329 9611
3 9611 2260 8335
3 9611 8329 2260
3 1659 8333 9612
3 8335 9612 8333
3 9612 8335 8330
3 8335 2260 8330
3 7483 7342 7166
3 7342 8331 7166
3 8331 1660 7166
3 8331 8332 1660
3 6435 9613 9427
3 2268 8428 1911
3 1674 8428 6854
3 7445 8429 9614
3 1446 8449 8502
3 8449 9615 8502
3 8449 9479 9615
3 8486 2288 8556
3 8486 8485 2288
3 8491 6502 2295
3 6502 8491 6488
3 9612 1744 1659
3 1744 9612 2292
3 1744 2292 8517
3 2292 8495 8517
3 8495 9616 8517
3 8495 8496 9616
3 8496 8497 9616
3 8497 1438 9617
3 1437 9617 8498
3 1438 6503 9617
3 9617 6503 8498
3 1437 8498 6880
3 6880 1447 9618
3 1447 8499 9618
3 9618 8499 6510
3 8499 9619 6510
3 8499 8500 9619
3 8500 8501 9619
3 9619 8501 8451
3 8501 9620 8451
3 8501 8503 9620
3 8503 9621 9620
3 8503 8505 9621
3 9621 8505 9498
3 2294 8506 7028
3 8506 9622 7028
3 9623 8506 8507
3 8506 9623 9622
3 2295 8566 8491
3 8566 8567 8491
3 8555 8487 7455
3 7455 8487 8485
3 8486 9624 8485
3 9624 8486 8492
3 8567 7455 8485
3 7455 8567 8507
3 1923 8586 7462
3 7462 8586 7444
3 8586 1911 7444
3 8586 2268 1911
3 7515 7446 9625
3 7446 1914 9625
3 9625 1914 8560
3 1914 8492 8560
3 9626 8639 2307
3 8639 2308 2307
3 8639 9626 9627
3 9628 8639 9627
3 7013 6459 9628
3 6458 9629 8639
3 8639 9629 2308
3 9629 2309 2308
3 6458 1394 9629
3 8660 8661 1425
3 8661 6903 1425
3 2314 2312 8666
3 2312 2254 8666
3 2312 8659 2254
3 8659 8324 2254
3 1215 9630 5947
3 8659 9630 8660
3 9630 1215 8660
3 1215 8661 8660
3 2314 9645 5968
3 9645 1216 5968
3 1427 1428 9490
3 1428 9469 9490
3 9479 8504 9615
3 8504 9479 2293
3 9479 7119 2293
3 8429 9495 9614
3 8429 1674 9495
3 1674 1917 9495
3 2293 9598 8505
3 2294 9498 9598
3 9598 9498 8505
3 1393 6425 6441
3 6425 9535 6441
3 9551 6440 1402
3 6440 9551 8326
3 6901 1396 6899
3 1694 6899 1395
3 1396 6430 6899
3 6899 6430 1395
3 1395 1412 1694
3 1395 6428 1412
3 6428 1408 1412
3 2257 8327 6446
3 1408 6446 8327
3 8634 2257 9631
3 2257 6446 9631
3 9631 6446 9632
3 6446 2259 9632
3 9626 8634 9627
3 8634 9632 9627
3 8634 9631 9632
3 9587 1696 9633
3 9588 9633 6900
3 1696 7531 9633
3 9633 7531 6900
3 7531 1695 6900
3 6439 9587 9634
3 1411 9634 9588
3 9587 9633 9634
3 9634 9633 9588
3 6439 9634 1402
3 1402 9634 6449
3 9634 1411 6449
3 9551 1402 9635
3 9635 1402 2258
3 1402 6449 2258
3 9551 9636 9550
3 9551 9635 9636
3 9635 2258 9636
3 9550 9636 8631
3 8631 9636 8637
3 9636 2307 8637
3 2307 9636 8635
3 9427 8417 9426
3 9426 8417 9430
3 8417 2252 9430
3 8417 1534 2252
3 1400 1745 6435
3 1745 7014 6435
3 1059 9637 8644
3 1709 9638 7366
3 9638 1893 7366
3 1893 9638 5959
3 9644 5959 9638
3 2306 8619 9640
3 8620 9639 8619
3 8619 9639 9640
3 9639 5965 9640
3 5965 9639 5963
3 8620 8625 9639
3 9639 8625 5963
3 8625 1009 5963
3 8463 8621 8622
3 2306 9640 8621
3 8621 9640 8622
3 9640 1008 8622
3 1008 9640 5965
3 9641 651 1489
3 651 9641 5966
3 8469 2282 9641
3 9641 2282 5966
3 2282 5975 5966
3 7133 1893 9642
3 1217 9642 5960
3 1893 5959 9642
3 9642 5959 5960
3 8659 2312 9630
3 2312 5947 9630
3 5947 2312 5968
3 2312 2314 5968
3 5003 8661 1215
3 5003 8267 8661
3 5969 8900 9643
3 9643 8900 8623
3 1709 9644 9638
3 1709 650 9644
3 9643 8627 8617
3 8627 9648 8617
3 8617 9648 1005
3 9648 1218 1005
3 2314 2311 9645
3 2311 2263 9645
3 9645 2263 1216
3 5973 1011 9646
3 2263 2262 1216
3 2262 1020 1216
3 2323 1895 8859
3 1895 9647 8859
3 1444 9648 8627
3 1444 8616 9648
3 9648 8616 1218
3 8616 1003 1218
3 9649 1004 1443
3 9649 8629 1004
3 8629 1220 1004
3 1010 1220 8630
3 8630 1220 8629
3 7390 3869 7389
3 7389 3869 7391
3 7390 1008 3869
3 8842 9650 8841
3 8841 9650 2282
3 9650 1219 2282
3 8842 8876 9650
3 8876 1054 9650
3 9651 8835 9562
3 8835 2338 9562
3 9652 6941 1707
3 6941 9652 6940
3 9652 496 6940
3 7133 9642 9653
3 1217 9653 9642
3 1707 9653 9652
3 1217 5978 9653
3 9653 5978 9652
3 1047 5980 8832
3 5979 9654 5980
3 5980 9654 8832
3 5979 5981 9654
3 5981 665 9654
3 665 1491 9654
3 1491 665 6569
3 665 7416 6569
3 7416 1492 6569
3 1484 6552 9566
3 1053 6552 6554
3 9655 1704 1221
3 1221 3431 9655
3 3431 8415 9655
3 8415 1704 9655
