OFF
2680 4761 0
-0.13886467712133602 0.3860060269885609 -0.04165807065041831
-0.13319753103357937 0.4106935215081229 -0.042071691369411725
-0.12374540609554086 0.43327398020950963 -0.040752600091368316
-0.08698617146839834 0.2169085381320587 0.05162770053552936
-0.07842277223907301 0.21101576564676647 0.03180278915667186
-0.07550077545599246 0.2327487056195496 0.0412586595259877
-0.0943095365868484 0.07530346340289903 0.005814824660275834
-0.058591945754994816 0.23113287381465253 0.012997767165833212
-0.061242990788984604 0.21896647391510712 0.00804585805734245
0.12916306194342891 -0.23655513403113373 0.12261243328170608
0.13891611791520547 -0.2578862411743105 0.12468154721072051
-0.07735272396696337 -0.33727537414052333 -0.012833459362690907
-0.09615216040968141 -0.03951594496171894 0.019704311151030496
-0.09230764525482213 0.11182781393296631 0.005364890998827375
-0.08910218097973491 0.14487507540652195 0.015332626027223809
-0.0850593883858414 0.1372925043647864 0.0037138732815391417
-0.06354728636047886 0.28868912286326215 0.07664527533191877
-0.07552991689438936 0.26469462923484033 0.0708402681764794
-0.08172893270437094 -0.07218755612367483 -0.019447302935603716
-0.09072241285746079 -0.06168876749349893 -0.002306151132834514
-0.0893289679359665 -0.03949611965768217 -0.0006418991114526088
-0.09783050494206595 0.13792060295807634 0.03306289133628546
-0.09380128771663107 0.15558675395104243 0.031179359490456405
-0.08208156350431813 -0.17183581808678547 -0.022604150006314085
-0.07486303748644219 -0.2925325305253719 0.004672098062458182
-0.07062188196098461 -0.31495163811698457 -0.015998370833588134
-0.05454206412617919 0.21089316392552931 -0.005144851864648853
-0.09033843408837264 -0.030491227405874503 0.00021573112453941905
-0.08959497968352503 0.17560324746751454 0.03344416191285983
-0.04682041126358258 0.2985229246107405 -0.010831912260350799
-0.03623523481330072 0.2776273432727638 -0.008907215137729092
-0.0398495005215804 0.27169386163339637 0.0029948862812100878
-0.03748265348220233 0.2601419228228821 -5.537660036169927e-06
-0.0647976227987828 0.172571793296499 -0.005774319981666125
-0.11418878670356661 0.3520791706151092 -0.03168783375721571
-0.07945355557548107 0.09365212929885162 -0.024295964152454594
-0.08571212027296288 0.03553971972251646 -0.015765433589642098
0.11480768720614071 -0.22746868982940882 0.14192880634976868
0.10659033060205428 -0.21048530383043867 0.1354490469660196
-0.07900645263893508 -0.36780481557452943 -0.023061566346307755
-0.07582414491543861 -0.3823968892383682 -0.021631169963928006
-0.0732199609905116 -0.24642946167558072 -0.001005548948041461
-0.12448057152336367 0.43891586965108753 -0.04141550658217494
-0.11531920361771844 0.3605474235478072 -0.031897824998049495
-0.03365208665715479 0.2514576420759692 -0.009880421073469071
-0.05657909805946198 0.17866264215373914 -0.019419792628236357
-0.07032704907169147 0.13742527959258183 -0.02238750629216089
-0.0783457771857338 -0.13987999998823872 -0.021325581690801697
-0.079951211749844 -0.10719482096128331 -0.020234372632481373
-0.07702120692857736 -0.3439354618111238 -0.022586024115471604
-0.08511685472012218 0.46696514020353386 -0.08805056504960859
-0.09414235000118736 0.4542022479542676 -0.08597164552800472
-0.10294715770756391 0.461832808008069 -0.0794942467114501
-0.06710082193641569 0.42124661059191587 -0.08739357447111323
-0.06400741285736755 0.39329937589261477 -0.08632856389870791
-0.09935491833121525 0.40305611646633893 -0.061349414487692995
-0.10467655533868506 0.3911144329601115 -0.053764880834577394
-0.10287704796975843 0.386187447685668 -0.054478327070823354
-0.11834828546741738 0.38937106799549465 -0.05215314038448292
-0.11323294665731792 0.3906208556143184 -0.053193458780908906
-0.11291741810297913 0.3868248611503783 -0.05066955176946819
-0.1180946158457147 0.40525908617965006 -0.05083122866757421
-0.11003357963159688 0.381896727561945 -0.04882069254116116
-0.0831989125853832 0.3418405878751511 -0.056586527692760735
-0.0926549719629806 0.3284921517848295 -0.04773167236983314
-0.1034950365878969 0.34015385101755774 -0.04113000236511197
-0.11314143147363802 0.35513733279098886 -0.036374018503636814
-0.1115663163891024 0.3598181079628442 -0.03942826218412617
-0.09686757764903615 0.3606758780337231 -0.05231205369873953
-0.08712948670494781 0.36007533515340173 -0.06287761611355065
-0.08064035415779358 0.32212698511826193 -0.048185635017345706
-0.094911976393521 0.43801465019063146 -0.07589557819759807
-0.08311559092140097 0.4225268535823073 -0.07738198835119041
-0.09321721860733088 0.4205910319208528 -0.06674695039785962
-0.09922764630995062 0.43626466127683866 -0.0683324400078619
-0.05804529836172871 0.33802703882589147 -0.059464402763229854
-0.04090032200343881 0.3495577725895321 -0.06644840269824631
-0.015127505142657718 0.32202297414172826 -0.04994447263491902
-0.09077562226346018 0.4473917923450292 -0.08664006336177275
-0.0927107959895804 0.44179539212160746 -0.0820189763489438
-0.023271597456721062 0.30638667531414365 -0.042047386113541765
-0.12275964708337807 0.4581794759845701 -0.05376009246721492
-0.08145059298700147 0.39773631191068604 -0.08212880844436132
-0.07118808842055642 0.4068847761063561 -0.0873596784659099
-0.11508620839571046 0.378458329762185 -0.04456881056395974
-0.07814826452809924 0.3137583100519917 -0.03714001522889184
-0.0678145617370841 0.3183589521407614 -0.04180758578151681
-0.040390616747725004 0.3371156541883946 -0.05607068436793645
-0.043283581150009576 0.3242713802494885 -0.04108744840772136
-0.04225334307442499 0.32086379306415347 -0.036470069669338114
-0.12116747249323619 0.38616322635538275 -0.04296929632179074
-0.12606121746651053 0.3837341152826716 -0.04063319094629553
-0.13400836290763243 0.38633898258694926 -0.046195398910582844
-0.11833646161092715 0.3861352681201043 -0.043298339629059324
-0.05334110943598447 0.31109386384548976 -0.01818707714747206
-0.10881835598604588 0.4343587027575527 -0.049636922388731644
-0.11753279357719527 0.4350590693541928 -0.04716986733457828
-0.10563623625427977 0.4268430813623664 -0.04943829508258736
-0.11744648394006373 0.4257049276536706 -0.04706586020840567
-0.0930200146885856 0.435663846988763 -0.07538825058547118
-0.10566613466865046 0.4158416944711273 -0.05356241127143545
-0.09552807156027018 0.42350511180643 -0.06326082263299125
-0.009477052413067021 0.31464556678504235 -0.051415103504156796
-0.03640192799745361 0.2854720917839382 -0.01844389076743362
-0.027819333805370355 0.287593295513711 -0.03449629828999011
-0.03626548405267032 0.08700028017190728 -0.09649055908074358
-0.0367697236050523 0.1226129495752868 -0.10046886955860998
0.004653885304215881 0.3020611718977534 -0.12124078616344479
0.007038191879882844 0.3161827560020037 -0.10815252340518414
0.0005218609260609975 -0.006878529202212262 -0.1237329296393971
-0.0033884251730006785 -0.02635145739758087 -0.12230810393619643
-0.02040191706387061 0.22035702911607433 -0.10783015118057582
-0.018542782227515552 0.243678738380615 -0.102610854308823
0.0855274533375891 -0.10688401125177749 -0.1094801110815204
0.0719019901132823 -0.11769331411006295 -0.11930486540051427
0.06169489962709736 0.15587133500772174 -0.15822123507844268
0.06538704662908502 0.06781744198671764 -0.1543558732889724
0.0845026032707416 0.07343814340115978 -0.1543864440869219
0.022843612926947067 -0.12682504925514038 -0.1236992096523316
0.0466839262844333 -0.11583158534934485 -0.12499191929343385
-0.020141816383910098 0.019764362366144633 -0.10561131262793926
0.001142064887082672 -0.15671033147606356 -0.11773383214850966
0.0020010471644589544 -0.1199891838881709 -0.11584367370475905
-0.03119466082943543 0.23497069256244982 -0.07439402325385797
-0.01698047069507533 0.08783087715582989 -0.11374368185973972
0.01733317895260122 0.27363866906041595 -0.13793638723391632
0.016056617779556547 0.3122684862668373 -0.13181216330740733
0.09744924153770655 -0.14804736042657712 -0.10802403688764635
0.06885977558548595 -0.14003308483508892 -0.12414363306954922
-0.019582409810492887 -0.16983983775673991 -0.10430829348152582
-0.04885715732215011 0.11709977384552027 -0.0851429980171041
-0.07003452148332748 0.07157253707990865 -0.05414606929806418
-0.06337355450851767 0.06279710648699835 -0.06430405971709771
-0.03948751188749161 0.22650844877199047 -0.043221286037514836
-0.03305380518161721 0.23536612570974286 -0.056820127075028225
-0.007586296356662787 0.2806303926819855 -0.04551749439883874
-0.012282788112468076 0.2884480409709404 -0.04427086749413536
0.00854022331798782 0.23972690964003918 -0.13015740315103264
0.1606299832757926 0.2506875359082985 -0.07638799405135055
0.1600668153388411 0.2556731100700016 -0.10358911287210129
0.16044617361088342 0.26533635137217293 -0.0980519248496389
0.12162419360728532 0.2566394922679423 -0.16146931742326828
0.07475134905239833 0.2820850978704439 -0.17797254425311548
0.07090716566549618 0.2989306301512731 -0.1848053899528639
0.10257783371245623 -0.11790494736484784 -0.09630825871985946
0.09973512081948645 -0.09587387479421736 -0.09541814140047289
0.12382034965639159 0.07128790052457501 -0.12862214817541454
0.12139594740888902 0.09215784276612557 -0.13793438231730656
0.13641780939073467 0.1040333410646231 -0.1219160019553283
0.09609569530894622 0.142134501865258 -0.16085772487666442
0.09949572915122264 0.11561141444745288 -0.15655329305838595
0.08100576776337651 0.2498780847569462 -0.1749127251405338
0.09806409340737139 0.23608400415879519 -0.17119181875478046
0.09145509212210283 0.23246175267165017 -0.1734448633118674
0.11670693999930064 0.12325112307487276 -0.14973988134310512
0.1260326140899847 0.15950519696798016 -0.1519574069762791
0.09913702782751466 0.3384825757490343 -0.2028110064422516
0.01645511136043038 0.3508974353290393 -0.1817273234570337
0.0519573954903974 0.3281281836759798 -0.20273339979245014
0.05617024697542724 0.33613550670517073 -0.21531063880880574
0.020265773832228627 0.3885975924750177 -0.244783456264216
0.03643817742563508 0.3562901187976339 -0.22584883649486873
0.020333578959268832 0.3627179268410368 -0.21796916116547876
0.13740514134469653 0.04076955292684731 -0.0903895110960444
0.12163407277832591 -0.11180142322562123 -0.05841837391443176
0.11212596583641046 -0.10247559562582044 -0.07777923076409317
0.11061326365444225 -0.08118866332436865 -0.07739270377828733
0.11872128048651724 -0.0895162119299453 -0.05823860512391514
0.1159422474705097 -0.12264733131059692 -0.0790425337211043
0.1278576842590413 -0.27513011608131804 -0.10498443488908428
0.10616486592887817 -0.27558137947635847 -0.12644042643512912
0.09838625890989078 -0.2412513638410695 -0.12605415263261094
0.09445535096618214 -0.22389216561670913 -0.1253800339497855
0.1180355088046412 -0.21443953733910254 -0.10991131678965795
0.08960925722072521 -0.1513595707487885 -0.11371250278041611
0.17840224292336093 -0.40017130560463127 -0.04766883050185563
0.1325902997770662 -0.15235090327973047 -0.060901135246598154
0.1759904291072638 -0.43805220839434256 -0.08049911465576962
0.174532232351846 -0.4204419922670412 -0.07979537217976515
0.17527428467333603 -0.4250555854043424 -0.04748661170266297
0.17685187613282047 -0.4512571449476565 -0.04620796734024959
-0.01880833420560853 -0.1873976373069328 -0.10259647231698663
-0.07562087509213238 -0.16902749656874935 -0.039719490121673445
-0.06662671904990555 -0.18268499711916028 -0.051584912901281865
-0.07274734333134533 -0.18485410387418053 -0.04016911642383229
-0.06552122232728248 -0.3101488624118139 -0.0258696282938511
0.02871701507063957 -0.2954997078156286 -0.13960124615276648
0.05045983005016497 -0.25879318972727233 -0.14072529978777218
0.07664652171316252 -0.4952030888636726 -0.16097483928760525
0.006719004185181093 -0.4726501030437768 -0.11862175643581958
0.033000957091893234 -0.478686123092704 -0.14679116962884814
-0.030573346328522762 -0.3950450009262759 -0.03183161056667592
0.12967837281150685 -0.1348204405119638 -0.038804052255286714
0.12537812794730827 -0.11049531339221988 -0.018849596916252962
0.14785619942536346 0.04881680287527067 -0.06568075879668142
0.16913965498830014 -0.4653363175611881 -0.1102504659267152
0.15232331820256573 -0.49747205707875897 -0.13526188397325165
0.12094779747389618 -0.5141809753980585 -0.1555604761171031
-0.032909313434402114 -0.33925865650697 -0.07517797515669657
-0.004632321877815911 -0.34279556952634843 -0.10554756541739248
-0.061886297018677656 -0.15571773002453582 -0.06434466384074686
-0.05238598658688519 -0.13322037818278615 -0.07595769257147968
-0.06180919304315637 -0.038759755601429385 -0.060446337542006186
-0.06542459558559387 -0.06416999854855449 -0.05890220986968174
0.05466482097567321 -0.2857607378630527 -0.14449151449509676
0.07412692664183519 -0.24423309645070415 -0.13625743431589765
0.045126966923539805 -0.1449907832974463 -0.12886012087966392
0.04298149383083423 -0.16202954791867685 -0.12890665313045255
0.035892071611715835 0.04851332846797468 -0.14557127039215226
0.03834200721248678 0.011997067506209755 -0.14122116464942738
0.16142734406702794 -0.41900301987767025 -0.1123971641317015
0.12450088437195556 -0.549567327870387 -0.15367855080308448
0.19519724395237606 -0.5425661668882181 -0.08232631763339325
0.17767784013959712 -0.5308051565325446 -0.11002566516902366
0.15349017933275164 -0.5286378004059596 -0.13703472198659253
0.1582195175655276 -0.5655867230358864 -0.13436380985612856
0.09978658014506916 -0.6230484813089328 -0.1427340457738391
0.13428695370482766 -0.6176714459583016 -0.143824909994513
0.16318748653408033 -0.5975223978748513 -0.1312799692280034
0.18441971942625082 -0.5709194471836573 -0.11003539433035328
0.20015065404139318 -0.5833593152033973 -0.08554790132083756
0.2209193004054058 -0.6960797404795026 -0.05819094824642851
0.21440950810309198 -0.6696794566839188 -0.07126413265958431
0.2172306646221669 -0.7065335053633227 -0.09598531049791678
0.20793703824320156 -0.7205550671575043 -0.11503285406317419
0.18513105107317002 -0.7295453236278843 -0.12244416640871512
0.17932969435408702 -0.6939887775005891 -0.12502273983765386
0.16647379989837743 -0.7569574702275442 -0.1253031785330338
0.17081346443074635 -0.6499981744172635 -0.12717011207516593
0.14237225739879378 -0.6670471990325204 -0.13351485913305797
0.1909115623155027 -0.6291259431021806 -0.11091661960728819
0.09401133727645093 -0.7219617776124453 -0.10108034243815582
0.11247994169512217 -0.6896671515623738 -0.12253417220504893
0.17656210635349276 -0.6781417381849838 -0.12622220733014872
0.20513276844542785 -0.6500162249731155 -0.08922816996237701
0.21088628007076943 -0.6491847118394471 -0.0688820398100645
0.09979748967528744 -0.7393076101397129 -0.09866302663953429
0.12264525724086928 -0.7332683427933372 -0.11918711514106749
0.1281011016089173 -0.7598079328414781 -0.11756990871145706
0.23214737536644553 -0.7309457640664063 -0.08081433908786433
0.18753769310351007 -0.7613626523982077 -0.12519357535896805
0.15646051963906202 -0.7795878989179471 -0.12419139013645783
0.13780367056924714 -0.7851532628268694 -0.1127963393076159
0.252426432119032 -0.776040214316245 -0.06941443088572356
0.21793023122194008 -0.769491037949501 -0.1208748168146543
0.1864890505348016 -0.8007595583246309 -0.1328582192447698
0.1612609601537762 -0.8397537089691665 -0.1235911752295849
0.18377288000770056 -0.9515641745290783 -0.12164340632664443
0.23945846702215073 -0.8830476265539051 -0.13314401586961075
0.26413261307430563 -0.8805732799570544 -0.11665266761493633
0.2664509649606495 -0.9188611203818532 -0.11414081000932741
0.16651944379209804 -0.8601815656790888 -0.12657687124814967
0.19938357352532995 -0.858481726039275 -0.13933452131769214
0.18064706562871855 -0.9054312888201369 -0.13037846903501646
0.16418830336542997 -0.9111923195013075 -0.10152681979697094
0.24597444993166795 -0.9803940095968764 -0.12312687662069144
0.2660518214218203 -0.9801823259095122 -0.10774427093459062
0.19646100471754768 -1.0116378660333305 -0.1153916890806249
0.21232806905873067 -0.9664115370836581 -0.13041558009638954
0.19011967131815297 -1.056630723465906 -0.08466499594115491
0.26542360317675073 -1.021952938674681 -0.10151113747905281
0.22312908415449662 -1.039769376857142 -0.1210747622199952
0.1458047751914949 -0.6970327479002675 -0.12520286132282707
0.20846297136493086 -0.6273995430865079 -0.06571424520495203
0.14461885384399917 -0.8219225186865052 -0.09672463721467606
0.2745346986260729 -0.8387197308804273 -0.07178162304438805
0.2604116085436029 -0.8060521006944171 -0.052514480659809196
0.007933247849434345 0.08526733174935894 -0.13494894461634296
0.027549620309838124 0.09126064020087832 -0.14678713308056798
0.04944689110894255 0.2767077743789787 -0.154278246502342
-0.05213023905303102 -0.3379621082813613 -0.05673882131364645
-0.04448970298697445 -0.4084875119093757 -0.02058458383090994
0.08786666857646394 -0.40551892858898225 -0.15511199311901752
0.12087158958035386 -0.38786815595525576 -0.14024916653694083
0.0031097388156191555 0.4279733830721947 -0.26247311638794335
0.1567531742855389 0.10171049207553352 -0.0320380820139516
0.15152278454865808 0.11391792428657109 -0.07955673774756286
0.06242901759276454 0.40686260506516003 -0.2488681986287268
0.05425727530279696 0.3811243482467577 -0.24505009869896396
0.1733746896307302 -0.39038458001205123 -0.07913857567344627
0.10798090445207183 -0.011295360474162339 -0.1154820915531643
0.1202104486757166 -0.030223486191789148 -0.08917898027079163
0.10453978802776524 -0.044520546385870885 -0.10429071537776607
0.10762405379096683 0.044245398768153116 -0.1353179564141577
0.10425238746026183 0.08279472207838975 -0.14929148333842512
-0.0364523374172834 -0.3731154449512546 -0.05299194342235888
0.06082653473882772 0.2654736842319776 -0.17092379570823077
0.07032015810544397 0.2491638123274685 -0.17461982442706053
-0.003646351822968456 0.2883126331641322 -0.10666664655135356
-0.012999001163635436 0.26836372108117357 -0.07804739532441776
-0.022187227503293043 0.26131451347400714 -0.03686671628362746
-0.01596554615426187 0.2940624069124348 -0.04404394692368667
-0.004026660219989949 0.3107247385221535 -0.05022749870676213
-0.01883716749864757 0.30047979582007 -0.04430175316568309
0.10853141267250252 -0.35978424592226665 -0.14071291218444582
0.06530082586620503 -0.07772685681610061 -0.12051380390867361
-0.0723819125806818 -0.03983517308603987 -0.039699268355889494
-0.04118551053818033 0.300016451172396 -0.021647833003534254
-0.06547623923502108 -0.09185135368355939 -0.058059956165435335
-0.07609240767827959 -0.1424282390420951 -0.03808225821722674
-0.07757066705118354 -0.15335275514031457 -0.03364835274214705
-0.062351665760574444 -0.3553575308552983 -0.04562134499026059
0.032221212357485055 0.2561566997963306 -0.14352922820080194
-0.07381228740096483 0.04907191624603984 -0.04424278868579805
0.11925830277615661 0.3603910523674529 -0.18207139657706586
0.047530034239206834 0.49507354846587187 -0.22392504339151356
0.06629028847619255 0.46343837582912084 -0.2107430166179023
0.07523718909024274 0.4472895840869868 -0.22224865800989155
-0.016936433160539322 0.4259453939527594 -0.23833256209786408
-0.00898936328800066 0.42797333168799695 -0.25395533059550784
0.024208068049477654 0.44928778483082527 -0.2714817527209343
0.04199410513882217 0.4449642958483274 -0.2633405254525629
0.04951801553967463 0.47714216977670504 -0.2506620203840373
0.04996619304046836 0.4580136481190706 -0.2568450578371397
0.036784277295205725 0.3839878701831882 -0.24730342436601252
0.0485938944202058 0.11315661295761976 -0.154254766256119
-0.02233338583088159 0.27131376717719835 -0.03595793244473522
0.07858422766585049 0.328558859043948 -0.2091126492560835
0.1577628258990098 0.1736975606521492 -0.11630489736531122
0.1551524201259003 0.15033945388304154 -0.11121906664461773
0.11577060519674227 0.39209084704021746 -0.16317215994065698
0.107132793795114 0.40384075959170423 -0.1548853950932669
0.09393941868436786 0.4110411899598774 -0.13931765086467957
0.13135247447653328 -0.3160593052692734 -0.11127757221289068
0.0004282007740632495 -0.17708510424066556 -0.11624080991473539
-0.013591207107171065 -0.29766373549721553 -0.09759121465801768
0.09039962382861977 -0.3130841531605602 -0.1422652936101967
0.1971786218167946 -0.5282135884532254 -0.05342219658631681
0.1898663478822921 -0.4975512131276623 -0.05108901313309058
0.2789638824773777 -0.8648606387119632 -0.07101672145096988
0.2765143231578393 -0.8670372039829535 -0.09540849367832338
0.27163986023661973 -0.8402747151198906 -0.09542481816455349
0.21091042665564602 -0.937033654718883 -0.13454190398506705
0.05093502455261746 -0.40777846850410143 -0.15515357882147357
-0.0018940789652438345 -0.37116411764983287 -0.11413537734037121
0.0034817310628909286 -0.09823216662053533 -0.11601396054372276
0.00012569380868619607 -0.04019285115546439 -0.12318222588971846
0.019533034574754582 -0.03612440547468509 -0.13173103030720312
0.08550459973738066 -0.04780249004006632 -0.11864037858463106
0.09978399557577763 -0.06946996988677331 -0.09718723287088767
0.13554624170284205 -0.0182127785509097 -0.05621876574480866
0.14113701260074363 -0.017368605516193632 -0.02594658745121616
-0.05507924328298617 -0.3669589398470574 -0.04948324734081824
0.0017594226253203166 -0.43711547248105226 -0.11921018924097906
0.11818492094199873 0.24285252327741783 -0.1609768296729393
0.08510549028409138 0.4268983386659733 -0.18500404300386705
0.07149001295847104 0.438469919005804 -0.17496201902218092
0.014412496808321438 -0.33915794302298247 -0.12917098243463204
0.05733938078373578 0.2690929557388162 -0.165445581976106
-0.09796367214237461 0.6534968702765479 -0.3008787429809382
-0.09378444430360366 0.6326690459973471 -0.30069798168503015
-0.017358517622838486 0.6361578242293903 -0.2427205335954976
-0.0054366016522512045 0.6159937241381612 -0.24452180321166928
-0.10650437175674046 0.6848610154063989 -0.2982743666298866
-0.05757682112983369 0.701337271601442 -0.25317395911292445
-0.05066999664754722 0.6939965252500738 -0.2687381044826636
-0.034075529713942704 0.668246759233335 -0.25604748947808165
-0.027581122438237415 0.6554809293566296 -0.2744551707347942
-0.027011914001021722 0.6346118723674384 -0.29276918444906685
-0.08969507323330922 0.6119926038164962 -0.2986540187844355
-0.0694534674580685 0.6002463585900454 -0.3071853631595602
-0.08445628621641652 0.587243001816976 -0.29430035555726036
0.011516723547109102 0.580637740689662 -0.23455858239752753
0.014086441872490696 0.5470561978701245 -0.27373287738292545
-0.02991418413699611 0.5919298295131483 -0.30744850762815124
-0.015707057225652053 0.5974507520788315 -0.29944375533299045
-0.05188301111347582 0.5595186352913932 -0.3046961825194276
-0.06144695541465186 0.5497795137524604 -0.2973954354913374
-0.04457818174038852 0.5648625460176204 -0.3071630547323945
-0.03142382833820884 0.48448266583656685 -0.2777988116401634
-0.05038329317835329 0.5057295241994738 -0.2778276443667578
-0.04010634983131385 0.5055651856247628 -0.2889796135705112
-0.005755867736592136 0.5509393881160576 -0.30226677136916785
-0.003214951067903562 0.5351131218514877 -0.30122320537926317
-0.05890317447619192 0.5330782686566913 -0.2914479279748418
0.018866192750431613 0.5670917721108141 -0.2373745033910288
-0.02815005948641788 0.5055627659406976 -0.29485797839669786
-0.009936945390668568 0.4924407387511764 -0.2908449380446434
0.005661576539879365 0.4559680022656214 -0.27578397625563467
-0.02029304281470297 0.45544062726094653 -0.2658852249480617
-0.03905287577915238 0.4846203518508912 -0.26746962708783417
-0.038340307801999575 0.663409261028368 -0.28826474113873246
-0.04726167187827087 0.680439351372731 -0.2852343796702784
-0.07808112639645264 0.6913595847819521 -0.30100251727914606
0.017143909683691363 0.5338433268012186 -0.27609780053883054
0.01816662323567607 0.5218652479931638 -0.27956034116585854
-0.000781251035831927 0.515611033786381 -0.29608575997411357
0.0350952809790537 0.5025294232539793 -0.2623245521637107
0.024618915525045592 0.5251443518670386 -0.2674464151899917
0.027936150242044582 0.5296403795137694 -0.25543289877203124
0.012060080667032881 0.5085321464168162 -0.2867384648388508
0.024344508906789047 0.48068916445051885 -0.277793507601597
0.00984770313613612 0.4803976306672677 -0.2839091956731639
-0.06383180637727294 0.6569952661616391 -0.3062866661011466
-0.07905475976909049 0.5631133012580337 -0.2877037112645847
-0.06798320792380119 0.5295879706715486 -0.274163154809187
-0.11222415362829806 0.653474685738179 -0.2872653868659972
-0.04289471279810502 0.5208533802597894 -0.29630640619127335
-0.014707895691404793 0.54346264185625 -0.30608069934708476
0.012384591016241602 0.5743189811619032 -0.255238857038597
0.024266677409165518 0.553822830655967 -0.23899670368234738
-0.01497509991901592 0.5203744440605887 -0.3020455796653338
0.005104636470406632 0.5948773909838295 -0.24741908370327445
0.044887998787154486 0.07577282740877131 -0.15202422150153172
0.013907809017433806 0.029656415932854122 -0.13419899558966253
0.05088283010696093 0.21787483889279755 -0.15933103559922776
-0.07535180808730291 -0.12675494893724704 -0.037657949732007256
0.15372850051351886 -0.22055947311039412 -0.06513507228902143
0.139372771051322 -0.21422697839207847 -0.08785307852308838
0.14700102720730146 -0.19576616499937302 -0.0635159793113017
0.12995732618912711 -0.1786839373468517 -0.08759203825173084
0.11311744501278817 -0.1841404538700769 -0.10616446831326568
0.09244172423315059 -0.20425649972831736 -0.12186013372626141
0.09091130191476585 -0.18480408587402672 -0.11915015981534685
0.07050077622167526 -0.22466505217781585 -0.13323593591198177
0.04767359643866059 -0.23813074773099874 -0.13663493638077828
-0.03600179032407841 -0.2744710163520121 -0.06935392795194462
0.15756422294493133 0.28688274583488294 -0.12071488924237168
0.15591439438027374 0.304539928581187 -0.11607915501987641
0.15896785933558596 0.15999594032401074 -0.07592846604043633
0.09739931709549397 0.29725865285004105 -0.18809685610422974
0.13659929087026065 0.35808018303568107 -0.13537696714692432
0.13719620766281435 0.32015163251281364 -0.16708813317775362
0.050946772526096105 0.28995723680136404 -0.1602109258556573
0.04816444289334686 0.29293286060146373 -0.15516760830284382
0.062140135033751 0.2957082838088005 -0.17638037024628728
0.09336312165129586 0.3295296557423578 -0.20382136940715534
0.12689984655158804 0.37605126875260214 -0.15058655202134813
0.15129337636738882 0.3244630132847905 -0.1307823799229817
0.1521205513115108 0.31013737649012835 -0.13922272132473232
0.12618426253990245 0.33408935876828266 -0.17863783789842722
0.1485487021391324 0.29263742057413844 -0.14587393978641877
0.14529999534534568 0.30204780866610376 -0.15370983186318601
0.10395308505531828 0.3174103895625749 -0.1934854631586224
0.006910141640566987 0.5495676799403597 -0.2875772789248864
-0.12750558425465824 0.7742568278410277 -0.2864035851685107
-0.12927930448824107 0.7544228408238292 -0.2890180311199374
-0.10015995822346986 0.757437828382241 -0.27982768494511057
-0.10749836908533673 0.7799038627747537 -0.2658165115672469
-0.12828989513852596 0.6857864735676414 -0.2715286913453784
-0.13143840106891252 0.7254099277477388 -0.28467556126885923
-0.12189789234121409 0.6927225916677977 -0.286314135596893
-0.08565328904131364 0.7372291866227607 -0.24906049295749388
-0.07524923643942817 0.7239773006377369 -0.27717298793648654
-0.10284645029736411 0.7159048484427935 -0.2982707343726708
-0.11841132481638657 0.7196870544164073 -0.2944162456667231
-0.16604946398530387 0.8095296638608438 -0.26777200135967744
-0.17849727078369396 0.796897205581751 -0.2313546663783754
-0.13521455269107074 0.8081492044082961 -0.2816658991026101
-0.13087795495183918 0.8144205266687154 -0.2761187641439671
-0.1382801450980983 0.8055670317455293 -0.28329356503571596
-0.13619142154057864 0.7961009419386907 -0.2837021191299857
-0.15268532992419967 0.8603229457636019 -0.2850161694600747
-0.12561290623504734 0.8121867147231183 -0.26774841945131517
-0.12358247748936986 0.8060617853624152 -0.2704574852761577
-0.1644744055744845 0.833317816760869 -0.2827051783413932
-0.1619891770575947 0.8592576208318181 -0.2874776457279169
-0.1475548193666398 0.8056766649785742 -0.2845334735978356
-0.16881070120156727 0.8071887073710753 -0.25832655914574765
-0.1733304633125221 0.8075180246088082 -0.24909901034155996
-0.16213667169881862 0.7840321769600326 -0.25892234500561706
-0.1499193169153949 0.7876332698279654 -0.27923777470920214
-0.12392145398377614 0.7903043722742081 -0.28160062455670304
-0.11710563552782305 0.7950194361273274 -0.27309805372349405
-0.14447107449070415 0.8424507448064313 -0.2839194736132566
-0.15611738981575357 0.8425330467667144 -0.2886140051196975
-0.15435723462425704 0.8820922077387633 -0.26403340761240246
-0.16313684512277074 0.88916561134851 -0.26556672955487376
-0.15808514563704446 0.8902853795456339 -0.26207027512357034
-0.1452531383892866 0.8713419108530213 -0.2555406909317268
-0.13562619966807107 0.8380441286541094 -0.27385703674872053
-0.15164588458435427 0.8833862307065625 -0.24330326320232915
-0.12234249844318218 0.8039872072552962 -0.25150716961472924
-0.12400452220666414 0.8108980960459133 -0.2567587993534958
-0.12662314426586746 0.8143363672203489 -0.2465684467906391
-0.1875480520746628 0.8334693491484844 -0.21682422467086487
-0.15279331453428513 0.7654812445026977 -0.2688320345013512
-0.15097149870257429 0.8273954643838709 -0.28761092591303933
-0.18176684861148287 0.8102666162347911 -0.23656340031670514
-0.15974318476302107 0.8967076325088328 -0.2397717874005912
-0.15673196277191617 0.8913030926019158 -0.23157103659669281
-0.15883836824802228 0.8920389387779276 -0.2476836334900405
-0.13837668451942386 0.7507796270977208 -0.28267350087485943
-0.15589626576970103 0.881214700628132 -0.2702976267559275
-0.16917024948620588 0.9236911126479415 -0.2304229596388995
-0.168914871187225 0.9221277109548044 -0.23741592351107454
-0.1757490388917208 0.9281718121306979 -0.2407082072708655
-0.16017962939681862 0.9005777900258225 -0.23185536310588853
-0.17740005396297845 0.9390627481867329 -0.23620436654988033
-0.17403003364645772 0.931922511770817 -0.2296968937090426
-0.18247641579572785 0.9488947933391831 -0.23006094109346836
-0.18359471074362563 0.9481156460861554 -0.23884748246027004
-0.1902316493562989 0.966923469336938 -0.23025240912482695
-0.19167666556781293 0.9706460187981338 -0.23557386464666086
-0.18694637034481779 0.9504633542006432 -0.23982377006339756
-0.163692738991743 0.9165326613927358 -0.2555595555768465
-0.17423651586188824 0.9124831510613054 -0.26433383068924216
-0.1644666424391462 0.9139347719109112 -0.26128247275488115
-0.16829795409446638 0.9214825558816405 -0.26144641680081165
-0.1795952216324398 0.940777348165139 -0.26553645351042743
-0.18813265589999217 0.9439473203832219 -0.26374919334392677
-0.1752287992820106 0.939149346104985 -0.2572691934232164
-0.17936126711365197 0.9486852543346657 -0.26294400454095085
-0.18097018790462002 0.9531172135272719 -0.25909125956353346
-0.18852038681568115 0.9605089146619428 -0.26248476106108143
-0.18507735147402557 0.9599240884902607 -0.26431353448231726
-0.18833706407802203 0.9552358589030279 -0.26600107400800704
-0.18721282755569083 0.9591972311599937 -0.26479314145965394
-0.16356142502312246 0.8677665283186153 -0.28644905036570173
-0.16840454594991033 0.8736697256957717 -0.2824937925620044
-0.1658052753575897 0.8759403223232778 -0.2856329428564146
-0.16949894015175196 0.8961000131218942 -0.28897949043387705
-0.16202899355761088 0.876760789272214 -0.2870266441717851
-0.16640186049993685 0.8977545081616233 -0.29045883148703755
-0.15286681297064159 0.8775643934469292 -0.27888716235332106
-0.16685153855353882 0.9145819864054581 -0.2894010082705818
-0.17240202649022782 0.9207804839607255 -0.2961084952977572
-0.1728269531566481 0.9260400529493509 -0.2931228373321288
-0.1796747939415051 0.9303844394710301 -0.2958404096257234
-0.17608404487665588 0.92954948965926 -0.298239594148898
-0.17454876754886278 0.9060414094036651 -0.2912149506162821
-0.17981818671475866 0.9279768168176167 -0.2970844837141049
-0.16808725254286278 0.8682124052517782 -0.28341117089096823
-0.09055019526897247 0.4279320896223374 -0.07151678819920232
-0.09655845189394356 0.431780113180779 -0.06718519162265946
0.07757696751856792 0.4431941580784883 -0.202455215044524
0.1273510360950165 -0.02550037031119789 -0.07560157482226766
0.04330190291311385 -0.05231363208635609 -0.13032943678334796
0.024569995001885867 -0.09099470819728536 -0.1231630466893615
0.12376162879515966 -0.07898408255424556 -0.04021389186058986
0.12630114141045057 -0.07831286252761176 -0.02028034999565133
0.13638052141063706 0.011963322477406417 -0.07909438962618763
-0.036859541013992095 -0.025089255833624043 -0.09012907400625608
-0.04486714956905307 -0.003911545266646124 -0.08149568821352891
0.15681493591857293 0.0616272372004723 -0.016326855943902978
-0.0018496368129766528 0.22907108104272128 -0.1234098171558694
0.008390855641551969 0.21477483642547163 -0.12830956845700356
0.04447807480316431 0.19149706280887582 -0.1454975340214007
0.04216595506696896 0.17706186343690533 -0.14243207014073492
0.031532261364038854 0.1636265823874798 -0.13804042548367756
-0.07307430194486536 0.103285966200067 -0.04329753050398748
0.01624192244781737 -0.005535254536796035 -0.1341600282770869
0.1465695350300845 0.3321426306016457 -0.11829907019608434
0.08895922311557966 0.42111745283725405 -0.20466744747781138
0.08508720015016778 0.426645613893805 -0.21657823387500377
0.08054379630055288 0.4245133964260042 -0.22870966852169533
0.07620477731420576 0.38944425968811347 -0.2378743763669266
0.08697244334879353 0.3094455024172518 -0.19576044971938394
0.14391219863011345 0.13572291216482701 -0.12653822714173454
0.14921679626923723 -0.18755571485912698 -0.04074329124555422
0.10909953779483889 -0.16052649002393815 -0.10193987312799728
0.08891693418704076 -0.16657226507332598 -0.11640935998098823
0.1226817504949268 -0.15003238280689538 -0.08196773456468799
-0.01620326393395822 -0.20875617179400704 -0.10011085864209925
-0.06780209873768839 -0.21190378551269484 -0.035875707903298325
0.04424409123244463 -0.18584268472373694 -0.12725741226954856
0.023407000348432107 -0.1953073951057187 -0.12292230624176989
0.0027759939187877464 -0.203769060713298 -0.1134058261717296
0.12914127464193623 -0.15242475003776115 -0.006576380837181912
0.15073677308780245 0.23495554314211445 -0.1275723516989159
0.1276658398959386 0.3211145101226812 -0.1768128670747948
0.09142224477942092 0.17081185754380798 -0.16581308224890165
0.1458954529632718 0.20469125827318171 -0.1363035668950401
0.15620677020866305 0.20191408356039223 -0.12017512462098869
0.15852734867304716 0.21145339292083173 -0.11367551118697929
0.09184637232655338 0.363326289127457 -0.21479721916092212
0.08419842180133286 0.37758030246630475 -0.22805706637711545
0.08804324612398871 0.38349703661887613 -0.2241503394606594
0.09201137728508581 0.40795443743659876 -0.2109953640335599
0.13251738553645476 0.34882468428265095 -0.16705610257211223
0.12073661933238593 0.3672696812921833 -0.17743668977194105
0.1013446686397575 0.37024950036832405 -0.201185801806732
0.11559521847978262 0.33405980969808763 -0.1882226607500751
0.12695078771004006 0.3053214676600972 -0.174929435048527
0.14413459629770012 0.280601818601645 -0.14891273821687587
-0.055340223444261864 0.5185777439978948 -0.28481766597972136
-0.019024560351594565 0.15995470946542914 -0.11477030100844365
-0.030055633630255457 0.2670665639816019 -0.02200258235931487
-0.03246957394560293 0.27710443118564665 -0.02076758855936675
-0.029913181979563358 0.2547899708070789 -0.02267013326074563
-0.06232956599998875 0.14582642121506967 -0.049242065580557194
0.172173700979263 -0.33939244432976834 -0.066133353145537
0.1778789959025361 -0.3758369402245598 -0.06421507067066308
0.14264417734957002 -0.25347652714648566 -0.08243384954488127
0.18563373206065456 -0.36377179083088895 -0.02796238967363446
0.17885835140032597 -0.33258941096168004 -0.053347234411870836
0.1617673087117824 -0.3105143290662573 -0.06993691317197344
0.17903567435488307 -0.3177260204669028 -0.04966918716599056
0.1829395228956824 -0.34941085468852956 -0.04550475114350155
0.1925999869224428 -0.3173823851458931 0.007602740169069221
0.17658639597233944 -0.25116969036111636 0.007879438117167143
0.17758509695629385 -0.24855182882367982 -0.014390352474327179
0.1673846546472506 -0.22695844586408548 -0.03791544412480453
0.17328686320306705 -0.24885395128276028 -0.03687645900085121
0.16984757080773288 -0.23544757397360747 0.0063377225971201516
0.16162927767581725 -0.2112104688861123 -0.016371412263528524
0.17984128151184792 -0.2802139202562571 -0.03353263470754009
0.18697193765078046 -0.2868508036428493 0.011248975688671657
0.1554271513535028 -0.20964482224192046 0.005067065584387203
0.13854055652681124 -0.17137662325772143 -0.015678711582437152
0.1227127700289545 -0.10812645632770405 0.0051082737826554266
0.06789614435671028 -0.6236514991161647 -0.1244818127966548
0.040036569451524166 -0.3491208566498463 -0.14751623474466005
-0.051908365022906244 -0.3839158225227192 -0.039947761180772354
-0.06863509681631287 -0.3787944627513539 -0.03352976654605473
-0.058626041109900176 -0.39596842766991885 -0.028902324370790586
0.045135361916068005 -0.20372938541709443 -0.12857621763278085
-0.051317561104488485 -0.2449261852341305 -0.050020340370207333
7.899185628802179e-05 -0.22032263403512345 -0.11276182813299432
0.24302416971999952 -1.0966769895909538 -0.09917210784206297
0.2459739691084627 -1.0653082409540238 -0.10965091887185983
0.2634910222335571 -1.0618309782219795 -0.09435533234325522
0.21993504879941325 -1.104918277589391 -0.10415358937811134
0.25824575165792135 -1.1202899826127057 -0.08473216464100286
0.21943425544093684 -1.1252335355972407 -0.10236112205851951
0.054108306058936316 -1.239557970631305 -0.17764159993780218
0.07192217675333008 -1.245137382590471 -0.19784098650074589
0.13230609400362855 -1.2420125128909507 -0.20344832051618583
0.13739169433656548 -1.2399176748670722 -0.2050071337436924
0.07097312472177726 -1.2305955446205932 -0.1642003862415425
0.059822880520786575 -1.2332756225282149 -0.1747914559961671
0.052457448749583885 -1.2347402779648153 -0.16940296891632892
0.0792315539076412 -1.2403481200762274 -0.16572432813726243
0.08374783789654293 -1.240595782520767 -0.19090996093138102
0.07774391211565958 -1.2432460936571184 -0.19686934133507533
0.07612380362693513 -1.238261658348957 -0.1937164233943943
0.07360132328405299 -1.2366561773063016 -0.1853605093778958
0.07990198440558566 -1.2333328549890032 -0.1750649786015654
0.10110630685995246 -1.2350458806635145 -0.19659375081895186
0.09477508026575011 -1.2419879967720224 -0.18222074752265666
0.10768677015468846 -1.2383342333233849 -0.19681754641857174
0.1289644540427931 -1.2379754401230185 -0.20023995371384104
0.11767196372945875 -1.2435792355846036 -0.20609968037105597
0.10844343680376796 -1.2436379082947056 -0.2021632740059704
0.11587812972081037 -1.2379905332840484 -0.19392168394478368
0.15959462446445075 -1.2354017711412368 -0.19213677903611454
0.14147356156029683 -1.2398902244631917 -0.20342507273572938
0.13270112847200938 -1.240690001738976 -0.2006275344720439
0.13918378717403543 -1.236971748344977 -0.19425899259477272
0.07778076199241979 -1.2247283657035941 -0.14303187223798466
0.08683052927515066 -1.2257445289030588 -0.15837596077072985
0.08231309552994767 -1.240294236999482 -0.16478733770510137
0.09482297266856601 -1.2407730534940744 -0.17959615333180917
0.06992180427513964 -1.2407909763158167 -0.19449703874248203
0.09881465557363889 -1.2279794968594828 -0.1747728536433499
0.11954695145561009 -1.2276150921257951 -0.1835726044663703
0.1153359958089722 -1.237845149875117 -0.1926644473621285
0.11332189504589824 -1.2400336380264587 -0.20665567954901318
0.13748680109408146 -1.2357690365562146 -0.19531246514174277
0.14147259718194521 -1.2260533833713785 -0.18917823715765544
0.1408801440736673 -1.2346819209631892 -0.20305127677347842
0.19073260243254664 -1.0938732675099068 -0.06925090911023986
0.18836795437932877 -1.1139754554826777 -0.07069959670406528
0.19962121041033778 -1.1126930303671496 -0.0961492906478122
0.19041958080137142 -1.107991433993099 -0.08380050161785825
0.18085578787652176 -1.1443489416269712 -0.07403338283899288
0.20063998484846987 -1.1388038999346095 -0.1007656386378227
0.18601672994575896 -1.1395970117981509 -0.09020827585341326
0.24492133732283644 -1.1546412582712149 -0.09644493157819373
0.26458600130653226 -1.163497292942585 -0.06988387443715105
0.2723191049116578 -1.1536666278491352 -0.036998134034195516
0.17335628900599642 -1.160029892604703 -0.07782339808726753
0.17488306626462263 -1.161576673537659 -0.09842736917225542
0.19306219726151586 -1.1587633205911143 -0.10750676274212667
0.11226583091669415 -1.2118804989308998 -0.10975772283431233
0.11070107018762225 -1.2062581602414169 -0.12960310305827646
0.18076148783235937 -1.2186216900744073 -0.1677529171072388
0.19500784600664942 -1.2286295846986013 -0.1641485743049237
0.131562155411184 -1.1936274537315084 -0.11219902235349577
0.15060660314152335 -1.1851021911691337 -0.12269166985587515
0.16163034418109165 -1.1941975901239277 -0.13974992308232467
0.21212050139468902 -1.2237162062680216 -0.145431513511823
0.20515019663039713 -1.1835420186620904 -0.12270173483436145
0.2245178497854378 -1.2080197976772047 -0.12414921687415781
0.2763421076289606 -1.1982987450473697 -0.06891595979702378
0.28052157968627844 -1.2210130413297675 -0.07018457323547843
0.26437829869529833 -1.213930503079441 -0.09011461054957277
0.23140232431718583 -1.181016674536406 -0.1061130763256506
0.252820268416764 -1.1790682732157027 -0.08948402528905626
0.26512426687821705 -1.177216056587256 -0.07379673351497827
0.2869772537564262 -1.1992429874630324 -0.04475928673085756
0.27039218236166335 -1.167629961700557 -0.05781764453368651
0.27866582659754496 -1.173728706778295 -0.034988647886324345
0.12809413108657902 -1.2083882568860023 -0.09742646288669317
0.1663389693610175 -1.1706086954328319 -0.10671615724124252
0.15530122124542275 -1.1796059009854973 -0.08845835132948854
0.21640740605824527 -1.1577582641023052 -0.10551443128302615
0.14055286666389563 -0.7972614315654784 -0.110231285193781
-0.036171271995253176 -0.062367138660712584 -0.09016955614223165
0.02001589564825873 -0.4025048578781834 -0.1418425419335824
0.01800863578027055 -0.023800547685613543 -0.1334169967504633
-0.12543004313041015 0.48834005961492116 -0.03157311834448002
-0.1402251985059217 0.3976053878141846 -0.043783991125345964
-0.14118187063227106 0.3896253078039542 -0.042492913703866486
-0.1419508419607861 0.3931879416132394 -0.043479604854380904
-0.13126124589754415 0.4600882145850106 -0.032959098848438506
-0.12712413918286994 0.47188525007868104 -0.04047525320738162
-0.1278356314700441 0.45891230335663685 -0.04316887894160616
-0.12494738447163613 0.42780940547379503 -0.04054183908073114
-0.12325746886141223 0.38038338103587493 -0.03539007211777019
-0.1348224826350513 0.3838557541761283 -0.041507709067302855
-0.12581097775847486 0.3820065744902938 -0.037642593263707065
-0.0494114674904389 0.2705603928054748 0.04848661032896093
-0.0624231732289301 0.25418067783597265 0.043408159195845175
-0.05406278649116479 0.2788503918083681 0.06121300304568678
-0.0858555958614115 0.20952279509529673 0.044024126003894354
-0.07763030540146106 0.3134620415321374 0.11132653241915719
-0.08794041299901273 0.2348211330929123 0.07810111298553657
-0.08846957557299327 0.22041063188545654 0.06019021789402927
-0.08389347965693768 0.2458833394577456 0.072930702877433
-0.08703792896099338 0.24958617397958952 0.08785304346424119
-0.08388277309434494 0.2633813958013195 0.08726632147395648
-0.07053090079547854 0.24153714912740523 0.041578409626042305
-0.09794660136207015 0.0922518925236435 0.017906303561005588
-0.06693491625346092 0.2287097544932587 0.024680774817856247
-0.06048012309305623 0.24005996925074147 0.025860194974542613
-0.04627244114786601 0.2490074058431534 0.013738463820122879
-0.04539737628313417 0.26257584514348686 0.03456007264243349
0.1340373138791984 -0.2465990201605891 0.12407839618536291
-0.0749844994232927 -0.3095516112402996 0.0014378433458685695
-0.07771589798503327 -0.3132272802457474 0.011891980187040673
-0.07900007829315862 -0.3348318090287427 9.323901590481221e-05
-0.0930924254589134 -0.1511857621393597 0.0028430796788845624
-0.08013179955914199 0.19627976462220428 0.0279117480387224
-0.08993927585148997 0.12328978047016552 0.005341148753658722
-0.044206344880401004 0.2555706029341491 0.016596811647592122
-0.09230019148334755 -0.004714497332364377 -0.0015998509816410225
-0.09307968946088727 -0.09448707582975444 0.006472286147424465
-0.08844823558566213 -0.1419768760504546 -0.007630477367159653
-0.08891648817825809 -0.1558599165700405 -0.007330928277907251
-0.08630313249339229 -0.1518937321168721 -0.011771333647599878
-0.09331716878943339 0.03220235091498076 0.010020616535465633
-0.09148510843873689 0.014042576533854078 -0.0030710254460494775
-0.09586912758820869 0.12921448367863975 0.022220966592103146
-0.09904263056404071 0.14959917696984962 0.04473827784344246
-0.056156220854918906 0.24863071324909403 0.029744579276603247
-0.09448455440466531 -0.13632958495404882 0.006540881252248929
-0.09229785967062602 -0.1386589973246082 7.170590458702683e-06
-0.08762956266075063 -0.12810971558538506 -0.0073045123315873504
-0.08874062313750053 -0.1699616670675889 -0.0059953992934788725
-0.0835192839582049 -0.1611192482376063 -0.019591393443839658
-0.07703250535665754 -0.2781133089823956 0.019311529703009207
-0.06919419221237988 -0.29942103813127374 -0.01471989844439711
-0.05654361668932878 0.2910313008669908 0.074544837137464
-0.06340633603111935 0.26973955965468976 0.059933069192156026
-0.09443030989863553 -0.06251317431672189 0.007328291834420448
-0.09373035655231791 -0.03829488996799335 0.010099746004983062
-0.08204669338040134 0.16456914933274377 0.014579597653722512
-0.08382227159867746 0.18039878360375056 0.02582357753539016
-0.09184232825937948 0.20550786547029753 0.05895460772150653
-0.09954695564174497 0.11464463610562071 0.02890136654427209
-0.09646267584433738 0.106938246788717 0.014676455780366816
-0.09228344672235347 0.09097597242849297 0.0010693563282016187
-0.04352816476371617 0.24471401930717926 0.003281156608906871
-0.0405697470924945 0.2398155024635319 -0.004638488852194155
-0.09012008313198772 0.04934073312513904 -0.0032801214522015297
-0.04314299777111391 0.2620327974950556 0.016293429091875762
-0.09587074815624835 -0.0025477687611309315 0.009642451671490046
-0.05708750791974367 0.31152771333304125 -0.01087881358717795
-0.12327744332102464 0.38143512278244396 -0.03795326827337978
-0.04265327007160537 0.284328258914924 -0.0003674252405392334
-0.04125515370789082 0.26187715540600154 0.008821946202248446
-0.03901619830538515 0.25599233701525537 0.001981990582559991
-0.04289871723986163 0.27642169953271595 0.009630314118225718
-0.04110573901848438 0.2786890655083046 0.0012828870608342922
-0.0481439885204316 0.22158803348309958 -0.0077116017760813305
-0.04831444055398078 0.21107723287879182 -0.01660751445031712
-0.08296859578481922 0.09577164131488894 -0.01618870290568661
-0.08086216380937666 0.06643412986345679 -0.022841438342757796
-0.04337146310207653 0.22548484185005224 -0.013529015616185757
-0.04128849014765198 0.25139509673261917 0.004469534669185653
-0.08299638772169304 0.017937796679534244 -0.02242377691650318
0.12183213537851759 -0.2169121712226485 0.10680779188560964
0.11068546162997275 -0.19882553196813557 0.09271934755495206
0.1251247173082048 -0.23928494570018746 0.13558109533743298
0.11987197809059899 -0.22399610429394562 0.12736567042547775
-0.07661168629714789 -0.2446754875362773 0.010244560027901856
-0.08932119892604092 -0.09557098407510022 -0.002758533125729119
0.1364969060024964 -0.22804920917504745 0.08668563583955725
-0.07359218899566196 -0.2618720052779598 0.002796260060925675
-0.06896072464559368 -0.26315276791225867 -0.011790147990019796
-0.06947600512075748 -0.2504191279018916 -0.01072578882787125
0.11174183808992527 -0.2134404532784132 0.1284120514061381
-0.1270594757545959 0.4485363362375285 -0.042467114582719505
-0.11992689672446197 0.3759490937545593 -0.036854524946658695
-0.11571875437776542 0.3625293618248853 -0.033684697616768226
-0.033765942128571376 0.269302948350828 -0.008375717412766883
-0.03546313165416398 0.24418196412445572 -0.00990597208193346
-0.07996339638642658 0.255826727640548 0.07169189306153684
-0.0797654619221743 0.22452796477407289 0.04201328588689135
-0.06991705184511622 0.27514785508177464 0.07173697400775696
-0.09865084925914046 0.16125074596310263 0.05280783991069152
-0.07982359102697995 0.2779189878244634 0.08800695566132599
-0.09461490259998438 0.16765765347949194 0.040376235987406216
-0.09428001282127202 0.18078913294480375 0.048210732238831
-0.06539924681891471 0.1865983106543489 0.0022622610075017004
-0.07544297951223287 0.14091446170638866 -0.00928420099569747
-0.05648896125114463 0.1892633784281221 -0.011268479557250086
-0.07150884914435249 0.14175781058176956 -0.015700594155971716
-0.062090310307359606 0.1682885638575097 -0.014049734918864607
-0.07573846846533638 0.2997486022968548 0.09447129676751936
-0.0796447889352555 0.28989783407020525 0.09560286422822645
-0.06953275113340701 0.29363350660751963 0.08469613296544037
-0.07510344009923199 0.284453529553829 0.08470408482822905
-0.11513745997052642 0.3554321806734027 -0.030867002813427743
-0.07969775735457187 -0.12716064655926249 -0.016807654507750805
-0.08445698611663963 -0.11172037309410668 -0.011918286770537532
-0.07738579304925743 -0.12561960457668775 -0.02048638936779401
-0.05143569547511293 0.20855514063927202 -0.011129182756893553
-0.08073994392682576 0.11477579913088753 -0.013924325640995893
0.12052014847498249 -0.199838019727977 0.06819835418311443
-0.07085179103951261 -0.2360283550099504 -0.01169155291258809
-0.07940682688859398 -0.35528003676022113 -0.02158693449565655
-0.08216477501055774 -0.0024220111209906393 -0.02166398770975472
-0.07947934998050893 -0.026618184040097706 -0.020134982284253717
-0.09580014265304394 0.4633025577765319 -0.08414523042285703
-0.1042043582858922 0.45382371448249365 -0.07936785971873152
-0.10019391588753021 0.4489084813571579 -0.08188426020930248
-0.05955351216234655 0.42511424359150934 -0.08933065153247229
-0.056254104978700856 0.41577257967625364 -0.08983089826771899
-0.06994125218637898 0.38894031968482823 -0.0841150262117171
-0.056363096718230955 0.3892433628565653 -0.08436923306346003
-0.10124357690871881 0.3933033185881844 -0.05804077315119593
-0.11144759124439363 0.4100876769511569 -0.05217575165384747
-0.10267763059078543 0.39661373915091325 -0.05686841705905461
-0.10606766900707722 0.39781856919361286 -0.05454365488476867
-0.122823626966506 0.3922345986262358 -0.05206841725856735
-0.1264047586281095 0.3896852836985544 -0.050337425227078667
-0.1329895671604542 0.3989746388811055 -0.04908403958403836
-0.13434800325222393 0.39376858757782834 -0.049364432337020044
-0.12081886143646545 0.3960902893234732 -0.0526346472467327
-0.10738100826523611 0.3929079641641331 -0.05331701999616448
-0.09062329931143681 0.3786269044503443 -0.06845510345291565
-0.09457876550697308 0.38165726735125594 -0.06499786237572278
-0.09543919219032299 0.3767437530961629 -0.06266618534244497
-0.11020469066343273 0.38636809168062014 -0.050673358958528994
-0.11357283484895364 0.36897284565222277 -0.04477391479024558
-0.08119938796474716 0.357413370777324 -0.0650776146131053
-0.07466679440833898 0.3317250875421755 -0.05476095109119513
-0.07813999923996373 0.3457050146080787 -0.06043453627585832
-0.09843107736603604 0.32360504740244167 -0.04168950249122104
-0.09887840027728227 0.331579891340295 -0.0440298119387732
-0.10146598508227893 0.36181243615810743 -0.049722158856763614
-0.11100684646370816 0.35571182476905766 -0.03997041933986295
-0.095624823636032 0.3672703746390588 -0.060242274467895596
-0.10643104891609034 0.3552179272045168 -0.04485694179935825
-0.09799396095731311 0.37290962982016995 -0.059756459530603684
-0.08882011699613289 0.3674626817049878 -0.06605600127302087
-0.08473999730201996 0.3499865532304853 -0.05929737407332847
-0.0919549685300948 0.34204406799014203 -0.05155642599586833
-0.09302291460302689 0.3188243802714086 -0.0418204924790574
-0.086358179776493 0.3250037967010469 -0.04878568477638242
-0.08663405539367125 0.3156401175973842 -0.040903372946389065
-0.10150140265100432 0.44473182038222436 -0.07776577583570037
-0.07671949411765182 0.43241382230343495 -0.08234161774128793
-0.10030450859639593 0.43031742531810685 -0.05246165868473895
-0.10226259485373104 0.4330884824193479 -0.05178072239257684
-0.10104346165731184 0.49250244026920176 -0.07395024630729789
-0.09961817126136925 0.4829763501425651 -0.07806469376737211
-0.09374721907048632 0.47870952249830334 -0.08305198238515135
-0.06407797617777268 0.3742448962471413 -0.07752126975983356
-0.055623138947585325 0.3779729199814208 -0.08036704128231714
-0.0535843884305722 0.36030124520924006 -0.07285483625598824
-0.06706187664572907 0.33166427629457 -0.05500960326476268
-0.04443451616100144 0.35924475566912495 -0.07254583822982003
-0.034047753535859815 0.3604133158880898 -0.07185113249363395
-0.08243547202550797 0.44426880229905114 -0.08780814288176489
-0.08814545181627799 0.4432683128360662 -0.08554203087780488
-0.035406175438102386 0.30678095550769796 -0.030802942269720877
-0.1068871654586782 0.4092688741703761 -0.054413049794332875
-0.10457566644678584 0.40323616918945004 -0.055780793904630324
-0.09917967354848928 0.4281070504204812 -0.055126462012133254
-0.09885500673106358 0.421754493222068 -0.05682698694791587
-0.11744321738568761 0.45299478456373876 -0.06324120638142595
-0.11990198777091467 0.44480697828087123 -0.0530125577418322
-0.11681571794284995 0.4607824293001289 -0.06446367012671957
-0.08925616636609969 0.39378499544085244 -0.07574139292826258
-0.08552225955512031 0.3884149848431824 -0.07736631623641146
-0.08986037253938806 0.42119911121503895 -0.07115503527847014
-0.0838802396933612 0.43313142060495446 -0.07795301053398274
-0.0751152036638174 0.3820402423947648 -0.07939442393464284
-0.07785197279752942 0.3700258032529405 -0.07168638227645928
-0.11082347019904532 0.48529568201425194 -0.06478634629760774
-0.07494738541795393 0.4106934211695235 -0.08561065717353064
-0.060090376161154514 0.4020961193735131 -0.08837321588400723
-0.0514099980141466 0.40093401551172775 -0.08708199458890785
-0.04104923075045953 0.37160079784585714 -0.07731932542484989
-0.10328522086673993 0.34664684366322496 -0.04381040900201726
-0.10812084370917187 0.3446219378085707 -0.03685092929992653
-0.07686494181238636 0.3166989130140576 -0.04198190810479841
-0.07302832079249647 0.32177395728390323 -0.04748588810801029
-0.04239183963379775 0.3125165727054143 -0.028361246883955946
-0.03058705946391302 0.31529009683026304 -0.03756420079383624
-0.1022455008321694 0.3604504896792433 -0.04845257982176977
-0.10911762414250516 0.35299858254690525 -0.041723569407377516
-0.0962667027523705 0.3638613956785412 -0.055824074753674326
-0.023230002680133116 0.34295723312836746 -0.05805446728204534
-0.023387177433067233 0.34979659969010013 -0.06248251262145426
-0.05282722757215159 0.31800499737092597 -0.033026795981880276
-0.09562975034830404 0.3623626822552436 -0.054060889663005623
-0.09821509892989862 0.36669239232345896 -0.05699499256026048
-0.12276889088902458 0.3828168780104064 -0.0398835841206232
-0.11924648185819457 0.3884499352513996 -0.051182279013316886
-0.12649269291066884 0.3882624395624786 -0.04848467930151188
-0.1151850509324702 0.38589819646410095 -0.047234662416469064
-0.11751610491108991 0.3871461252591876 -0.044630473629519475
-0.12536224673809637 0.3882398913469566 -0.04620347377336226
-0.12976309665829594 0.3868212348051926 -0.04654826924130493
-0.13975396216561495 0.39320945686462533 -0.046032065943899435
-0.13801005665006247 0.3891550036874925 -0.04611136938774395
-0.13314549366280537 0.38990498952133784 -0.04889399707554543
-0.048339755318086514 0.31366694492298514 -0.025543641575227236
-0.0506363637738408 0.3157515694075263 -0.02771913820937753
-0.1109510339907449 0.46440812843934953 -0.07150389379558629
-0.12241010525672287 0.4667545145171924 -0.05275782694512888
-0.11831568574391395 0.4848914730108381 -0.05283378729678101
-0.07949854886566604 0.3901830638690693 -0.08141297723666573
-0.0700503410149049 0.3971319452895761 -0.0865970946307286
-0.09256655522553187 0.36740447557861966 -0.06334045811511045
-0.0820495627067394 0.45033647393136017 -0.08924882149634408
-0.08379336079253519 0.3736252966011666 -0.07089306028255148
-0.08784664250723952 0.4524635689481581 -0.08823236082709567
-0.06507552641731978 0.40654723691441075 -0.0886492226047908
-0.10385433466134912 0.4415097846688534 -0.06847612993075486
-0.09992431526935297 0.4382878828986372 -0.06874144154738439
-0.09661970170831136 0.44491717575477635 -0.08219359301375975
-0.08151887896027946 0.40436219938388895 -0.08205574799358067
-0.07867476429776972 0.4134449672146345 -0.08305348235128013
-0.09109133878796233 0.4141826969975317 -0.0702351540923647
-0.11449472597245423 0.4468847179984479 -0.06365685471572732
-0.10948544910528828 0.44928331665104254 -0.07299419109618108
-0.11524711801309165 0.44138234513616215 -0.0544526389758539
-0.11905019246443663 0.4396865417271122 -0.04932058762210613
-0.11433030650484817 0.43752217286510053 -0.050441662246127124
-0.10086375610636678 0.4167661689488132 -0.056436471465869165
-0.08538841926156607 0.4093038053616352 -0.07827435462609755
-0.09185574022846947 0.4001646970512477 -0.07261574816457714
-0.10913794924078073 0.4181598296589799 -0.05127337018820561
-0.062204267735612766 0.35383853635970336 -0.06850615689365676
-0.049844699137627846 0.3418557687995902 -0.06191978179084
-0.10174647953281629 0.407241093997889 -0.05808673562341889
-0.1220028041789205 0.42793290399714395 -0.04385219194720219
-0.08217895147715004 0.3813499056570094 -0.07584095293323558
-0.12139729720554325 0.434461558911837 -0.044126858176607574
-0.10515852626118005 0.3294375131938297 -0.03649022053255875
-0.1027967764573932 0.3220530536609774 -0.03555996511308744
-0.127124071019529 0.41053152662745473 -0.04735421721687172
-0.1188305450245256 0.3764963876161725 -0.039780802302851255
-0.10337194560129283 0.4372291381975173 -0.05649685316888815
-0.10506369105675054 0.4368790756931694 -0.05384269983000415
-0.10196227106214743 0.42224054011349865 -0.05306082546270656
-0.11168588325035837 0.4540995824667446 -0.07157780915910035
-0.1118360454081586 0.4438612555880927 -0.06160197316385307
-0.11470645080842705 0.38240660084219186 -0.04583189780677411
-0.12033776864870259 0.3814223599409661 -0.04051407566091734
-0.09384886011418862 0.39366552220628453 -0.07028123519174782
-0.09389575177593545 0.4275306037257365 -0.06763831514941931
-0.1322832667305574 0.38444423259150673 -0.04357573959279559
-0.018852208932507934 0.3381828072325802 -0.05498034111047265
-0.11619881664638422 0.36824764021649126 -0.040851834090411925
-0.046100515830346044 0.3068686142308532 -0.02143793467993892
-0.07885491270619727 0.42857765852333574 -0.0796361075749933
-0.07284709048941236 0.4232132421024868 -0.0840305703849117
-0.08860862303185457 0.43698420216555567 -0.0788260055003091
-0.10764005534958042 0.43210563220580656 -0.04904763929023914
-0.11704677814167849 0.43109985586707855 -0.046630369614299894
-0.06860287194980648 0.3407253690414921 -0.06037125106206406
-0.08950911574248868 0.3475214019898654 -0.05507470136091986
-0.08853719219616096 0.3546610704193208 -0.05861295811733832
-0.0931882257310151 0.3568921381135299 -0.05465827558455381
-0.05402143143572619 0.3501073651300293 -0.06755780805696655
-0.03931238155990342 0.3187584571497916 -0.03489795246709563
-0.057042512218230465 0.31539542975338 -0.027120911374615583
-0.11258036454502504 0.3934353607946049 -0.05367581059372898
-0.10920341236783075 0.398134887529358 -0.05340996805677012
-0.11607459010146119 0.38714331599394625 -0.0494572524283247
-0.12449401167271809 0.387439801533848 -0.044070500955534365
-0.098131584581388 0.4181662233741251 -0.05898230236688996
-0.08408717253119811 0.43007532167154044 -0.07639755118872328
-0.10319727831158354 0.42884011391808396 -0.050310489159282434
-0.033601680920090124 0.2210772366872981 -0.08431886524936642
-0.03527938399402934 0.21001726199961165 -0.08765689412994429
0.006828760129982904 0.30027434776868966 -0.12612250643420225
0.0025769927084195723 0.3007125739087985 -0.11621777216813699
0.013109734859806007 0.15878869937190004 -0.13224071208643765
-0.007027912895440644 -0.0055778651876484744 -0.11718135169457664
0.062108652119705586 0.02738342559063973 -0.14449168699308446
0.07541452886687548 0.022702388611808056 -0.14234248020901985
0.08709980788383576 0.021961209222536998 -0.13924807208743006
-0.019670408112893497 0.23221509634083515 -0.10565464618216262
0.07889483452976989 -0.11064661903619558 -0.11466849045467936
0.007790011829356597 0.2573262163745246 -0.1312436707791543
0.07972031942082383 0.11561625621805621 -0.1597830247049249
0.07058572553068355 0.11231653010834482 -0.15945096255468108
0.06899229006577533 0.1556920443065302 -0.160670735581056
0.0629031015799179 0.11137561390244764 -0.15846874541566108
0.08684763404803492 0.055331550253575744 -0.14942094123877758
0.07560965584358845 0.06761258361965067 -0.15438682543712964
-0.008733302041541824 0.24714182136955595 -0.11592083768809792
-0.011007772668523371 0.23116748060454798 -0.11594089260661249
-0.009819575056991 0.2576656106710603 -0.11198453777720295
-0.035269439980045614 0.05833144901837606 -0.0970385535526451
0.03508751089533973 -0.11394899146269388 -0.12474294992029301
-0.006880335253519636 -0.10343555356635772 -0.11043341961812955
-0.016586789193297417 -0.1010884311496951 -0.10417810425108409
-0.028870575464963327 0.08731736851491462 -0.1035428688271732
0.02572100242615957 0.2679347919648051 -0.14148488371829115
0.03341380184057152 0.2850293175250967 -0.14510293123083043
0.03340627777545915 0.2732245951866831 -0.14561142949207526
0.02352591821104672 0.2986656144941631 -0.13899868045243183
0.08020827672788175 -0.13456599808283748 -0.11818510175479456
-0.009035990039074016 -0.1581696368817927 -0.1119482837804256
-0.023189705691038304 -0.14730317883905822 -0.10178946934030274
0.05700841956975419 0.2734595525242946 -0.16698998646126761
0.053959975419399134 0.2796586743211194 -0.16214296760163263
-0.02626604868021216 0.06219326942450838 -0.10515239911177157
-0.014723907739158376 0.04090463193518714 -0.11327509225133774
-0.06194062222266738 0.09554198467135634 -0.06798795847344508
-0.03848295214896541 0.21432113189699228 -0.0732459606073216
-0.028431677806236018 0.2447641020978113 -0.041456682204139034
-0.016280176551510553 0.2598436773416709 -0.049524970195389685
-0.0010265440236659979 0.28954948896106675 -0.0470304757835558
0.012674077205259171 0.23212547524353322 -0.1310220115569965
0.011767025865656791 -0.1545438248137419 -0.12253224899865778
0.021536673746917277 -0.15349279097206253 -0.1258404545639839
0.16094328729278512 0.2488340866409673 -0.0942646352428975
0.08022452917463373 0.2947042858804331 -0.1853937822490273
0.07913770949706922 0.30372618870910145 -0.19147443030823677
0.07453831084863934 0.29236617313415836 -0.18209098451157965
0.09192509801991942 -0.08754667662054715 -0.10317400918195808
0.13188515255528926 0.06789112594308885 -0.11485390613253889
0.1299725068338374 0.09302253260074071 -0.12727469773236902
0.13771051576511306 0.08363259222741469 -0.11049373227313557
0.08952256120008979 0.11974982286416376 -0.15924487327679315
0.0850937139672983 0.16498521304674993 -0.16442291582970722
0.08637849039367632 0.21528376999662738 -0.1733030603609167
0.07593386951393663 0.2138529911958181 -0.1719405277367207
0.0841326252460452 0.26080663232364915 -0.1748797418337592
0.09234038765661604 0.25364717232507084 -0.1733972429171874
0.09697745571164383 0.21546020855395037 -0.17148642488751556
0.1297017326060925 0.13811836174013273 -0.1441389392883865
0.12144674623215859 0.14482321861642078 -0.15202797662936157
0.12425844325429329 0.12808963973256654 -0.14538141350977982
0.11367293833775252 0.14145541324424932 -0.1555708583482668
0.04672787365102087 0.29376184329041627 -0.15305013949009402
0.03675187394020597 0.3076065527418746 -0.15327483905268136
0.09629665855678511 0.3375838000264733 -0.20490747272480075
0.02664204978747831 0.33800611318611784 -0.18120165222102963
0.0566167743967399 0.31280192687296043 -0.18702096326172934
0.06080650124601803 0.3208182183091028 -0.2011148927303544
0.023805051902386756 0.37043777984351284 -0.2315557342581243
0.12523331661107923 0.035440260440390656 -0.11088725700725882
0.11533127884893982 -0.09029580011031454 -0.06771205760666818
0.09369252719273463 -0.11272013761196562 -0.10390129775678711
0.11827356399535233 -0.11218029268598198 -0.06841555715706282
0.12326135518982506 -0.13327877753664666 -0.06984083663482993
0.11612098697695691 -0.26180285037260165 -0.11741589037909295
0.1191486495952359 -0.27749560496845044 -0.11597855661549805
0.112487452354189 -0.24156802817485884 -0.1180313431045861
0.12380470191908963 -0.23756138315302786 -0.10872985069022771
0.09259341816753784 -0.2700693631266541 -0.13337571475643945
0.08096184665257232 -0.28500994175750294 -0.1410494695095845
0.1077786003582532 -0.14709730077478006 -0.09902658688217732
0.18177925838154513 -0.3826339079760695 -0.036009669688686595
0.15357303313349607 -0.24983497338381472 0.07402108251894379
0.1287157332989751 -0.15255230073523257 -0.07225224902798903
0.1266649561485858 -0.13338971946466707 -0.05934867269450459
0.07843575218681825 -0.15525532206739606 -0.12041876833486566
0.12277009277428519 -0.44722651844491107 -0.15022699092432787
0.10036778795013615 -0.44162659899807055 -0.1574075466165188
0.1397002489409523 -0.44652149153401033 -0.13991527821827524
0.1300635380387181 -0.47507539596281295 -0.14949492257687144
0.177382096553848 -0.4412298117644873 -0.06387564669896309
0.17559725727155243 -0.43733081506919547 -0.04784160175109495
0.1762697330182018 -0.4231894487734328 -0.06350920190363762
-0.06867532047230945 -0.15945682209575754 -0.05450859239315853
-0.06454515817225946 -0.3342818747853213 -0.03887496837711317
-0.056079005565210525 -0.3078585790561278 -0.04151120003937752
-0.056909328204807756 -0.3350774921250058 -0.050085681421754284
0.038651881513662036 -0.27140298448304623 -0.1401126061865069
0.08723525391161821 -0.4640920602858042 -0.1611322949330428
0.06323673259618777 -0.4551950123433679 -0.15988388650390886
0.07583912651980863 -0.4300750676096957 -0.15924080232243748
0.01694166592515162 -0.47108320064842074 -0.13399449897450275
0.1316377236604921 -0.14359433199492422 -0.04926178242006318
0.12602164564070029 -0.12264832086550526 -0.04876292257053461
0.12739746412415473 -0.12396516103752893 -0.028462442708396922
0.12511556288384829 -0.11121836609780428 -0.038835397934180726
0.14731038291099488 0.06648616976648905 -0.07625588316754273
0.1506875672094625 0.06839343196782544 -0.06233575625094207
0.17769519335427755 -0.46782896255610346 -0.09280322637650468
0.1810915620330677 -0.4650718170467864 -0.07766023357561266
0.11267049436254023 -0.4740312770045797 -0.15704211141808677
0.14638841241720618 -0.47432492765263407 -0.13797543888736188
0.13920276365983397 -0.49600614357034156 -0.14547651308341955
0.04362600501532154 -0.5284416506751071 -0.14464750986073716
0.02530508028824526 -0.5101378992534776 -0.13255824789115922
-0.01064861650568803 -0.3268726225408957 -0.10000636895098154
-0.017450348434087302 -0.3390691742854706 -0.09015720363054826
-0.01095810896881838 -0.34928712859917876 -0.09301950119357795
-0.02218850922976231 -0.3494551752264596 -0.07843989051736965
-0.0736846883660391 -0.14795013413369523 -0.04670187598520887
-0.04976329945674653 -0.1513574897668029 -0.07803404789682354
-0.05881418620088287 -0.06652533943278685 -0.06771165086558545
-0.05492056815919456 -0.04210937480966878 -0.07019508744653734
-0.05105959668139646 -0.06586341720566229 -0.07610101356667254
-0.049240710193362534 -0.02911298696762249 -0.07649001219362166
-0.05446985522425107 0.021551772019850243 -0.07100651272102167
-0.051885585042921484 0.043459215561769966 -0.07696234724558776
-0.04483653522126559 0.2127029084577892 -0.040522619034151934
0.06902690997496995 -0.2906341325140657 -0.14460803405886294
0.062405298741756016 -0.25152835966639797 -0.13957892614364084
0.0546166873824508 -0.14934767566714224 -0.1283389160729808
0.05859035292788542 -0.13397829654177332 -0.1260442040598885
0.05125761077043254 0.0012590141595450952 -0.1406255890027086
0.04919610053246471 0.03050291736772062 -0.14455764106218288
0.15009460097172656 -0.42512305303551023 -0.1273768734401501
0.15768160603833192 -0.46288300253049275 -0.12568415445861117
0.05825131324262491 -0.590765838383728 -0.13364964604382015
0.04090775238315004 -0.574723944145176 -0.12303681037730471
0.06065607600399214 -0.5248040754309757 -0.15425494335882367
0.10738174666498741 -0.5602751569314642 -0.15609792844028084
0.11214983915453167 -0.5907181212414194 -0.15149377423143967
0.08936318800361542 -0.5693291476032512 -0.15405285783990721
0.1820606120126307 -0.46498889485865386 -0.061968237077517176
0.1819532283419542 -0.47023799355772933 -0.0477200527591301
0.18439911376763765 -0.5157797013104765 -0.09561671192776793
0.13829029649181185 -0.5252149634935818 -0.1479436158523503
0.11830272904661629 -0.6262958809408113 -0.1443458873472053
0.14946754758083114 -0.6074981026595512 -0.13900302737638612
0.15491487246668742 -0.6411200463201578 -0.13450085082983704
0.17898283476273935 -0.6151024779283609 -0.12042732716178303
0.17305707124285383 -0.5735174405418968 -0.12255618208648798
0.18775885034817547 -0.5981574229908486 -0.11057950181630213
0.2041335223638438 -0.5872318766244932 -0.07295015175432877
0.20537404916180205 -0.5825866570027862 -0.05989440100599537
0.21454160492867522 -0.6818720372893553 -0.04778910134102081
0.22444604228546755 -0.7136654949653868 -0.05275957890272409
0.21960415305107556 -0.7001877555647842 -0.0850052238138202
0.2211424620206763 -0.6962480330184346 -0.07525200921910755
0.21357804324266824 -0.7108820889664222 -0.10589287342325288
0.20502228443829967 -0.7062679489591018 -0.1146952262556175
0.1952206249461499 -0.7067068762829122 -0.12062504775866653
0.1995335309966328 -0.7342731763948099 -0.12011131210079767
0.16870183069561967 -0.729007032285544 -0.1228985360658048
0.16747795198314477 -0.7081423841828419 -0.1240025353723515
0.13920970380225067 -0.6470751824109732 -0.1384573347345987
0.15737321441244564 -0.6585536975910045 -0.13219223280004833
0.1670269917632578 -0.6299705229376183 -0.12875753289564099
0.19786665067456222 -0.6272047711317192 -0.09986954948184588
0.20286934453593447 -0.6263687394745526 -0.08799601619614798
0.08609706505145527 -0.69202676330429 -0.1046287416234072
0.09967346360264856 -0.7011945813649066 -0.11328377698158133
0.09557360803284337 -0.6787558630544426 -0.11832278630857675
0.1901289862292966 -0.6814953485773348 -0.12116322863771874
0.20193038330259971 -0.6907577557323872 -0.11422162921891063
0.20559126056836657 -0.6790708959187226 -0.1035466657265174
0.2123171042970969 -0.6736058024477738 -0.08292475837847758
0.2136466459602905 -0.668521907746977 -0.05353829198364692
0.21223095803731334 -0.6554328015126996 -0.0602276092600897
0.1245770478652239 -0.7479097118315632 -0.11830853458455001
0.11585795697252012 -0.7572578426115686 -0.108979236667329
0.23329884198987572 -0.7359902544327558 -0.056109064092179445
0.22747930286589624 -0.7141595577479968 -0.06939690680468347
0.21260575290792721 -0.7414516136521779 -0.11639350059798598
0.15658605166913125 -0.7641141137921005 -0.1246310712062719
0.14304604841083537 -0.7686823953972431 -0.12196754916766127
0.13914265260538608 -0.7494469703947824 -0.12260934762922121
0.14297985672264793 -0.7793704422571438 -0.1191710814029156
0.13173920870597136 -0.7703631245820566 -0.11611782919288245
0.2328723188372082 -0.7312685660026806 -0.06346098702198864
0.23034262421893056 -0.7367018064390868 -0.04792817120449302
0.23652753189401757 -0.739323221330091 -0.07304976580645872
0.2241008650246423 -0.7494943892175479 -0.11130760056743863
0.23631813495752557 -0.762526612019553 -0.10580455870842742
0.1879241543123848 -0.7814544337522744 -0.12927044691836181
0.20285866529728128 -0.7625496463473755 -0.1233816830031694
0.17094983685946663 -0.8125450156625255 -0.13030368406080425
0.19089837331703938 -0.8309517778666463 -0.13747605616378508
0.15792732136909937 -0.8143739805739482 -0.12316161388787303
0.15818154653846214 -0.7957311305271011 -0.12452185204603237
0.1720599160528624 -0.7887548682264427 -0.12908921950346028
0.17217138607931645 -0.7725781117224284 -0.1268292992185263
0.1795700902778891 -0.9702745687862537 -0.10842182135146286
0.23834632188634688 -0.8180866188464058 -0.12568228346981603
0.2250615049454993 -0.8245196116542282 -0.1325547666929694
0.25498400554975725 -0.8303387645924041 -0.11682179898459515
0.24652095032733556 -0.84191486401626 -0.1260967710711707
0.25501150200450307 -0.9027817882587792 -0.12424607307610143
0.24171236428566914 -0.9078287930776114 -0.1311692780964831
0.19548074767141257 -0.8995101745057128 -0.13717890586183978
0.18704185946798818 -0.8806490877073037 -0.13625309687319062
0.17396456925696058 -0.8895600311209851 -0.12795062222028383
0.16295484390982118 -0.8856188085613292 -0.1147561941315322
0.17010790739374398 -0.9087369360862853 -0.11872348044721973
0.2573647136508651 -0.9904401608146908 -0.1146980022787236
0.19778634155005484 -0.9759824128938266 -0.12484142229101779
0.18737240620463075 -0.9773314985980404 -0.11722911081498807
0.22104363711763592 -1.0029860997250657 -0.12645077137384209
0.2101525783366001 -1.011043985391488 -0.12331288213720178
0.19914153239120222 -1.048066278171479 -0.10900628484706695
0.19249041848435525 -1.047376159768162 -0.0984275035273223
0.27082913259182007 -1.0238232195839958 -0.09306646625248934
0.25714243529524866 -1.0278638486794451 -0.10935676950140048
0.24833099032086609 -1.035880266542139 -0.11466371506774878
0.23478289011959577 -1.0206843840751643 -0.12241092858793523
0.2384324951993006 -1.0429742693262916 -0.11801072878360384
0.2088776804253052 -1.0408944338880193 -0.11749474058113193
0.14030659733600573 -0.7278201602414159 -0.12203034718549817
0.13381974968779795 -0.7159110414723578 -0.12246666181028597
0.15436897836365485 -0.7209446757803483 -0.12219086387882468
0.1153637680713405 -0.7119168360744124 -0.11911611389660849
0.12704400271797256 -0.7039261905668026 -0.12306413240400292
0.1947136504628405 -0.6558721295885636 -0.11183907993578089
0.18333371831323783 -0.6486196793046808 -0.12015398299753137
0.17362783971979812 -0.6641373168780853 -0.1267399446798012
0.20825088934580782 -0.6459970939491203 -0.07837567550532717
0.2087597616697001 -0.6413152485156828 -0.04867045251095462
0.22518914810559515 -0.7325549866700488 -0.10050190029488154
0.21859855623726276 -0.7300104135868294 -0.10834798974032785
0.151626905015384 -0.8320314853574029 -0.11166401322233531
0.15296738756377404 -0.8468399075672562 -0.10822242101832702
0.14948355117328013 -0.8178135616735367 -0.11294049931149272
0.21687850646466583 -0.8509488086528463 -0.13814717204242735
0.20425893772340734 -0.8255961461403591 -0.136899046999253
0.2520871828568422 -0.7786032263741081 -0.08950954961375152
0.2540780075573548 -0.7798120403514824 -0.0802335216800608
0.26262074093820176 -0.8023411670196827 -0.08539762213796073
0.2630241120369276 -0.80519298923692 -0.06296601747368613
0.26409098512102863 -0.8048454632603272 -0.07377585556108766
0.2696762644495233 -0.8280000863284407 -0.06047117786599601
0.1167368282966548 -0.07522503625349629 -0.06506178284289225
0.01997071018443401 0.07590796159943516 -0.1423295601101706
0.01569186125593258 0.09998581295794938 -0.14032247736980663
0.030282684399939405 0.10841826895943114 -0.14739449301033292
0.03664363921863983 0.12043774496909246 -0.14903413219601366
0.04539138264203326 0.26520522859656637 -0.15436987707358912
0.03996558835264702 0.26956283577636675 -0.1500384913972792
0.04289069175561857 0.2817271905669848 -0.14949958484121306
-0.05871815640997775 -0.0018625532065423207 -0.06646593844506232
-0.05636756413523174 -0.18071414749477366 -0.06588733012151425
-0.04569463050900451 -0.3148772077761271 -0.060445983218514174
-0.0447913481736119 -0.33893494445827443 -0.06467155198379795
-0.039425126104814495 -0.32191037646938825 -0.0690967791763607
-0.02702214241640908 -0.40987253336807883 -0.016388385452313137
-0.03855698777858918 -0.412337811641309 -0.01561169745830778
0.14932267889283898 0.016498596500431097 -0.009482536188526213
0.1149098100035275 -0.42509651991653186 -0.15047994874636894
0.13207877870069842 -0.4189194371233104 -0.14043203623573378
0.17642687614326244 -0.4128919207863541 -0.046534516077856136
0.012269118592188282 0.4247561961158057 -0.2635229467159331
0.15743578809070136 0.08756902110501874 -0.011984578917348407
0.15769675305729447 0.10848165550242088 -0.006110568433025372
0.15515264113022817 0.29129020069633055 -0.0873652845922923
0.15188783149010762 0.09917731935190541 -0.06725675698719898
-0.06567889669422149 0.1253482084088141 -0.05459029975819706
-0.05860364637424529 0.14368402310140824 -0.06292195036659425
-0.06698721585410093 0.11234198923710467 -0.05668941811799903
0.06476621780851063 0.3866602029972823 -0.24340621922391129
0.06799595472276458 0.3724788155258272 -0.23703015968460142
0.1699692287944317 -0.42595031501441677 -0.09724188964802905
0.16789171624835686 -0.4012474906909537 -0.09555436646830383
0.1743074964638855 -0.40625392827833173 -0.0788361166967218
0.15511589046369292 -0.3855962159657433 -0.11109066497041051
0.1144616594591361 -0.14187547165338016 -0.08992499982177073
0.10858398611099263 -0.11384584242936377 -0.08757310180455224
0.10570437161090153 -0.09338079092121511 -0.08688118995465223
0.11241878568530678 -0.04091271791379718 -0.09580340488933364
0.11677590784514576 0.02648381834305715 -0.11897817933197637
0.1167062523808062 0.055741816101198396 -0.13113409668912163
0.10634478470621388 0.06663296280564146 -0.1438198250184213
0.11515780049000256 0.07251480876245392 -0.13852286986296197
0.1132154468505361 0.08752747765717614 -0.14434829354256826
0.10551869786963397 0.1375722463978098 -0.15791306200837377
0.1084088807587934 0.1191737425774272 -0.15360806369325247
0.0615128358673782 0.2810182097391661 -0.17116886567149334
0.06730720925380296 0.27607486345534693 -0.17364820082721355
0.06776093133294742 0.28971300635449837 -0.17706219975318302
-0.022869419354719745 -0.3712729052481236 -0.05528666349586301
-0.022058843668555126 -0.3820398810607553 -0.04270969508440233
-0.03156609270961336 -0.38135466307999194 -0.04552323128242955
0.04903031114422947 0.3244117728661586 -0.19377384967700328
0.05097459355217415 0.3103186050758443 -0.17747270656412276
0.042565990635445576 0.3202464154847408 -0.17882275742114873
0.06477723177192873 0.2535087581192471 -0.17300332650422512
0.061151465486797695 0.2589109857975179 -0.170558920497568
0.06161252459058543 0.2496952930902616 -0.17065093429478606
0.06648679918638603 0.2576660060448425 -0.17342376394028483
0.07803883282260136 0.25732580472871536 -0.17469078948326835
0.011932426332635216 0.3163877116579887 -0.1259740235959633
0.010122539803690316 0.29667366242704113 -0.13105971919111772
0.014369085803239248 0.28965483313562934 -0.1353938503984986
-0.008677176236778307 0.27768794233191374 -0.09218296862858172
-0.03780698230718573 0.22491058956555102 -0.05713847313329475
-0.022147323175694802 0.2555197432928913 -0.03967050277960438
-0.013189408884378546 0.26731546320273836 -0.046320998449210116
0.0011129036364448557 0.3039084583537455 -0.04710490238793855
-0.004793852267549896 0.29504400923691854 -0.04565249064716995
-0.008805619351066689 0.30116850591693467 -0.046822711829971456
-0.019338260248860796 0.2839448179500026 -0.040484741064668366
-0.025326213146046023 0.2981623790184887 -0.0396552682721324
-0.02952034641378259 0.3028717121063776 -0.03610824260425419
0.10074739631276197 -0.3860252098424773 -0.1488364980345881
0.07775598661654735 -0.3748920467716701 -0.15221423742318643
0.06764912979449463 -0.0972431338477507 -0.11861418170935137
0.056749895608272004 -0.089888553812192 -0.1219943304117006
0.045844853971058475 -0.08759493949241492 -0.12394343245640738
0.16273383420881085 -0.686501206741392 -0.1273667365217011
-0.07836477646787744 -0.0617382123303797 -0.02732052244281187
-0.07457956604258355 0.009056952863251706 -0.04349396729178392
-0.02341933196040933 0.29151964223209637 -0.039471377817909784
-0.03683842986529993 0.30031071692479167 -0.02708294263014718
-0.07030497570101998 -0.09322174141297006 -0.04922723614692194
-0.07452087637417619 -0.09321035390857874 -0.03894776689544226
-0.07653166124050666 -0.1575037869095852 -0.03843585323922815
-0.06603272485860218 -0.34805515231667183 -0.04047616987554999
-0.04205143797822263 -0.11906058763779746 -0.085144798879146
0.038061437089398346 0.2453087430121313 -0.14675110553548426
0.04287683927241836 0.24127793120791918 -0.15168030643486055
-0.06711939432765758 0.03462056110480238 -0.055144800188537284
-0.05184207833881342 0.1423624814224544 -0.07893622066779343
-0.04410115829568925 0.15315387338517483 -0.08955081879870926
-0.04172803541180072 0.056870034015158284 -0.0899554662715608
0.10646112346788757 0.3692944005817884 -0.19457777971356124
0.0496609369556016 0.4916922175721804 -0.23131502996670372
0.003919414469371941 0.3799652439807104 -0.2151027530335272
-0.016152926504323168 0.4348192619674939 -0.2515878246785442
0.03316912198278107 0.4457755922021253 -0.26782731576687513
0.0524134887823592 0.46414592525691023 -0.25230927477953224
0.02394453213040856 0.3189923554057672 -0.1350941753003224
0.03930375197032699 0.29877526189810205 -0.141733423822199
0.03462125129871898 0.3683131370500771 -0.2362367042967794
0.025680892986368147 0.39329613536197566 -0.25018527993463663
0.025634658781571732 0.22042292288386264 -0.13398140583909535
0.03127141885279296 0.21940303075712767 -0.13651805548233134
0.06672817747818807 0.2122899231426468 -0.16891381574751266
0.0648096725234232 0.23417256023869962 -0.17118832129749267
0.06103599970735271 0.21367724276769676 -0.1666396768892006
-0.005952430585453262 0.10419991384672614 -0.12440281598454563
0.054478029046370655 0.1293590130001453 -0.15535187778209997
0.056452835384555734 0.10981972506799559 -0.1569662015133774
0.006132939406000473 0.1268346198568629 -0.1324344199164977
0.01619468926045781 0.13963403593626195 -0.13612621775081837
-0.03172856424729232 -0.005555552456204482 -0.09349495319105222
0.001812468080740296 0.11779874621555865 -0.1301358284951732
-0.024919364749319748 0.24912698254421584 -0.054225607109847085
-0.01598993976501752 0.2750426781910222 -0.04117045862410125
0.0973913326865652 0.057595018420966204 -0.1462447712582135
0.09447962241873811 0.07755877728213881 -0.1524750329442898
0.09804827936649124 0.026277333526789928 -0.13552995089353795
0.06794489908700892 0.3420238173345205 -0.22066224225886105
0.060649948281393404 0.33975230833449893 -0.21938410750154486
0.15761781956003942 0.15505858602252262 -0.1039807451839677
0.15248449549216903 0.15533817481181986 -0.12043217219480365
0.15397536159876235 0.17262545322892656 -0.12373844642456647
0.09848729573451462 0.406197142316704 -0.1886031411161452
0.11580515465536467 0.3864564506441071 -0.17220343801403093
0.10332392671310811 0.4056676625296273 -0.14454280107081255
0.12531204060222703 -0.29226466957074493 -0.11183538422578919
0.1134227234835252 -0.2966780295627298 -0.12468738897482448
0.010577920573848215 -0.17317079891180948 -0.12119468290369147
0.021213454218736827 -0.16765722304078912 -0.12524341334434358
-0.013989876838455066 -0.3123295149768996 -0.09683375303755622
0.10301525007597606 -0.3055303211775821 -0.1341452940675506
0.05973473507958088 -0.11092492360530967 -0.12226573194301459
0.1911149734903132 -0.5128872285068322 -0.038355557414508884
0.1986787540586774 -0.5429484875000692 -0.0415586730644449
0.1695037980358082 -0.5430840194961543 -0.12249511911835366
0.08174204436608562 -0.6722780660358078 -0.10959005968480857
0.0711870787138274 -0.6645604558674066 -0.09842900103248735
0.08002952454192694 -0.6979097628267743 -0.09173752143545136
0.12282295558202429 -0.6534853067593565 -0.13777502959568003
0.12929552617672868 -0.6877073325456876 -0.12658526493647318
0.10487833628397183 -0.6479973413742319 -0.13621365559655618
0.20830592687344898 -0.6250541452864268 -0.054902445947161274
0.25302408445977925 -0.7961604075161293 -0.04376149813984637
0.24533347950439827 -0.7694412501317945 -0.048977414013595254
0.2790240406718575 -0.8654196838251231 -0.08338750549649311
0.27432380854255006 -0.8392845131241866 -0.08365779204348561
0.22545653946804756 -0.9085865941563197 -0.13621390828056465
0.20823956554888146 -0.8916332472482794 -0.13965666255830167
0.2800013660313402 -0.9092504545859968 -0.08245264337710562
0.2781980220790992 -0.9107882376411002 -0.09397074001295894
0.2314268821001428 -0.9684519206395632 -0.12899893634545406
0.0615229101410433 -0.38230699341239416 -0.1538923144839228
-0.008554668656637676 -0.3613669246513108 -0.09405136751635221
-0.006781554143628383 -0.3765698731308 -0.09944072554498465
-0.00250837277642508 -0.3566305649323923 -0.11003105184185488
-0.022993005749905388 -0.360583993951927 -0.06727387514907573
-0.03322141255612453 -0.35648581359931153 -0.06672553465909165
0.16009705827239426 -0.6725915977965844 -0.1300881465960653
0.14483089502078184 -0.6809333028618719 -0.12934304258147342
0.20072370556377253 -0.6521356727431914 -0.10099536273700309
0.012221628363235506 -0.07052971149008619 -0.12249690926797252
0.023146258641899432 -0.07567686398483511 -0.12449732322615596
0.06485192453062773 -0.0462400305527384 -0.127969070441563
0.07535802383186345 -0.05425860015136928 -0.12197666449640485
0.09906161379945741 -0.0817175591840605 -0.0957860478450227
0.09192654356524091 -0.07447733298287652 -0.10453007202506934
0.08375576220532976 -0.08125993174512561 -0.11019633648926543
-0.05238963457234913 -0.35303003128516913 -0.05626236822178156
-0.0034308794101069137 -0.4381667036410895 -0.1031095347095745
0.025543972311597454 -0.4409949042110906 -0.14494798180133353
0.042976831612449314 -0.44745539135134516 -0.1540826784081343
0.14151057992755142 -0.3929390486853861 -0.12716041077073373
0.12406346310848937 0.2481367479605399 -0.1579625073847783
0.12795668164905194 0.2289302098612122 -0.15293978165743477
0.09221166085251449 0.41804135112148394 -0.1730759264019064
0.08668196710734678 0.4224973158875397 -0.16679728537112906
0.07964218901600148 0.4325543859620131 -0.18019804804212414
0.08007855591427247 0.42686396546145067 -0.16132130133274766
0.01564789076573801 0.36214177802664593 -0.20843769482558883
0.006666953132947635 0.38107079495735674 -0.22339921465209212
0.045977276263549895 0.49396430422235743 -0.214952846195629
-0.07382088133191816 -0.12589284373597978 -0.04445616119495013
-0.07050489832220769 -0.13826491118632991 -0.05289324332058808
-0.06577137787389618 -0.13640001512283204 -0.060340303038478184
0.007874558566521951 -0.31249862364079306 -0.12356001124085919
0.02546862696537145 -0.33770467723050496 -0.13807363474120696
0.034996194770637895 -0.3236636880163204 -0.14343059217050388
0.05189117526344022 0.262757373983855 -0.16065732537115657
0.07318028773621305 0.4448923993441138 -0.22943201344549616
0.05485590629893808 0.475598497842291 -0.24135838093645967
0.04538031088975577 0.2934209263601554 -0.14534689223225436
-0.07561282767590181 0.6333366500785219 -0.30836799583977365
-0.007852293872105091 0.6171666413204777 -0.2366952335165835
-0.09301259135577233 0.6914054494965347 -0.30270973883469837
-0.05831065529059874 0.7045044729943117 -0.2596641229757906
-0.027669753054113868 0.6586384531154387 -0.2627104349746175
-0.0769939571028432 0.5914030948767022 -0.30171541975168953
0.02240276910539127 0.5500460041739417 -0.2559391791884311
-0.02136603667966205 0.5918715325465704 -0.3047123023530758
-0.048045267219191806 0.5421291352886161 -0.3017076919397634
-0.03664965215366883 0.48630320898004764 -0.2736400761732163
-0.01130357582456955 0.5764506128459729 -0.301463998090448
-0.01606596400955434 0.5584228000961039 -0.3056144544242518
-0.024722088316388842 0.5557924061964741 -0.3072526025033353
-0.0008018399671221422 0.5513781715330782 -0.29807340225327705
-0.05175621098907616 0.535018853013776 -0.2974992487490844
0.028897538553701696 0.5315344832874455 -0.23112375353395145
0.03246822837411689 0.5244498971221174 -0.23654331314313573
-0.005790982564294813 0.46566894065061953 -0.2788481542831931
-0.015260674199086605 0.47147085942939027 -0.27913445320529784
0.03655981394089391 0.5131443779704701 -0.22323824691003552
0.037690121348311074 0.5131930088498279 -0.2311251298793175
-0.05955431664222754 0.6821565575347107 -0.29579750979380304
0.0021396388033997024 0.5613159752133654 -0.28989492525843946
0.007956372258805711 0.5682291918359821 -0.26966575424748973
0.005121358474632375 0.5184484403207678 -0.2929338564744242
0.03191054024725983 0.5141722679925511 -0.2594048992715383
0.03377068596458856 0.516290816919582 -0.25107275019885367
0.02455424428973906 0.5337689826743349 -0.26153863676847816
0.03072903605358256 0.4935041700548309 -0.27192202262257403
0.008162980473939216 0.5012172186054287 -0.2884176671688245
0.018624486195323694 0.47761474916887536 -0.28023027585906624
0.044592674022367766 0.4976059387939472 -0.24212347612675805
-0.04737517796502706 0.6338073078400104 -0.306167713464954
-0.05894252283469378 0.6658388822299023 -0.30246359536116857
-0.04682635652590121 0.652179195173318 -0.3010290344763386
-0.07392546559386412 0.5450572182494041 -0.2807752709286245
-0.079836813239765 0.5517387246863945 -0.27428033340943786
-0.11633713915824387 0.6511610126728824 -0.27819491223506554
-0.04045979098344267 0.6756024140533771 -0.278894254482444
-0.03703441344246386 0.6732281739405176 -0.2719133485918835
-0.10000760140315132 0.6044651658869881 -0.2800472179281602
-0.026848459471451747 0.6469649154845166 -0.28404437410560374
-0.01647156086269122 0.6309237132775055 -0.27614653632608477
-0.030654688146220337 0.5265137696773549 -0.3027013479988871
-0.0357219194874346 0.5221086339982937 -0.29977640418376816
-0.00924330006397039 0.5469843580106253 -0.30448250367613916
-0.06477894230614878 0.5319129357860889 -0.28352358439656644
-0.0679121245790484 0.543474252398546 -0.2882824901136204
0.01915650565674762 0.5664253008418116 -0.24549049840658668
0.013325454494384053 0.579091099158531 -0.2429698881125173
0.024588599840555173 0.5518091054867394 -0.24663421167205424
-0.02090635172516053 0.6447148757218363 -0.2495638986678704
-0.025985407552800446 0.4391969469582732 -0.23476499952334678
-0.005807957269842599 0.4331136116449575 -0.2610925892066254
0.03832391097838959 0.5113826672459876 -0.23928490634687993
-0.02128208443914918 0.506217858295156 -0.29652438612293014
-0.02497580430857709 0.4817274897459024 -0.2806187993159659
-0.03408620864620545 0.5057327131789827 -0.29269746110711603
-0.06524871175343591 0.6306826422193551 -0.3092236259023548
-0.10568717490637589 0.6532230039229617 -0.2947765698530603
-0.11386656804307492 0.6853693138566037 -0.2929583637799208
-0.03735341580522485 0.5687882828663113 -0.3081604556040603
0.03041095354356074 0.5277448424399536 -0.24678779185510177
0.003773844528970597 0.5974105808696832 -0.23908870298308954
0.009310615854595165 0.5841736001607835 -0.2514107069951252
0.05486501462461026 0.06846434245493248 -0.15325092861902484
0.004733301048227782 0.03230577310091072 -0.1289388299812144
0.001144986372298105 0.06602489245026955 -0.12880053868516236
0.055697266602900426 0.2160224788377742 -0.16360246632553088
0.05446771493036398 0.2826828440383136 -0.1578376355508071
0.04585985875347698 0.1347775786516027 -0.15019735699650544
0.05823874494732001 0.26038659249936935 -0.16756521439080602
0.05390094871489673 0.2519343322620913 -0.16435087041139282
-0.04222659113079058 0.4851436268898971 -0.26023079569482516
-0.07044819202684023 0.5560693351777064 -0.29309930967169495
-0.09592773909780085 0.6080528605928781 -0.2900928826575227
0.03567489625957881 0.08210698890472201 -0.1497637025236593
0.02807181251772564 0.06493784142951947 -0.1452433605922227
-0.0799067082698005 -0.1613831914483954 -0.02942852158505968
-0.0009871055976684946 0.30831338012144327 -0.04920505903505399
-0.11225955542988103 0.3619879428389745 -0.040213670016905886
0.12373430584983054 -0.18968951427081063 0.045569313637486446
0.1356848534816844 -0.19750471596753796 0.029681476763210465
0.14512546947815688 -0.20761974911219608 -0.07582481325126252
0.15197937273105633 -0.20913080297025277 -0.06269871380689311
0.14104992175383893 -0.1957452696234918 -0.07638234350700075
0.12270486132545436 -0.19836983354693483 -0.10176817249636896
0.13281711861656423 -0.1968387270304896 -0.0899283595954159
0.08001776733192567 -0.20395482082955282 -0.12639897723454674
0.06782357038860931 -0.20195528646127023 -0.1288134110478845
0.05906747945544969 -0.2306795629536712 -0.13569398139788635
0.03604063211825732 -0.24514953110647447 -0.13529921379540047
0.023781865668824245 -0.2501426368174477 -0.13142259585591357
0.004730271612603263 -0.280891107374785 -0.12007344246816319
-0.005086172864917056 -0.2706364449847278 -0.1076184261145572
-0.01483017489868074 -0.26485485476352905 -0.09383874069796834
-0.03013072978898022 -0.298924763776619 -0.07835140865254472
-0.06404903240186471 -0.29097755316963275 -0.025109857925119293
-0.012082703568622687 0.3055837940421078 -0.04720888280191192
-0.014631867747574794 0.3083479572412312 -0.04680817740150295
-0.01887768930133928 0.31135775192702736 -0.04640783418437685
-0.024152848670065275 0.3201489129713365 -0.04401835100315497
-0.02316659834655019 0.3253616857985715 -0.046586608730983324
-0.02662110021124102 0.32824766575561026 -0.04706160386941198
-0.031150245382890695 0.33026745451309997 -0.047661969358242275
-0.034726068908698116 0.3327588751853281 -0.05044136033773352
-0.044724585867272196 0.32999597500132055 -0.04936022821849119
-0.06162809767593808 0.32740381001596996 -0.05100513384579384
-0.09727680235591356 0.343110901866356 -0.04770888147147916
-0.1118007446953823 0.3656354909030483 -0.04418217337465305
-0.1184753574492304 0.3807083661043949 -0.041703177137089834
-0.11652042910680832 0.38578284887182746 -0.04433284511932672
0.1576975312679969 0.2691433231156991 -0.06635086658931748
0.1566617932151057 0.27716760900334597 -0.1230294165843157
0.11780924289968529 0.3819696179910712 -0.1202627490173981
0.12432847840096209 0.376508589108198 -0.12746964150622675
0.15642500295827427 0.3011060723721416 -0.12290387407850978
0.1549288231003935 0.12433892995277672 -0.05939236509232651
0.16031162444194233 0.17404169565778202 -0.1067342577805668
0.1613940602516468 0.17154887179511247 -0.08648834900063385
0.1588527794885037 0.15907200794414106 -0.09693131661725993
0.14245375080936837 0.2270088446935594 -0.13977276104442415
0.13476192031653644 0.24683870028981308 -0.14922574267717095
0.12469408750286312 0.2620776031663261 -0.16131273297084325
0.10332150172590053 0.2781747176327853 -0.1793064279267261
0.11012494866535204 0.28137906054053463 -0.1781313737705045
0.1410342291464798 0.3483513906097001 -0.13791475029928554
0.1353851888423421 0.35945195847088596 -0.14776361456296397
0.13671156721965944 0.3340049502931552 -0.16591958416448618
0.1420906210684046 0.33210459004179194 -0.15680471267997317
0.11682769438594204 0.2857031149818968 -0.1763181065864819
0.04826531513019063 0.297553689116881 -0.16166480179964912
0.05094409011902245 0.28804083482561943 -0.1569416252352483
0.053341267915754324 0.2842846160273623 -0.16318309213400264
0.05426157086006565 0.2911504798620268 -0.16653357247595432
0.057970517167724375 0.2711394791910104 -0.16808698281840787
0.07414815591729827 0.2711214533862836 -0.17514560172248944
0.08037614031057054 0.27053829642770555 -0.176068171649706
0.08784315744652525 0.26535090215426566 -0.17519695238726568
0.07216025075869507 0.3138731867325632 -0.1987227323929409
0.07766067105408203 0.3177143326677001 -0.20193424306590796
0.0501946223442978 0.2869320995341622 -0.15057332770562418
0.059574304637559895 0.2707652673750711 -0.16922242854632233
0.06353345719981897 0.2678363860980106 -0.1714099559346201
0.054958414908873314 0.30091300794130205 -0.1736403198588432
0.062098932688581826 0.30379154380225815 -0.18293726959912518
0.06995805100137567 0.2657277707412583 -0.17354110953227256
0.036404121651398925 0.29265803047820127 -0.1438275976646232
0.022624849308721634 0.3151345096121779 -0.135333798483767
0.01991507754389526 0.3151733790141242 -0.13401736004408069
0.11047053162293764 0.3949841210336249 -0.13278836650949316
0.11511459267393798 0.39289517569085064 -0.1425177355461343
0.10259757767173502 0.3106540124988017 -0.19179050222142688
0.09803910111464686 0.2651302727870233 -0.17453506837832342
0.10775977335158626 0.26296901683396245 -0.17096739264066363
0.12734001323040167 0.3727873720881596 -0.15835527387379386
0.1265347658211426 0.3694001935525142 -0.1647336572799953
0.15125857174795196 0.31989308166897623 -0.13711291823843558
0.11617888597031457 0.35190109782894835 -0.1872021332327001
0.1509514652285976 0.30345174841531436 -0.1428839970617918
0.11739906757843664 0.2649515017628231 -0.16701166613975554
0.012288183111996842 0.3274459202344962 -0.1192585411931937
0.011281437527849363 0.3277173059537621 -0.11396093937262515
0.015289536631977758 0.33109202648420927 -0.12292118058030103
0.017583413830140504 0.33252749725513275 -0.12740204978196118
0.019842920243342145 0.33557272103653274 -0.1296107435185219
0.06054462878596747 0.28800598512150055 -0.17167198205699694
0.06796342581343269 0.31050520739975146 -0.19408553157494723
0.059355074547688125 0.36203791970283616 -0.23464158072970495
0.05096318629225303 0.36347943613843653 -0.23639010588336293
0.044135640248815416 0.3604384056493355 -0.23330071778418526
0.044609229964074466 0.4070958401846952 -0.25584538408975643
0.03275983593996083 0.4146585621003515 -0.26036132364474124
0.024630794117679034 0.41527635606557256 -0.260930718724315
0.01592348364773699 0.4506347649753459 -0.27338633661994693
-0.005139549560091727 0.4964107172583182 -0.291836666965644
0.0024857564772525218 0.49902930018925434 -0.2904206835448222
-0.0085359801097388 0.5335294292568044 -0.3037655375425168
0.08527384887616356 0.3417963903363947 -0.21323352914275165
0.0879368746998117 0.34757096209120636 -0.21413282948115314
0.049566169299079914 0.4464627808469592 -0.25826482579200044
0.02921632526617444 0.4836898253640489 -0.2744851255421269
0.01783677332453075 0.5097183719641605 -0.2820645843299017
0.010559564772605941 0.5237711163969452 -0.28816401392811536
-0.10050211719792397 0.37115417094679615 -0.05711565298012469
-0.09395791868893055 0.36417562310718854 -0.059180870027950444
-0.09069419368631775 0.35978292231782877 -0.059037056561437075
-0.1117265808752435 0.35149053588834367 -0.037351640185112216
-0.11606059891211477 0.37185227874261234 -0.04269910683626653
0.004692072657382097 0.5467620520742922 -0.292761011384516
0.011144492484353053 0.5326059612187887 -0.28620168971612614
0.0032567052737499133 0.5393746813018381 -0.29588222139475107
-0.003945147461271359 0.5693865231462465 -0.29592089988498915
-0.01859059112998749 0.5357535469568895 -0.3059761522341175
-0.013573463746080035 0.5333219626526677 -0.30509693550209044
-0.030065137899784256 0.5475445420448113 -0.3067732527756877
-0.0018618950685295726 0.6064651521428663 -0.2562743411941395
-0.010590016628523581 0.6261116140291114 -0.25276781596197767
-0.08974889891111798 0.5830039728778819 -0.2847791387020196
-0.0949026153378898 0.5872968711779455 -0.27613828498231463
-0.0570901985894511 0.5854805872941877 -0.3079862636112487
-0.0642950097824103 0.5711204712487148 -0.3028302762132654
-0.03901940785880951 0.5925332224347432 -0.3088277851994719
-0.1445648601171405 0.7405930126783815 -0.26963507272130316
-0.12309830544401938 0.7526415716324835 -0.2905465271325152
-0.10970185696170999 0.7687876558677765 -0.28140116861195946
-0.1018877246455926 0.7666523477715825 -0.27409192754639805
-0.08458589052854669 0.739082960840913 -0.25542863533646815
-0.09752969017117763 0.7584331603899602 -0.2554575578649849
-0.13264765120899044 0.7146908888036827 -0.2791446358947222
-0.1228302328109042 0.6771784697183408 -0.2793717011887887
-0.08268627185928575 0.7382364879891241 -0.2625858204947136
-0.08603487013704751 0.7412081744426982 -0.27366076304745307
-0.08177627574447789 0.7365918406816042 -0.2683889669750789
-0.09563215351815418 0.7582945838215025 -0.26444743917318264
-0.09810959961653688 0.7622379061230112 -0.26948093077612495
-0.10699218939307666 0.7079495122773588 -0.2988198781870985
-0.0946722061942294 0.7268029704393124 -0.2935012513906636
-0.08909517736748221 0.7264513945990346 -0.29068768268109013
-0.08709900383570082 0.6958830735994848 -0.30185554984936963
-0.12546518102091603 0.7811305562043407 -0.28432913372200486
-0.07611876648574627 0.7196621229490334 -0.2840219062840451
-0.142748469151732 0.8600948384517432 -0.22769776681779236
-0.1449674555803389 0.871860650574071 -0.23517574598187546
-0.13884624786384447 0.8569055955245244 -0.25359166646998865
-0.1638143585230746 0.7964014107596822 -0.26508910695733107
-0.18497418532474386 0.8023039965310024 -0.2226076538238452
-0.16233764266579528 0.8062307887321508 -0.27312161895347686
-0.1560449629370284 0.7988137238677542 -0.278072609420826
-0.13006242978753413 0.8057344867583025 -0.27908469168254063
-0.1388432825935477 0.8176513578551821 -0.2829016176193508
-0.13436492784335413 0.8136366935209575 -0.28003501832476146
-0.1324995664238977 0.7987069629240071 -0.2825530741158088
-0.149982078498322 0.8651853919700865 -0.28111645619861636
-0.12704826916342757 0.8083349738015959 -0.274459807564584
-0.16844237297235015 0.835708961904124 -0.2764847542132825
-0.16552262690690633 0.8581292773606827 -0.286257807557873
-0.1429410366112503 0.8013092327613213 -0.28405066155083997
-0.1431846419906085 0.8074914025863985 -0.2845388796937144
-0.17177712882875298 0.8152358857819884 -0.2513358370391941
-0.18279589067082228 0.825835499548886 -0.2311981683456021
-0.1894834789176089 0.824760940866038 -0.2186823211398601
-0.1847191768173243 0.8198277355795045 -0.23062648077526288
-0.18796006609124297 0.8147747495006648 -0.2250072086835997
-0.18631396925304192 0.806776898805577 -0.22571064707702562
-0.1679565797298783 0.8007696165298791 -0.2576892709736449
-0.1570265726727581 0.7852390680341569 -0.2695583226203816
-0.152821865868789 0.7861008185792292 -0.2758153619026155
-0.12252649378644101 0.7985128288781255 -0.2770075129932527
-0.16396877782630687 0.8201333849541311 -0.27877569676905306
-0.15913730374333368 0.8663708301603968 -0.2867300199659515
-0.15519736099411444 0.854151100540319 -0.2873048488906043
-0.15009422675341064 0.8424370458460092 -0.28733775593092503
-0.1389453811283902 0.7904274820203171 -0.28397197935755447
-0.1600332089313117 0.885656205824976 -0.2661077872182913
-0.15794406471478228 0.8834827699875736 -0.2668165190996269
-0.13292011998272663 0.8391763887145025 -0.2604811762867355
-0.14799583800481772 0.8719009910663117 -0.2655164042863653
-0.14807912006581073 0.8675811695303024 -0.2768977974677788
-0.12857892194564977 0.8246313805610486 -0.26444821674274127
-0.1440656459924606 0.8698203170712858 -0.24886874256976793
-0.13300950032818004 0.8412569821947675 -0.2496311252557971
-0.1291399979647483 0.8287745516311421 -0.25381059592095373
-0.1261371098143942 0.8168236995862412 -0.25174706644189215
-0.12486041526361956 0.8131330204276416 -0.2617769776562307
-0.1143129359258738 0.7927010722580511 -0.26803746311234905
-0.11911556360600858 0.7973262025261275 -0.2536987301402359
-0.13648761919528563 0.8387816690421324 -0.22987164821634154
-0.13587845512561542 0.8431523722746591 -0.2347519864950887
-0.13725664112876862 0.8512866101989285 -0.23905732445017616
-0.14814077054547323 0.877231598853125 -0.23296428469585254
-0.12758519814797584 0.8096947531938902 -0.24131190450045065
-0.1669722178588936 0.8299096257601374 -0.27748565095773364
-0.15651893118723395 0.7640500589430951 -0.25949210020674035
-0.11648307799859618 0.7725579126524418 -0.28360707533168084
-0.11140059353931417 0.7813755358018006 -0.2763009471865045
-0.1456325777916175 0.8323643206097914 -0.2863377433469165
-0.1578824380257148 0.8922300602742821 -0.243303434616036
-0.15225425510235607 0.8014178702696416 -0.28199183379946713
-0.14721640330496832 0.789845018239036 -0.28151403526557917
-0.15575836228412784 0.8890854159922249 -0.24601128251005192
-0.1643668331643949 0.8951584878357406 -0.24590964419816375
-0.143399629534519 0.8612046598953056 -0.2705432660242563
-0.15912372840688338 0.8343001593445724 -0.28657911075812
-0.1341949248061181 0.7517194187046243 -0.28630323906223426
-0.14792937419166685 0.7672128930005487 -0.27665279786874764
-0.14387255745057495 0.7917295974959129 -0.28294834659382756
-0.10913017460428118 0.7819064250328918 -0.2712127602584434
-0.15605725286815433 0.8187177238631934 -0.2851433831820158
-0.15401359976249115 0.8796161105084829 -0.2683455858799697
-0.15657745013337773 0.8926995511507736 -0.25186173266223955
-0.15420939568358766 0.8883034996130661 -0.2516603088191609
-0.17329385774797293 0.7992119039309581 -0.2449428918150505
-0.17224465536822922 0.7920878822376964 -0.23950893683234958
-0.12378775902818225 0.7172420446529529 -0.29050869150400077
-0.18012574533728506 0.9347053809961529 -0.2408428979425594
-0.16902986517185717 0.9238054077298781 -0.23402572576579023
-0.18078426190433897 0.9466658590296011 -0.2328885712256701
-0.157454940606264 0.8936911978585782 -0.23590340045722513
-0.1716704092669617 0.9238564188101829 -0.23964753995151136
-0.1818867269460112 0.947290701865273 -0.2375761364653984
-0.18703972132940797 0.9601796515807468 -0.23130907112364751
-0.18478822633494504 0.9560177282363654 -0.23527751822345006
-0.18773680868841014 0.9613489360291835 -0.23637773110136945
-0.1896251306534099 0.9679788588159511 -0.2344609525172133
-0.1905563060974073 0.9646535133770335 -0.23890649256121751
-0.19285269238160765 0.9716125262294699 -0.23341534952815832
-0.1914747703307182 0.9617738217376405 -0.2396937229764018
-0.19413792169747413 0.9625529793116718 -0.23945489793878158
-0.19301260666194892 0.9675293114917098 -0.23864902158341894
-0.1974547840095143 0.9685658608944062 -0.2342552691591108
-0.19637882388922773 0.9662381557459115 -0.23790206726178859
-0.19443896279960676 0.9699195988378065 -0.2364894959075829
-0.1924874188628799 0.9686473496071997 -0.23792774458295393
-0.19219260612542297 0.9712220770628925 -0.2308691998928379
-0.16214294056823858 0.8982125278000799 -0.2418080318836141
-0.1402602336842259 0.8606986579122855 -0.2425635938955196
-0.13032830981208313 0.8306704683631371 -0.2459657060084847
-0.16491020710282667 0.9177165398955335 -0.25263244091566656
-0.16901225898570282 0.9258380086523105 -0.2555356069600154
-0.1613718976754219 0.8933784954402366 -0.26363725330263155
-0.16368660844734506 0.9156329926966994 -0.2586496888258241
-0.1666116783130263 0.9132082928647095 -0.26320603679352034
-0.17221469299614903 0.9184973815013032 -0.2646120312495274
-0.1673708215013477 0.922101828461307 -0.2590236348145606
-0.1684076464038678 0.9003492893027654 -0.26460167021698644
-0.18030820309048218 0.9214179713400829 -0.2622116895206301
-0.18504004847626326 0.9344611453591823 -0.2624996048944658
-0.17114008301497383 0.9231213700471749 -0.2633120439074514
-0.17408659597278708 0.917498778637903 -0.2649325003830449
-0.1785811458828642 0.9223555711623954 -0.2650654769487807
-0.15682506208106323 0.8928643788349577 -0.25888796132222663
-0.17401580682748582 0.936813867478716 -0.25945296936311246
-0.175642683523847 0.9388732176616479 -0.26249145670533136
-0.17761672398082212 0.9399334762511677 -0.26449256991397446
-0.18207344578299933 0.9418334475528335 -0.26616813838082154
-0.1814389915757088 0.9502941288513015 -0.2649986382416572
-0.18216893908968448 0.9549893384551963 -0.2623824636113284
-0.17893499978116129 0.9486594975455472 -0.2610402180758194
-0.18400568959205463 0.9558496392289629 -0.26552105680632176
-0.1853524463238278 0.9554918867659032 -0.26602584419062913
-0.18592901650573568 0.9580922575374557 -0.26559418726825623
-0.18574540960064786 0.9618071575408081 -0.2620939284045606
-0.19049604549534485 0.9475234145601485 -0.260261902042555
-0.18311000181125067 0.9379955331394958 -0.2656952120365795
-0.18827379949489542 0.9514156514205273 -0.2659839677195911
-0.1894367574404524 0.9505139801637635 -0.2649673399878408
-0.19056963385841735 0.9534116993210929 -0.26417563496859453
-0.18967357933486037 0.9573615588600792 -0.2646411058024016
-0.19162446601574792 0.9524694162556722 -0.2608408428461082
-0.19163425722323735 0.956264342617156 -0.2619191896419194
-0.18614173060329517 0.962585448701913 -0.2600214501806373
-0.16423621666081697 0.8953983241972527 -0.2643560986312328
-0.17085834002975417 0.8956188110836381 -0.2869580869048698
-0.169820708740886 0.8796672157085518 -0.2805292656059139
-0.16004575635897889 0.9013299111346704 -0.2851182942849191
-0.16056908053372745 0.8997963352265801 -0.2870654207330963
-0.16193147960505747 0.8982871518119233 -0.2887013988603133
-0.16049111856285303 0.9024123660640712 -0.2828641287982318
-0.1526806412037279 0.8777630089721217 -0.27504231744553204
-0.16975211535831555 0.9138857603601351 -0.29421716436069734
-0.16444475349763257 0.8986547594386206 -0.29014396223824374
-0.16809731843730957 0.8971170972065546 -0.2900937042588817
-0.15498627077330213 0.876810921806546 -0.28274879299754074
-0.15720259678763632 0.8731470412229706 -0.28549428673820093
-0.16687108223649286 0.9143791156784328 -0.28689120950950087
-0.1705062663895993 0.9109891518253972 -0.29454268637890646
-0.17425824760439743 0.9204850382648273 -0.29697135323701207
-0.173213298448599 0.9263634741862796 -0.2912301773721408
-0.17390800754375252 0.9270069451775234 -0.2958602004367965
-0.17068166602701157 0.9200808462906125 -0.29377531538004753
-0.17722830428969513 0.9223113143777265 -0.2975980110100419
-0.17685627618840508 0.9258598742327369 -0.2982685068887906
-0.17519563292993393 0.9318026748954736 -0.29666160831838234
-0.17449433125750505 0.9085416987929745 -0.2935389167646457
-0.17331871863544532 0.9108346026139247 -0.29505177631309276
-0.17692445778184968 0.9185153758539768 -0.29650550956987937
-0.17945762635338786 0.9189949208164926 -0.2939149272457578
-0.179077634287954 0.9251434416632781 -0.29751716602920525
-0.1773260391481116 0.9322254378143277 -0.29619517654123556
-0.17752045169546618 0.9297813701533122 -0.29809058502285946
-0.1810425828216724 0.9250212670475192 -0.2936485778160365
-0.17486987828164888 0.9324908681400257 -0.2952018291843115
-0.168589188825965 0.8798183781540313 -0.28384698887177157
-0.16380016430109828 0.8768571313161417 -0.2867599106970178
-0.15471748901734567 0.8898549234244276 -0.25545642266187396
-0.17025412625364356 0.8747583759299076 -0.27898055897269053
-0.17104827418579294 0.8671558812975193 -0.2783491153980046
-0.16956837057761162 0.8551909074822706 -0.2821316706018873
-0.1619581307675039 0.8438726254430537 -0.2876216827814124
-0.16798005261122423 0.8542693715463755 -0.28451457683384473
-0.1676056726591218 0.8410990215186408 -0.28241098120241137
-0.1652879728020111 0.8411442801161825 -0.2853764523764837
-0.1521141771463526 0.8817808621840346 -0.26005949283957863
-0.15987326303161808 0.8777782791713074 -0.28676502563573764
-0.16746164372526462 0.8216169713004167 -0.27193832063708523
-0.16106042808700397 0.8194710642092412 -0.28226999288482024
-0.18117894054246383 0.8033213778786104 -0.23429861096679144
-0.14475541231047062 0.8217688255095073 -0.2859527392631545
-0.14009221213945489 0.8301187936385279 -0.2828885325066123
-0.13926343601347066 0.8400098987233934 -0.2789703456438944
-0.13223867262687883 0.8330625340789699 -0.2697239275423395
-0.1354408998086806 0.8248747202366927 -0.27889775448931514
-0.12864320289207096 0.8161376460724714 -0.27193877637298147
-0.11935235236394676 0.800634537791838 -0.25949796628930216
-0.12206304386968282 0.8055186782516727 -0.2642774654415083
-0.09628728549287567 0.4360971845991972 -0.07292836344633022
-0.09792773142079891 0.42951798412610553 -0.0584682841324475
-0.09194216280186006 0.43440369147585484 -0.07452972753818513
-0.08732815677460626 0.43388961427698275 -0.07596569343908545
-0.09660081869391432 0.42843513856150817 -0.06264971766441531
-0.0936909842870989 0.4325401462206473 -0.07178421940003858
-0.09190204277911955 0.43084217589925905 -0.07197091805648909
-0.045885540601071854 0.21510535962609326 -0.0235246727253984
-0.08599459650446636 0.4320237436779473 -0.07519069656531453
0.0732238225912114 0.45300613116588523 -0.2164651935353036
0.010547401086738455 0.3818952333147161 -0.2304807838532349
0.015088390016796682 0.3848694143271753 -0.2381541959913349
0.05438709818293861 0.4058428060181492 -0.25234508374443626
0.030144632706114987 0.35586705406120805 -0.21988256722006266
0.07166116310286617 0.3535062996182975 -0.226511711586447
0.07319418182233273 0.44548024787306595 -0.19252934859381438
0.03715318885985021 0.3318358227780644 -0.18916662677964421
0.0435848356766264 0.3878049467506893 -0.24937377747718156
-0.05921041453179819 -0.09035654134512755 -0.06649100176258188
0.12762067513106254 -0.011306718998104405 -0.0850257119921258
0.10675383228715174 -0.06727263173952143 -0.0880842861314994
0.11260425870956953 -0.06546361715173496 -0.07835637092079753
0.0540508999521048 -0.04927543581155404 -0.12975040982946656
-0.06741992864976 -0.038556780242296584 -0.05080053736485547
-0.07097903486613946 -0.06590355800669745 -0.04908496459216538
-0.016676458630636794 -0.0540074193412548 -0.10809780296267572
0.0028311951236484195 -0.07591754810177972 -0.11743274144448752
0.01385169083619578 -0.087261232906808 -0.1206422021425474
0.07501316583181246 -0.07730675430499089 -0.1162634234267709
0.08413391809678478 -0.0671191444692008 -0.11306066105630923
0.09684274753709805 -0.03601282025669931 -0.11528688545732364
0.12688268648644072 -0.07067949058506195 -0.030992902407601552
0.12492432453134884 -0.08471832856788897 -0.03003262647936164
0.06431728021038116 -0.019320031667697295 -0.13498278133727878
0.07598707381115746 -0.029779495067284504 -0.12880924282138428
0.12381356144072123 0.0011607053104336316 -0.09902250814739942
0.1429932460156916 0.014929857357888482 -0.05826354699291173
0.14025422778126617 -0.014816151085643554 -0.039218794656964526
0.04063718959691274 -0.02324233505607918 -0.13687970321501605
0.052328491752712314 -0.021334399887539338 -0.13658937078192418
0.1541218780468285 0.040315148993750695 -0.013563789348934511
0.11605849694231596 -0.011213162084740644 -0.10594407273614509
-0.05309836782969726 0.1656909613425025 -0.06424544652373743
-0.046860259750973646 0.17273568374327852 -0.07815891375289002
-0.045163878145326276 0.18593675448471833 -0.07426817551945422
-0.03464639902726821 0.2013741425319043 -0.09239477842506538
-0.03597644342956979 0.18584305212027027 -0.09435267409774582
-0.00684256683280307 0.22282687679560073 -0.1202721172744836
-0.012425782375238696 0.2022595362602188 -0.11748074399498375
0.0038790649326639615 0.22435410633268962 -0.12666003353889174
0.031169442091479937 0.1981989751922241 -0.1350314878484531
0.03610444019534151 0.21126009922042632 -0.13933209145619568
0.0507709799119022 0.2379711776315467 -0.16175587220006843
0.006707299356858366 0.1844213851502381 -0.1283496041937696
-0.0488581958062645 0.13426700244725714 -0.08525208194616474
-0.05749635710574282 0.12052616127186788 -0.0727962858625294
-0.06761103991959791 0.09974390093800227 -0.05804089008135921
-0.03467488089760688 0.23815209323905345 -0.028486349313291814
-0.02921139523083679 0.24631557392780304 -0.031874949394213536
-0.07341882813024418 0.08457664788684174 -0.04597189789269708
-0.07389117015100695 0.5741639423324343 -0.2980218511987846
-0.026205100192629827 0.6138046147809454 -0.30163183707993496
-0.034124224554106304 0.6152168020227058 -0.3053909167317214
-0.010969160257675536 0.599868789327045 -0.29239300094465354
-0.0032142698344101907 0.5857793686924424 -0.2867807345761333
-0.008430145524502363 0.6073821249267489 -0.2809278121633406
0.00145462967216306 0.5923312486766671 -0.2650425571570272
-0.08517629406584849 0.5668180461083782 -0.27980889465080766
-0.04987244876587991 0.6004089822818858 -0.3094599189585455
-0.06119585351097273 0.6085913785625737 -0.3093783208278921
-0.04228252866774598 0.6130566922612259 -0.30812437521611163
-0.08170954208328562 0.6148143256703403 -0.3046019416910537
-0.02122596898484646 0.6454924794250679 -0.26701106163946225
-0.03790042251661792 0.648481906767568 -0.2963734961578631
-0.053707619755411225 0.6221485619438534 -0.3090429204227735
-0.10648184265477693 0.6282538830554806 -0.28427989196810066
-0.10134971517937202 0.6314297214085314 -0.29337156644389684
-0.08718731026946183 0.6441121015308217 -0.30561888513529595
-0.0819926391842037 0.6601726886801322 -0.30668689267217975
-0.03712980433195761 0.6742973045038454 -0.26375470036904214
-0.04947892232453187 0.6759919715331204 -0.29161078616168085
-0.061282075208162146 0.7031668669577706 -0.2811789694901785
-0.07256990569677342 0.6585573947975661 -0.30720375655280474
-0.05721828598148519 0.7013509059107148 -0.2747875493546864
-0.07445099084275482 0.6979212526876483 -0.296912756364739
-0.08251242274690244 0.7226031891719641 -0.2881664776715477
-0.11497156680591585 0.7581112410374057 -0.28864724231851824
-0.14283085218198516 0.7461358487379297 -0.2756432959163703
-0.0898466771030059 0.7438565364033823 -0.27806080105757836
-0.10631590569377565 0.7760833394600632 -0.2609230079955571
-0.00382070775231866 0.27932941259051713 -0.04917438837733721
-0.015736975417390758 0.2694578445403468 -0.042381651922778873
0.06401914556132673 0.0035792318410233295 -0.139867929908938
0.07597947078845886 -0.005897097722589177 -0.13543810705112294
0.08755305846354204 -0.008632134384496129 -0.1304955482851166
0.13127498895258044 0.014181355007181488 -0.09174066839525492
0.14805258942038096 0.033440707026721674 -0.050458253660026646
0.039219294683960904 -0.007013948583141277 -0.13932363884595295
-0.060025613589360746 -0.02404330336123909 -0.0630917272781325
-0.06842598331372114 -0.0007208844162957807 -0.053650028593340914
0.09832646275061321 -0.006876586918911954 -0.12491180301736805
0.025110440367524113 0.023689581641020533 -0.1387429623741922
0.027006786811440565 -0.0037177434613925413 -0.13783589420274503
-0.04328493760224747 0.008328185608584837 -0.08246577208505215
0.1571777036962175 0.07079208986054265 -0.0038189245432380435
0.14275918064826523 0.34271776065356613 -0.12560125624223928
0.12380921618484106 0.3810535202565974 -0.1422493303735958
0.13253126666159923 0.36411083003697226 -0.13009881561682135
0.11331047114013722 0.3967511612925053 -0.158647885755587
0.09496793604315718 0.4126462055095931 -0.1876934102994343
0.09688213217262691 0.41272724264140975 -0.17695638976981434
0.08344617246713107 0.43303696885942145 -0.2072931606288133
0.08325617568909408 0.4251612935426535 -0.2235121140593312
0.07243247523801936 0.4178070308561719 -0.24103626205018494
0.07993856240001068 0.41505354828244234 -0.23281616780680722
0.06978359687922367 0.4101506904500069 -0.24412737788526254
0.08128257259019822 0.3944251220790684 -0.2334927201366297
0.07540513274046547 0.36197881677828425 -0.2289563068080496
0.08244947097345874 0.33425911295293065 -0.2108612067816068
0.08835279992628063 0.2998471542492399 -0.19004098531637778
0.08661524125522316 0.2768224853657421 -0.1790648592396495
0.0923296399668962 0.29150546036705977 -0.18599106411974636
0.09284894257432806 0.26635842395783105 -0.1752612786653271
0.10271400609824867 0.2547182150962919 -0.1704760248838653
0.09837639009788865 0.2524552245363237 -0.1716433222646165
0.10640454148694284 0.22919331486454178 -0.16729346899124667
0.13821701187372704 0.15011280720604236 -0.13890283330812034
0.13599941143986244 0.12920380082405605 -0.1346735772144899
0.1421870649676282 0.08864429924937091 -0.10167874026801586
0.14758815212718615 0.09412524163131009 -0.08695317716295817
0.1435716659481642 0.05055600578556678 -0.0799614813394707
0.14032251802456683 0.022393851657539297 -0.07340225674424157
0.13766123378382497 -0.0018875172856008503 -0.06417712892602748
0.1259960434101258 -0.060542697135783155 -0.045595958444261585
0.12221944735618408 -0.09998992113393992 -0.04857642832500742
0.12283385478953114 -0.0901082022397493 -0.04329969890575263
0.1433129480548514 -0.17537921159542877 -0.030593026564834532
0.1471484311898983 -0.18679166483752033 -0.019685931180215603
0.14200292675331075 -0.1702419507333879 -0.04233102576130154
0.09948582424908356 -0.162964454662011 -0.10965454587323992
0.06708477202819044 -0.16480024064268917 -0.12528208800174728
0.07801441320112669 -0.17292821606870554 -0.12201687165505506
-0.02854937071074021 -0.18412850818991633 -0.09510557649870813
-0.037600781044568266 -0.19147137238350845 -0.08470811207077207
-0.0594709736254638 -0.23085713055801682 -0.04170700114183909
-0.05431311734554643 -0.22983050190095666 -0.050366843204486055
0.13889775049669403 -0.1643329502702221 -0.053015209766417964
0.13535966023586674 -0.15319499586901572 -0.03907763400574754
0.05546237197595373 -0.18082797576932252 -0.12734810986343562
-0.05125987618490708 -0.2076515256272678 -0.06374597118925224
0.11789187641088722 -0.15938155590731326 -0.0929584149156893
0.013522565805970811 -0.2000817678667521 -0.1189105493735737
0.1290789342490071 -0.13868466962052692 -0.01887527715913135
0.12578929266842517 -0.12782813298658757 -0.003983903135400102
0.08966640783503534 0.4208521386912399 -0.18834075142441326
0.07673114001769803 0.3800498189492299 -0.23518105185212465
0.15943414239432774 0.1351901271249652 -0.01718938858612441
0.1583305435146754 0.12163230865098834 -0.026487351705114417
0.16327502542539452 0.1897378460496057 -0.07939079003752755
0.1635821194025387 0.19763724281636022 -0.09155829020422028
0.14598314996570744 0.24214343246466044 -0.13572990051069925
0.13452433015128554 0.25680106932894964 -0.15161042160929336
0.13355118695350712 0.26578883379554064 -0.15551679303453603
0.12225421796017237 0.2877689691633979 -0.1736626237578834
0.13975244696809086 0.3060193951021866 -0.1622835024707922
0.156746553752401 0.24418303288160786 -0.11389302167030754
0.15904534559795103 0.2376017890584138 -0.10487814632591165
0.15543578208785086 0.2651161270966066 -0.12327110607730957
0.05214400274330345 0.1819368394534319 -0.15363526167406985
0.056645578777339604 0.17999443302286203 -0.15754939103669227
0.06210975738646942 0.17889904125908002 -0.16071888435428916
0.07117562877476985 0.17989042108426997 -0.16437022812920163
0.09509583706920682 0.19107488277116744 -0.16902392232170874
0.10176093080712026 0.1912241480079814 -0.16778530375298265
0.10861269810752035 0.19879928448357934 -0.16619139853906026
0.11982051866894033 0.18791175254980966 -0.1595419515073942
0.11650651567621964 0.20542584900648073 -0.1621023478760648
0.1272740721963438 0.20120123194058825 -0.1547799196238963
0.13573448734983895 0.20053882340549004 -0.14748583641354526
0.14972621353974896 0.20989216360922003 -0.13061782446837883
0.1529497341346088 0.21917452937425577 -0.12521147748449601
0.14667925462273307 0.23176253834038021 -0.1348923721602433
0.15834450571462533 0.22418242475799377 -0.10853909034836275
0.15276576594558178 0.24520443760218721 -0.1239459710235717
0.044775764897973906 0.09578644794495926 -0.15333966012056632
0.060450618719039804 0.09131359095302047 -0.15713383216193508
0.07301408005620982 0.08977050288831438 -0.15791691592339893
0.08218975254921818 0.09142555360475693 -0.15750744224523763
0.09195838942342668 0.09500602885517062 -0.15609212699036665
0.10186806538878546 0.09881723932204413 -0.15330017776509527
0.11094919434755972 0.10272801543831858 -0.14916026718550657
0.11923345233014676 0.10697698735404614 -0.1437877260430766
0.12677125552474913 0.11159356289121769 -0.1374055528555377
0.14109146579662551 0.10386205599507577 -0.1123008012418546
0.14676969234426038 0.1076847423888564 -0.09794726317035798
0.15258388804484246 0.12747815335690493 -0.09397340094632252
0.14954483925051185 0.1370711255200882 -0.11678554487766779
0.15543076245606044 0.13565589907633696 -0.07400075556219386
0.15797746789937442 0.15188740916088905 -0.05853009385013011
0.15773007974711142 0.2518598665107974 -0.045128296621316406
0.09003954341734018 0.38848619860327555 -0.22095535279931627
0.09026191401445956 0.40654934347154514 -0.21686289415288784
0.0981996803794301 0.38953337271778515 -0.2031886311230286
0.09644048414892793 0.3855932560830641 -0.20816093037893268
0.09293442078527502 0.41147962335754673 -0.20272292975352751
0.10392671931363097 0.3931109850754106 -0.18939628011751974
0.09766728152276627 0.3994522762818949 -0.1991361213359543
0.10114773716936351 0.4000596569738269 -0.18961697235809047
0.132740467879828 0.3379229111484611 -0.17082942805085968
0.11045315684586207 0.3744489332517118 -0.18829784847026806
0.11287065503398205 0.3132734122250697 -0.18682901052103607
0.10597409677147664 0.3320391787850539 -0.19570150401795047
0.0959539628348556 0.3621892134794501 -0.20930279200651256
0.10369490326463955 0.34595205831698067 -0.19940751328674594
0.09881538202625274 0.36775960935036744 -0.20514752262550567
0.10363974635629163 0.3705109644483418 -0.19797101539233572
0.10788451770377931 0.35080586275964 -0.195347234369268
0.15915039650221643 0.15552036819746928 -0.010753929539581373
0.15922384625850453 0.16660857976847201 -0.04223317074619453
0.15993621408236283 0.1569602599725943 -0.025529804759732877
0.16339540615807896 0.18707803080399377 -0.09328453673386156
0.1377642642225057 0.2745870480659862 -0.15475815245821078
0.13978473708624659 0.25754607343166075 -0.14632615569870824
0.13137788602781114 0.2894331740326001 -0.16695696767058568
0.13923777889873057 0.2897900575931721 -0.15886503980478336
0.13439822432490703 0.30551005413514226 -0.1681361399520405
0.14375016608536442 0.26219284707050683 -0.14246655045134893
0.15180107916960678 0.2658106131738333 -0.13082328252383554
0.1587470988953422 0.17962996260202385 -0.027589333981217407
0.16207969228602317 0.20200869157430545 -0.1033975932224139
0.11504132318028971 0.32526524905956444 -0.1877415950144561
0.10312502615918608 0.3839662700903233 -0.1951242277858993
0.13616517486452798 0.35406306212329725 -0.12315412800766919
0.13789603438354214 0.3521871189692653 -0.1506446472364512
0.14255946949846782 0.32209993768996675 -0.15855455041257077
-0.04582545748979355 0.5064099544239414 -0.28459561639835323
0.03128660355145437 0.5025491884906355 -0.2686063871460861
0.029117552044305668 0.5338258825943238 -0.2397715489903667
0.025936227960526005 0.5406773598545255 -0.23185817820926902
-0.008164337599512309 0.5193984561994807 -0.30020187158164785
0.019667751107927477 0.5588547872120742 -0.2547055820412572
-0.04985328899901359 0.5203403971981921 -0.29163166208223557
-0.030190125611367958 0.5372960020025535 -0.30532311275140966
-0.058308531408161834 0.5145041107209822 -0.275193095122627
-0.021184963498014516 0.5244965884172055 -0.3033579758306345
0.1479615711063161 0.2501511814026873 -0.13342552398019603
0.16072916694157588 0.2281493780809606 -0.07485745836070166
0.1614001628710096 0.22366323353773884 -0.0855304172037722
0.15825067120584932 0.17891825442878845 -0.014290279089729706
-0.029630415535140692 0.1684789322501771 -0.10421606693291485
-0.012690040725262844 0.1731730134878215 -0.11847036697925888
-0.037518438070533615 0.14527747032880342 -0.09963418166134935
-0.0006309293501982765 0.1499615875933064 -0.1274863614279198
-0.01647451045775438 0.12455321159531856 -0.1173971351660773
-0.03084308172167588 0.1365805573539195 -0.10715190482210045
0.04236843741012366 0.30666760611487387 -0.16200748821002606
0.033742573795181856 0.3224008442370418 -0.16929615311886145
-0.08064267423105906 0.3122724463830916 -0.03325734538611203
-0.11347847245041554 0.360113866897328 -0.0361129712372748
-0.05636191503842618 0.3132501939944335 -0.018664630633630268
-0.10767304542052715 0.3268383546173527 -0.029611191943954247
-0.12131169499858356 0.37940342056237053 -0.037495268735051136
-0.1191419964040143 0.37044974101388184 -0.035680652748750194
-0.09749066032053308 0.31648408547406126 -0.034709791348277876
-0.026375695337303877 0.2603215351168202 -0.030018411018205928
-0.027728667962505508 0.2726357666611373 -0.028931595197282008
-0.07037070647494882 0.11816301628417628 -0.0436662488849924
-0.05118228025899123 0.18548908151745455 -0.042498625959418446
-0.033118954009588635 0.288483783078457 -0.027337223023684083
-0.04283022717014912 0.29589890539785607 -0.016079627721471864
-0.11075676888699047 0.344720076490711 -0.030871229777587262
-0.04265823838193003 0.22394324959835107 -0.02079700413944101
-0.03431994458035506 0.2417590641262266 -0.018804423209551537
-0.07931962214421807 0.033266601562327094 -0.032080498039750195
0.16045339497033484 -0.36207184622089666 -0.09394312709055168
0.16591078388329686 -0.3811396255302678 -0.09243144816902465
0.17809476935729468 -0.34621577879239246 -0.05747059616265671
0.14389367631368735 -0.2828971370982816 -0.08359668482399518
0.1436304179581335 -0.27077778207773956 -0.08125989876624196
0.13470722131896853 -0.22790899357948832 -0.09568148344691516
0.12666142827137658 -0.2595947104696594 -0.10601058268371495
0.18455166750162066 -0.35982188922016356 -0.03821412610687348
0.18121200718437555 -0.3791113799315064 -0.049443804878323755
0.1510538980317018 -0.23570361611546778 -0.07137378922931718
0.15802572537259554 -0.23208409841890487 -0.060610611231043346
0.16000543840619305 -0.2455425728297637 -0.060181226682839394
0.1640021245536253 -0.26658189217706824 -0.05748392011591232
0.1688625549737799 -0.3284554835063689 -0.06734586726716996
0.1904613633441304 -0.3459727606588692 -0.010788096802979442
0.1900945405133346 -0.34365892705480633 -0.021163059817387062
0.1839371547927847 -0.33285747329926973 -0.04313778079341431
0.1497990589815333 -0.21310690805839544 0.025919966902718094
0.1480847342117425 -0.18838531585955423 -0.05163724323359398
0.1922961105135241 -0.33157444884806103 0.0050344076972296216
0.19237178169203584 -0.3303865670020957 -0.00701602837305075
0.19158643057650226 -0.32463814819837067 -0.017355548422816166
0.17776129001745736 -0.24984809383763756 -0.003227330348796565
0.18319974862425462 -0.2671353255761703 -9.325777138390072e-05
0.1811461781487387 -0.26613593646400785 0.012950463561129331
0.16246736861568337 -0.2250654685136628 -0.04983661644300802
0.1711479026934578 -0.2333697651205457 -0.004527462896498148
0.17143617747578865 -0.23153530111372916 -0.015393757975723149
0.15986984133541446 -0.20883390181655478 -0.03869113912521776
0.16172813274125378 -0.21029340853245765 -0.02721349014265959
0.1680645651859037 -0.24760691993865405 -0.0478464136753998
0.18290847009644493 -0.2809660779030112 0.022270806491862197
0.17361522361122209 -0.2544222282381874 0.02416204934819575
0.16850629362009614 -0.24142765627197127 0.020449880650291175
0.16176948420601112 -0.2215286976747417 0.008645804997351021
0.12872843880681187 -0.17973287668919177 0.01828474781794195
0.144301995489604 -0.19244531482817814 0.0008443697774454231
0.12485135894777696 -0.10021449718746826 -0.0156589404677534
0.019566883438547282 -0.52935747374788 -0.1139377963941048
0.032932200083761486 -0.5443659292412514 -0.1286986522179294
0.05064491326193164 -0.5610703283666578 -0.14002262051618283
0.10144335424466268 -0.5235835046484084 -0.15950736660722722
0.08272003002623483 -0.5359181320167811 -0.15821411709949976
0.0778965566771199 -0.6042776741468637 -0.14087242602417827
0.09485315593447044 -0.5990772695808706 -0.1484688713798113
0.187899876752156 -0.4995829531644743 -0.08076306177114234
0.18177987842718527 -0.4932164204101817 -0.09389006706142472
0.1740842083192274 -0.49645126409693263 -0.10847607815020785
0.1946116324524611 -0.583865324908369 -0.09796041631266555
0.12914354108479306 -0.5814692378476077 -0.14989269457431498
0.14537765227621388 -0.5774527787921444 -0.14306158507500177
0.18304529908044934 -0.48587730660570705 -0.035649700819880885
0.20131417010853567 -0.5582204842053325 -0.06971980039721212
0.20258711670112112 -0.5573411169523875 -0.056379877572280135
0.16467502706365533 -0.48851191223874957 -0.12059751624798533
0.25153278954648184 -0.86908881242694 -0.1262491419746115
0.26034987661405695 -0.8546869512106259 -0.11706697177595655
0.23519226832163936 -0.8554721282441831 -0.13392206544437715
0.193272762255881 -0.918182229224139 -0.1341540096316011
0.19625509584352266 -0.948885672124831 -0.1298810429035044
0.18002788360656996 -0.9235776376593643 -0.1259081684991026
0.17171756726356044 -0.9290135417623927 -0.11307905269232353
0.2737393182886386 -0.8461233452098974 -0.059502422468280323
0.2724337031468074 -0.8779203345491015 -0.10624868358999298
0.27808369699371877 -0.8867175225187871 -0.09480654172808312
0.22256882606898473 -0.8804292941948754 -0.13850016113852012
0.17720862024279505 -0.8427612799046389 -0.13420671341195908
0.24486447093875519 -0.7960821444065477 -0.11398637502027893
0.23241035518821 -0.7815462339214386 -0.1175066208620944
0.2215192068899571 -0.7989033823889581 -0.1276687487391512
0.1572741404870057 -0.8590894019375209 -0.11330240683500488
0.2059698385171494 -0.802465257867224 -0.13247165108639367
0.2626161589615732 -0.8268429243859265 -0.10631636018586788
0.260705805298647 -0.8045492047399256 -0.0960007556210013
0.25282641045639787 -0.8002084516963062 -0.1071095512127923
0.24765387798674873 -0.7683806603748342 -0.05808871257883224
0.1878381814294891 -1.0108319881776888 -0.10390835132358062
0.25689761109152376 -0.9429699093655861 -0.12048594228587003
0.27201604143712593 -0.987507206058187 -0.09797346922076451
0.27502903912523297 -1.0053749078733338 -0.0873931158006072
0.07845460455626861 -0.32395376957412214 -0.14746098271578942
0.1219959119381682 -0.3207359252054824 -0.12260810008125404
0.15033588054360197 -0.32194176964616944 -0.08856017637591364
0.11651516599586041 -0.3414619597971242 -0.13199004644510243
0.09950637906077718 -0.34009201704667885 -0.14170129081329905
0.050923637789162965 -0.3284854915732549 -0.1481671188081102
0.15715193730469132 -0.29281855456200606 -0.07056708105475319
0.1686438180579678 -0.29450172112531736 -0.05593276624807226
0.17460773150986036 -0.28748027576190394 -0.04527405739591661
0.18858829833071877 -0.28878810062670107 -0.001921379639087238
0.18440975589656786 -0.2720568658145181 -0.011267417173571583
-0.05027705811012853 -0.3728597874879489 -0.04873089617348448
-0.07051175169698061 -0.3701443636127053 -0.035561129857786866
-0.07525356131204777 -0.37406892246548834 -0.028063237681049954
-0.0722613174043303 -0.38364763476503727 -0.02656887769227512
-0.07468225465049663 -0.36199166625527407 -0.032228920859140885
-0.06437009868552594 -0.38764736154812024 -0.03171172307327121
-0.06777722078844146 -0.39240570540515024 -0.02525533337756273
-0.062022591536587506 -0.40033627913536246 -0.023157480784502155
0.13111863875692117 -0.18860829060835377 0.024685000662570365
0.13324210852675378 -0.156877696404599 -0.018371951819517163
0.10295541483339311 -0.18721617390232836 -0.11351920959865719
0.13609736330755615 -0.17769968367020883 -0.07708612898313315
0.14057709086402526 -0.17649916455763523 -0.06535900269049573
0.06624401981869829 -0.18102032782358404 -0.126024075700386
-0.02646795889902638 -0.22536922115530603 -0.0867874778036623
-0.030570450733417357 -0.2413590607062374 -0.07709323918069874
-0.01814934263930371 -0.2204735062218348 -0.09633356648432255
0.12300757748604527 -0.17973366351588546 -0.09619685994987089
0.012167078992412952 -0.21440038701760472 -0.11868794625580413
0.02428263247824693 -0.2116503467460549 -0.12365701787443482
0.13120508203311443 -0.16307171752378963 -0.0047862001896794
0.1176217652953968 -0.06355306868443972 -0.06806493530936703
0.05498434190676708 -0.07296801393751048 -0.12460427874876998
-0.006750502363003467 -0.07466196682998211 -0.1120536108711744
-0.020883837099478306 -0.07126062759200338 -0.10245511683262608
0.09267903085678048 -0.062159678072741545 -0.10786087008063372
0.10543649323648376 -0.07939456743352072 -0.08693947638714764
0.012878959744583633 -0.11104499185193353 -0.11973003059492748
0.024506370395389002 -0.10693036193249311 -0.12274733225243178
0.07621057738407669 -0.09420162032777103 -0.11455485958769464
0.12192006953978507 -0.07418800184791027 -0.04991773283165675
0.14634142434462108 -0.23413100069061618 0.07104853369110259
0.12979160652697969 -0.21384185182549517 -0.09951296128384839
0.1059845144921988 -0.21944514562333217 -0.11873668906321261
0.08498555650631327 -0.2306478038328082 -0.13049092641061752
0.05605418297867516 -0.19909563199585545 -0.12887091726247346
0.034930112015197044 -0.20893832923046013 -0.1269923750662405
0.001414648635365318 -0.24758205938616318 -0.11671169473562212
-0.013175171247402568 -0.23467525963648211 -0.09970074045423237
-0.007745873903667966 -0.2320020793129437 -0.10640992787637703
-0.035557475062789966 -0.2562198366056705 -0.06950894081297614
-0.0613975065434596 -0.2624920766111084 -0.02908480278674292
-0.0607274456201557 -0.24802017343697488 -0.03212503385973784
0.15624814882652951 -0.20802334065670514 -0.05065672282768786
0.14815080656119797 -0.1923262401849656 -0.010294413132860076
-0.10861757075490898 0.33934401498007133 -0.03351635667830776
-0.0920136043308014 0.3130606927847157 -0.03243842499349957
-0.1182696222582992 0.49630975928418275 -0.04567151508432343
-0.13074941753778235 0.41150691724337535 -0.044666211128025886
-0.13767166941746442 0.39816000127188245 -0.04652366891816564
-0.047986966989478574 0.3036453937450125 -0.01586583814632963
-0.12323247658086936 0.4417504098057377 -0.04568276979235993
-0.0327667973481652 0.2617543615453576 -0.008998827030885535
-0.029900861525028393 0.249450214602516 -0.02570347459222518
0.2739527599043699 -1.038231571910967 -0.07893563611391903
0.2723992470874017 -1.0396528523646207 -0.08507077037552328
0.2524648886708098 -1.0943171020263436 -0.09321745177948668
0.25940305192360286 -1.094521004891816 -0.08658154246835952
0.23128723242682528 -1.1012848920781733 -0.10324270684080725
0.23400157339612207 -1.0698563140873005 -0.11392899443730205
0.2210736759957185 -1.0755498885324968 -0.1140718920423312
0.20957410059167755 -1.0787606291070653 -0.10972805548356096
0.26751628745653255 -1.1186956424282877 -0.04259256118341775
0.2664403840021054 -1.1206482072560535 -0.05050989798048871
0.262421918114104 -1.1138480545231924 -0.07763249244254994
0.25180085674988845 -1.1143601520065478 -0.09118549480501391
0.24255619412734844 -1.1114310333046578 -0.09695271965103046
0.23145802893845446 -1.1183256818860625 -0.10087369974895555
0.23200391140631363 -1.1392576393064775 -0.10048040373385737
0.08710323807816116 -1.2412927667283224 -0.20275290281324476
0.08767187540092373 -1.2425327647874864 -0.20445560559829254
0.08955482198322313 -1.2434603758395621 -0.20567303889193653
0.05067027498901892 -1.2381967179304896 -0.17539190231236604
0.052289443717819795 -1.2357424812324052 -0.17737286687089737
0.04984041034944595 -1.2366362697930129 -0.17265540771760923
0.06990719877186521 -1.2464677291970716 -0.19559943148449524
0.13371274784398027 -1.2438359026173655 -0.20377411760974146
0.135538171630569 -1.2448819296922147 -0.20329851213229697
0.10915617716101993 -1.2455524362196515 -0.20675636665872674
0.06088048914189301 -1.2314183680105206 -0.16687392920600824
0.06664751625371718 -1.2292389093660108 -0.15154545549909496
0.07164915085545678 -1.2352441179716687 -0.16984078695751026
0.06489511710628192 -1.2397811162100263 -0.1781062230132301
0.06318537984632105 -1.2365515866617045 -0.17738839451721333
0.08340495309165964 -1.237364313123561 -0.1890105678084196
0.08272258846374136 -1.2344453528831718 -0.18536609924077974
0.07832830112416153 -1.2402890448280819 -0.19531476657106173
0.07921669878584763 -1.2340736121225686 -0.1837999597628412
0.07032543780704462 -1.2426273540388797 -0.18388217859804376
0.09698916937894492 -1.235176060832608 -0.19482738805487063
0.09464422953845339 -1.2360550679880358 -0.18981140640010977
0.1043095791513181 -1.2364971303102734 -0.19784304346754752
0.09718853243593728 -1.2433312240004077 -0.20354009022277939
0.12595603739920122 -1.2328763156900917 -0.19912622055056367
0.12066774996459365 -1.233346756273855 -0.19878790184943407
0.12088565717769903 -1.2313790675767435 -0.19284532350625025
0.14722308252030228 -1.2313262461413441 -0.19943225258849748
0.14470186749462285 -1.2352231967182483 -0.20218948208578014
0.15580961962375184 -1.231824720044809 -0.1949561040226034
0.1420001814234282 -1.2306596742216642 -0.1969726491590426
0.05361344734026894 -1.233793254210067 -0.17360645165844038
0.07095077455382483 -1.2276188035941804 -0.15494048384011352
0.08206114605290993 -1.2238767979852079 -0.15063649490565928
0.07918439569635068 -1.2285709317868099 -0.15913168670290548
0.06775133100605929 -1.2318015313026536 -0.14582900715368993
0.05427116197240491 -1.2348748173142907 -0.17759169177534986
0.05910737029821159 -1.2394336327916224 -0.17875037392952398
0.08105459337141549 -1.24428230306843 -0.16216468877022722
0.09762889873694164 -1.2450474832673903 -0.17660025451404388
0.09138665920451532 -1.243516924885761 -0.18043685124469475
0.09062321782159018 -1.240105574807332 -0.1825568180099276
0.07263145403692871 -1.2386883022516173 -0.19366165966035329
0.07158293913255147 -1.2413617796212557 -0.1972178250780958
0.09127017552394694 -1.2275859997726388 -0.16997188515630865
0.09096033613007021 -1.2313721850484005 -0.17803345701888554
0.08459650412580454 -1.2299633738296114 -0.16697603561721827
0.06864946542298406 -1.2438550963695307 -0.18949543518258333
0.08092417856614158 -1.236636617546412 -0.1695097584439721
0.08227831148743205 -1.2325410687643532 -0.1631558263038283
0.08972372525215574 -1.2404500184481522 -0.20434088849619064
0.08836415731418558 -1.2400030127432602 -0.19977007599776214
0.09838025781063044 -1.231692578023373 -0.18156087832758683
0.10403104500549804 -1.229499454854382 -0.18358609071306708
0.08585573082502372 -1.2447479672623487 -0.2011126101305364
0.09577243149521081 -1.2368688136751937 -0.1815464423171034
0.0936944325679906 -1.2391333405713951 -0.18585629179559632
0.09569621715753274 -1.2337762450218968 -0.1782757847618175
0.09379244171872696 -1.2414933331105458 -0.20465810148129043
0.11144772378121588 -1.2422416856123777 -0.19234497548828802
0.11708406263968045 -1.2432024074851813 -0.18894990994575583
0.11688165387498013 -1.2409498118152915 -0.2063677979946748
0.11265946086304925 -1.2432285000582852 -0.20762947793149464
0.13732138733289612 -1.240692225572746 -0.1927512477541418
0.12840918650582644 -1.241269159167086 -0.19915547510973272
0.11147259744883843 -1.2397156566819547 -0.20619253012558833
0.11084957205521473 -1.2387604140395365 -0.20381930283466887
0.12707938768976992 -1.228506162603904 -0.19058689677944085
0.1075969485380458 -1.2442816878366658 -0.20547085705604318
0.11753555119695318 -1.2346614445259372 -0.19364377803351318
0.15069845821170677 -1.2402961785176951 -0.19604291768188126
0.1366054094467052 -1.235910920197616 -0.20342527044285091
0.1355665440962343 -1.2357455505059678 -0.20183996538270665
0.14343066934223078 -1.2285043834165708 -0.19389144427336763
0.1466924296021909 -1.2284222137359397 -0.1959647447699776
0.1562029848249305 -1.2273311800709705 -0.1922787214802304
0.14022828126190273 -1.2330873259561617 -0.19554927508342268
0.1396569546737551 -1.2303188644575087 -0.19376933372689573
0.08728064425532436 -1.245654239773454 -0.20425152288732806
0.09116364792828979 -1.2475948403479156 -0.20442732456210386
0.06978833271307629 -1.2434199039260552 -0.19678783615510792
0.13359835434104256 -1.2385827489689527 -0.20354891444367734
0.13435982704321364 -1.240544887134242 -0.20486679260474078
0.10898333497378372 -1.2411807707057507 -0.20575121075685934
0.11025416374737068 -1.2423484485332434 -0.20714509527254693
0.05864975774724238 -1.23521579533588 -0.15577670471013658
0.0677019755415475 -1.2441253066669373 -0.1733665439636288
0.07810645881109181 -1.2453232917843413 -0.1955934425573195
0.07131844288223615 -1.239340208603432 -0.1835499078474943
0.10596026871500584 -1.242203618051495 -0.19656999015867285
0.11994205919705543 -1.2453758988438177 -0.20338219280686928
0.1092864738221702 -1.2401343126841755 -0.20274622076550664
0.13390825465193407 -1.2378407992494989 -0.2009019076803496
0.05206633307240003 -1.237324371343856 -0.16613250728128173
0.07872204916527614 -1.2346354962200043 -0.16428850535644324
0.0911220636282429 -1.2359414652854188 -0.18078814863961187
0.06896296931871752 -1.242302477988452 -0.1937495635032624
0.08710095149457636 -1.2428055975747887 -0.19742131006858485
0.09319676168668756 -1.2446973190725001 -0.20539213544085608
0.11693903110633447 -1.2324606358797554 -0.1899131304935804
0.11283165632853419 -1.2466179622611528 -0.20639177483069643
0.13168873133389752 -1.2337554409493265 -0.19815421526764007
0.1400455187403212 -1.2431390623227967 -0.20243116398307182
0.16635564021023694 -1.2290964552961055 -0.18715610927829177
0.19120268295916454 -1.0848620684876067 -0.08463306742796652
0.1901843574572118 -1.077018965414885 -0.0768327093044964
0.19270547999207377 -1.1126070944077073 -0.08944661900866836
0.19446197315673086 -1.0972476510283016 -0.0909230793224744
0.20009243406836966 -1.095617214094072 -0.09815446614901739
0.26325438269411483 -1.094196605010123 -0.08040943186823941
0.2665200521755835 -1.0933729697524879 -0.06984795157785964
0.25573278536446986 -1.0639578162612675 -0.10228761568704851
0.18915777312514317 -1.1058388210906984 -0.07731559893832723
0.19400316757875463 -1.071839167835716 -0.09419020477037804
0.19096412725655765 -1.1136685811412426 -0.06221727922674775
0.19289701726436606 -1.1252127212552008 -0.09287290369172453
0.18813094386754659 -1.12592128333779 -0.08633272206973905
0.19998852112837356 -1.1276486888845634 -0.0981989237875233
0.1933655997524331 -1.1376709774830398 -0.09699704859108531
0.185846815585361 -1.1257129564959507 -0.07901637060774974
0.18276262308375776 -1.1385426702752848 -0.0812945219503095
0.2529156949412374 -1.1373661421853927 -0.0905532579606692
0.24320688792220677 -1.1277074857717007 -0.09621642932406269
0.2604419038713797 -1.1508124165379892 -0.08191189159864183
0.25537398410828327 -1.1556902636995299 -0.08848533516985076
0.2620245648779094 -1.13475133206565 -0.07660523654574766
0.26457944608329353 -1.1424622599344176 -0.05947641581394551
0.26891194113921973 -1.1407707287382656 -0.046624471687437205
0.270183682338523 -1.1405324138574247 -0.03955256000431128
0.18013914177558948 -1.1548797611219357 -0.06706590638153156
0.17855417936847984 -1.1497349366052927 -0.08415985016348959
0.18074327391373798 -1.1522710687501525 -0.09363756500797314
0.17266606678502971 -1.1598057244072693 -0.08806965645271726
0.19733084554854732 -1.1483518846913252 -0.10273570415873956
0.18856210659066838 -1.1491178855162478 -0.09908382567252538
0.1836659809254509 -1.15875528128082 -0.10360230277584806
0.2087626226393049 -1.1230459572781712 -0.10095309391658712
0.2084757432359796 -1.136044285214072 -0.10204665168774893
0.20915762047755085 -1.1096152250347269 -0.1011996331028237
0.209316563424049 -1.0971736373132175 -0.10382210233397854
0.09834936478294173 -1.212620647218833 -0.1301000439668313
0.10037080552150082 -1.2132440057563523 -0.13933909071608294
0.09373260018023012 -1.2174467453538518 -0.1253472487796745
0.10828626648603842 -1.2079293047003423 -0.12031894757285232
0.10839275057509745 -1.2126788039454524 -0.1442499508134452
0.12077438980633805 -1.2039606219615024 -0.13471046308400011
0.11408717974131223 -1.216948468525604 -0.1562042000635696
0.13530394094262424 -1.2107943601727338 -0.15643639990308617
0.14852687616293198 -1.2150021169221525 -0.16780857513910927
0.15936579054343789 -1.2104237425283904 -0.1615424340126033
0.16115447655629841 -1.2200477529138587 -0.17890206866327943
0.17298038898122478 -1.21366822783906 -0.16473719795038577
0.17818098887933068 -1.2261192447339098 -0.1775907178703243
0.09337707872896803 -1.2236850487501032 -0.12042702022213735
0.18060458795197643 -1.23767675875773 -0.17551858232228032
0.11976208724637721 -1.2008174256634891 -0.12136188214974651
0.13165623748754074 -1.1962285410082576 -0.125771288987269
0.1347678764752685 -1.2000752323086863 -0.13785863190199565
0.14395025552422924 -1.2009304874511795 -0.14439797460858672
0.16631279121841475 -1.205823134171755 -0.1546596232838481
0.17728508990544378 -1.1943830268136424 -0.13981002277544258
0.17951892995623264 -1.2062198946662983 -0.15239598188338122
0.1958954907611424 -1.206650292851634 -0.14486669286689638
0.1915657061876356 -1.2145142529438087 -0.15527671161478168
0.20422396710905305 -1.2182289015762073 -0.14921646076796624
0.19345516089580128 -1.1911182165623915 -0.13253172692359996
0.20306042634320268 -1.1986318286983435 -0.13418554467156443
0.21280495936743213 -1.2017935448564814 -0.12965671435365325
0.23459953988439952 -1.2126553439618848 -0.11696424139685888
0.27218162680622937 -1.2092455942592637 -0.0799027444101791
0.27882945677169685 -1.2127816111253045 -0.07234794905116554
0.273359723829691 -1.2175860618299263 -0.0804141285282133
0.2568981327015439 -1.2007999248192984 -0.09117650544543106
0.23913861574206285 -1.2199119127869387 -0.1148724250996157
0.22970245320916308 -1.197514623063026 -0.11403557420319878
0.2377979698985443 -1.1923662546723346 -0.10497382378400459
0.2188798421059743 -1.1821167583880372 -0.1145193175145962
0.25347249766954094 -1.1907447670956617 -0.09107085931763285
0.24586797534537497 -1.1786654374198942 -0.0956784945182311
0.2674987751310236 -1.1867058913145532 -0.0744998093333773
0.2838163936358213 -1.210767542751738 -0.061943687893809114
0.28702888904221296 -1.2099118134431455 -0.053538152271243124
0.28635167236758297 -1.2186631063340885 -0.055164583663561466
0.2877903240495119 -1.2146845810253744 -0.04813193715646254
0.2857524312899914 -1.1998844575946535 -0.036297577953812526
0.28061583800450934 -1.1826432624853245 -0.051776716894486055
0.28585768225748565 -1.1962414269540529 -0.050419490084359246
0.28332233678854546 -1.1838965196833384 -0.040635398881870406
0.2815374732923797 -1.1878719954256323 -0.032294190614224665
0.11784340843551422 -1.204003407644351 -0.11213798189002723
0.12880451285277283 -1.1995398304945795 -0.1031137495858637
0.18817022407925066 -1.1817613119874235 -0.12594811220128926
0.17529582863541224 -1.1803004235922672 -0.12532872115177776
0.16743499177453985 -1.1767276697722262 -0.11882549387831334
0.1470124738927808 -1.182649494195182 -0.10976218868665431
0.1429454666000427 -1.1865008971983524 -0.10025374242936083
0.15670518392006016 -1.1754559955034263 -0.10041331155395153
0.15237396858186616 -1.1922096898215886 -0.08074921336106733
0.1407295887246508 -1.1946207662484438 -0.092611547481902
0.21785071577828322 -1.2291094535092746 -0.13930867982108808
0.1961594601859969 -1.2345411174371026 -0.16208571532265367
0.24127383825657442 -1.2258250832808588 -0.11203472621634471
0.26347694532753346 -1.2224489310358178 -0.08985151675856498
0.27668877924625906 -1.2270396792509068 -0.07261403396655654
0.177738292907616 -1.1664214231249226 -0.10914700379428936
0.18768433721839684 -1.167396675110468 -0.11329418961862438
0.16541532351429797 -1.168310948231456 -0.09316752998527414
0.1663037117076198 -1.1694845101192972 -0.08178576283357829
0.16962631331058492 -1.174660728033655 -0.07144800655316404
0.27259771859345755 -1.1544737578279578 -0.04375198964984025
0.27299395638869045 -1.1633186113260103 -0.05054383537962159
0.26698080352851616 -1.1538565524973334 -0.056781380959356274
0.258756104286562 -1.1767517965742873 -0.08278196282987536
0.2626166133945012 -1.1663877974663501 -0.07686175383581549
0.18001577905634328 -1.231811013186101 -0.17834635848447852
0.16796280502927466 -1.223115866535221 -0.18146354206363222
0.15185845452957786 -1.2185491740840282 -0.17565584064931242
0.13436406085426897 -1.2186168567390518 -0.17003252316905698
0.1114618959953868 -1.2219934948958708 -0.1664733471264157
0.09268542767954395 -1.221683729552596 -0.15371108648110066
0.08706823372624102 -1.2197757874439898 -0.1423343373697733
0.08426036905323223 -1.2215883407259114 -0.13540441484978208
0.07924086964169616 -1.228077629028914 -0.13492790677678665
0.21146824506529063 -1.170247383370966 -0.11236199798883531
0.22466676613764391 -1.1692482979710856 -0.10651530407730538
0.19911535933142904 -1.1696493178070677 -0.11502207605903501
0.20419014697353732 -1.158695662309906 -0.10798084854974788
0.23824795302353546 -1.168305810762413 -0.10025899365491305
0.2302039419542342 -1.1568600206410484 -0.10202033719620733
0.21879104540261132 -1.146450322543384 -0.10315763887838157
0.20743256791330755 -1.1474435549773963 -0.10369319233759829
0.14256491643513344 -0.8098136512718661 -0.10570578716805726
0.14828241965444194 -0.803558410640715 -0.11614688675819027
0.13423494811151948 -0.7925333341000188 -0.10307363727656109
-0.030266369147429664 -0.1571131056391458 -0.09617610196022373
-0.00962665547314702 -0.17998666664093196 -0.11016217985369216
-0.004067937279095453 -0.3218868850109839 -0.10840294547559763
0.07617268247264941 -0.6516080678959576 -0.11594701063863437
-0.004773709073830605 -0.2980228805974783 -0.10904094063755844
0.0035667144710756064 -0.3397388131123722 -0.11706990080804658
-0.028472769193116816 -0.0928452445866566 -0.09526043736186496
0.012013479082810528 -0.4399311797864355 -0.133374943682221
-0.007854496568999298 -0.20597225648196577 -0.10680444023853107
0.05060766508950586 -0.6059489316474578 -0.1153071225113408
0.008472096040405917 -0.4052985335419529 -0.13140803959665762
-0.0006840410145554081 -0.4034699422462029 -0.11814511726797322
-0.007823932557707223 -0.21978025617159433 -0.10647479530012995
-0.017975096320400848 -0.25323305251065864 -0.09045754218319134
0.034074305469644496 -0.14804339191053126 -0.12824742508290463
0.017360217564715192 -0.30024238359674993 -0.1326912879301078
0.05252034464756858 -0.4847960263171346 -0.1559196962734529
0.09688391405656471 -0.485011051379478 -0.16093874144549258
0.0725307123148381 -0.5811505429032844 -0.14622333577734467
0.08580906159945113 -0.6368825490779032 -0.1316569371491942
0.12302424023136949 -0.7710607988119551 -0.10671763925701763
0.1083635222809911 -0.7358196007978104 -0.11087993984318999
0.03184836645360999 -0.16435636929123734 -0.1278459102343806
0.016480678621882044 -0.37273440948955994 -0.13748064332248544
0.029183033952060466 -0.3678291892204442 -0.14480983074161854
0.043200871873415696 -0.3726076186555432 -0.15079345573165706
0.03018254027760393 -0.036231179556061616 -0.13348394757648369
0.041959616506996 -0.2916554990075117 -0.14355782626442745
0.01350738313544512 -0.26731449402323637 -0.12740293276734088
0.03412360718254387 -0.0770702975327865 -0.12567088166400564
0.035441668947972946 -0.09356011938226023 -0.12419156148360491
0.03336838872174405 -0.1903879353244483 -0.1256694878975613
0.06712552971651592 -0.5565231558646339 -0.15059192704488666
0.012048883536266477 -0.24277580553316092 -0.12394411340979879
0.14759362883447025 -0.7901560273988519 -0.1185833500991869
0.007928065096699096 -0.009697184695354633 -0.1292455628739956
0.008438626929434465 -0.025295830288993487 -0.1292844425223594
-0.021155222334615392 -0.041859495810657926 -0.10575717993452774
-0.017274639888721157 -0.026847228412160515 -0.11045907303970055
-0.008242413354424593 -0.04065436473983865 -0.11744675560939977
0.009721589640878379 -0.038017667473036275 -0.12815664022101642
0.02858831509052144 -0.02213919306608092 -0.13610381964678236
0.08928588877082277 -0.36108070737365316 -0.14822348882013775
0.06700470373447713 -0.34037892342056975 -0.1505081515942006
0.053014300248033754 -0.3521624068197662 -0.1513439738501793
0.18471802258943715 -0.31870290129646406 -0.03893351399799628
0.19277535362706588 -0.31535709472143153 -0.0037423708174313015
0.19024042751074524 -0.3042146263354376 -0.014424634595213558
0.14568401904852454 -0.3391401637599708 -0.10302200236078381
0.13424055420953057 -0.34562026800792944 -0.11863937698277577
0.12774721605108036 -0.36432164319138943 -0.12990088051278942
-0.005535798616744475 -0.40958373129073783 -0.10326640130024298
0.1610141011414206 -0.3380160778553244 -0.08202996640165564
0.006329070972601737 -0.37581487919904816 -0.12783054171998182
0.03319220539885335 -0.39944752133720524 -0.14909902392582666
0.10800893167246407 0.2553614529390701 -0.16854966824591117
0.17754259460191538 -0.3960882996075612 -0.06334825248863159
0.15513931475743153 0.06028926412729203 -0.03250516373091987
0.17542180902727045 -0.4624621852750406 -0.03372177025337864
0.2032332083705358 -0.5681499263211278 -0.045623345493812875
0.21787632233976914 -0.6819012447329345 -0.06420925090903373
0.23004367247705762 -0.7336404415044798 -0.09136346686026522
0.24854669672354893 -0.7790572346400717 -0.09983613253175568
0.2764548025677577 -1.0037855645583953 -0.0793650732999277
0.17679127901933736 -0.41019744494095783 -0.06244051291111299
0.1599143580208008 0.2733263210351712 -0.0964390174837924
0.14759806607295717 0.1529490498534471 -0.12815545183593102
0.14532314314023118 0.16951037220233406 -0.13569248821439728
0.12210342292712245 0.3713759720507513 -0.17270441370889603
0.19612038340458976 -0.5265588273321149 -0.06747570878726677
0.20630772682924783 -0.6221995112250089 -0.07586103344198891
0.268023938730415 -0.8509285335320814 -0.1067545701465481
0.2737253834882046 -0.91544546517167 -0.10443941087496231
0.11036468343444256 0.24122488416154542 -0.16549767063415446
0.15132779715035874 0.3221565090751393 -0.1197364837580752
0.09107590052387896 0.3175592002843485 -0.19904256442565949
0.13567529934937225 0.35003506081918523 -0.15961193441689892
0.14865639776862163 0.33122448812176347 -0.12664555600868127
0.0891064438967301 0.35494195639979637 -0.2156373096068015
0.14841237472813115 0.014876353383819867 -0.02257586911892135
0.15262184353832736 0.03919484811390471 -0.02753369776347926
0.14111572633012148 -0.18308292225674633 -0.00587674292945588
0.1328025206358698 -0.14937419171751276 -0.02830525698155144
0.14193052939333556 0.19168309797469704 -0.14147947891620213
0.15169913664259976 0.18755216198957933 -0.12938861202006077
0.08683238041721607 0.40471030957898946 -0.22464179557545916
0.14363809916073367 0.3360331687994637 -0.14990356376782948
0.18902901954823342 -0.33536717218081197 -0.02894292970393849
0.1770494737533644 -0.25141716591078644 -0.02504494023093397
0.17029159055042156 -0.2293676159172242 -0.026452929226597494
0.1604167479533455 -0.21234372965213502 -0.005907640696557063
0.1246456912614787 -0.10040076006196798 -0.029239104522798952
0.1897551681015577 -0.49543382503737843 -0.06541828344282999
0.2803208075630733 -0.8853758203800173 -0.08289334122099662
0.18491251982943713 -0.28786644127538974 -0.02451827806624314
0.1495565051276566 -0.18839394628730857 -0.029792034982643944
0.2681847001371072 -1.0591325995458938 -0.08781276828168882
0.263238056490837 -1.1303122003265753 -0.07026568099112605
0.26514474727534587 -1.114937315556549 -0.06343660229374172
0.28269185940721553 -1.2007214076204562 -0.059880159420435605
0.26751983120294576 -1.173244510342013 -0.06715365924791802
0.18858684466705508 -0.3156926849293345 -0.027171611711503754
-0.046369169167627386 0.09703115497540081 -0.08692739051171094
-0.018401625398490155 0.2564881894878053 -0.08935433150074719
-0.05750355740391724 0.07943107310746915 -0.07303267688930272
-0.03653946588853475 -0.04756932683501311 -0.09019754190805869
-0.041188550674648404 0.019797148191108588 -0.08538515271182624
-0.04029186640882568 -0.1725256899806694 -0.08557210903605665
-0.051425475829233666 -0.31225961610828556 -0.05084046004089867
-0.018429146204813448 0.2586015746686572 -0.08068474289152956
-0.0602035530822408 -0.13555305245629456 -0.0674900049120052
-0.0433192972672471 -0.3530589378972422 -0.06315752543048393
-0.04647532035764537 -0.29189311686378766 -0.05653593071680073
-0.030643997348235034 0.18575447534473816 -0.10107349654263596
-0.04065288072199993 -0.2082768982477815 -0.07651444251150477
-0.04318640086242341 -0.3903256806027008 -0.03643055252246869
-0.05105911303047418 -0.40277730079538654 -0.02520795489554048
-0.041597766287035536 -0.22920942609681244 -0.06745464078286163
-0.048353172771809484 -0.09071289842489111 -0.07805127285189617
-0.050867003183322185 -0.2639601468139206 -0.048352187330905017
-0.08817159312616271 0.43263080259253195 -0.07440088716585713
-0.07849079982851935 0.4364305748199889 -0.08405658628389732
-0.030872436122108018 0.2310402064352174 -0.08254098630383032
-0.018135744933685916 0.2516331134116439 -0.09736030149600942
0.0017996993816496978 0.2767108073049845 -0.125590679112748
0.006179864737666341 0.2721908295788571 -0.13031661841794248
-0.009205519311175577 0.2686821497417401 -0.10788860542786699
-0.047982726974426765 0.18863785111912637 -0.05814435861568904
0.15853792527681648 0.2627453315405006 -0.11267599191257753
0.07551201269126791 0.23650490094122628 -0.17496104164791249
0.06899986708787001 0.23524227223611527 -0.17305681834800035
0.0881835162854826 0.24455130239174555 -0.17420743007705877
-0.007853462774943362 0.04640904579527352 -0.12013782823369117
0.15796313625517186 0.2846961808360132 -0.09444721350401333
0.08258169816577186 0.23714017353319733 -0.17501353754082982
0.06026063666409609 0.23395933496459 -0.1687901461888948
-0.0014831851261015614 0.006476864923289149 -0.12260270327360741
0.05556097856437972 0.23569061074522293 -0.16577283602263043
-0.05028319976161739 0.15709886986089575 -0.07740995854773561
-0.04272089488032085 0.17656822329603872 -0.08569939599816273
0.023270740539672593 0.20027542636635542 -0.13201946392586136
0.024291690207529 0.18393013253836887 -0.13299085989540607
0.03216222455941173 0.17845430844171023 -0.1363936370938306
0.043773027739545826 0.1602665675942401 -0.14482428309688544
0.16059292295383462 0.22598208318668855 -0.09654126877347065
0.05210755059686905 0.15389328382921316 -0.1519968903419516
0.05647377965216458 0.15473475360900088 -0.1554333832921008
0.07727453868200591 0.15573980476825441 -0.1623941040689877
0.10151188317159056 0.1605200046743522 -0.16318965152400386
0.10954756161060392 0.16232553203759217 -0.16143539304217974
0.11738944502375291 0.16315644702627738 -0.15801786740839743
0.12388008804119263 0.175365073239891 -0.15596718715071933
0.13454038733303827 0.17024474562371741 -0.1474605230954251
0.15726272238345565 0.18824495918603323 -0.11935521554628353
0.16033599412559288 0.1882591071943976 -0.1097037112969924
0.15443005862512393 0.22920253796784035 -0.11949368321107773
-0.01516863132469818 0.14351862520728076 -0.11893289587053045
-0.02905847919120523 0.12421198021562403 -0.10793672761349479
-0.055343094866161985 0.16786271748708073 -0.051399462554691216
-0.053619559247171523 0.1843403992492146 -0.025808395208249964
0.11733848374630829 0.22313593262948922 -0.1609595912647871
0.13638631264503082 0.22235117636611548 -0.14560636963913773
-0.021937949460140948 0.20324177095111945 -0.10900639112775648
0.003016566330183703 0.3047461451468845 -0.11163177791828444
-0.0022592410704968488 0.27698667824737777 -0.11910233299240557
-0.004596323558698376 0.2413799992730526 -0.1212287941267935
-0.0005892036012037568 0.1936791264877983 -0.12475279542113586
-0.011593614697881513 0.26931044270826904 -0.09846446712519952
-0.01714360521446589 0.20528960042035493 -0.11352626809233551
-0.07878658119712265 -0.18536989801913514 -0.025971791008760535
-0.0691381339612915 0.13546414854831362 -0.02949381085716018
-0.07710505786303537 0.11059882709635606 -0.02433911295025528
0.13372785419253436 -0.21796200530365595 0.07427449889481758
-0.0772703063555221 -0.19419035747892557 -0.024753987117655873
-0.0649930680480794 -0.23125271811699163 -0.029214160008207913
-0.054890774414158815 -0.40679504980733167 -0.0198949612931053
-0.07510339513064987 -0.06588262240382678 -0.039293305370568805
-0.0745623347435279 -0.351805086268458 -0.031003118403287528
-0.07092098608133014 -0.3367081605610028 -0.030265827846851796
-0.07930794220583048 -0.04234150918159825 -0.01952871980779916
-0.06964385586241395 -0.023807977102150442 -0.047027075425597344
-0.07332236881376336 -0.0055845760374516745 -0.04372005501299649
3 695 696 697
3 1543 1542 2050
3 1986 2049 2047
3 2028 2048 2049
3 1582 430 572
3 2046 1582 572
3 1323 1582 2046
3 2045 1323 2046
3 571 2045 2046
3 1990 1991 2052
3 571 2044 2033
3 571 2032 2045
3 2030 2044 2042
3 2033 2044 2030
3 567 2030 2042
3 565 156 1046
3 2576 565 1046
3 2035 570 2039
3 2035 2039 2061
3 2032 571 2033
3 2041 2042 2043
3 1990 2011 1991
3 2056 2052 2051
3 2078 2047 2049
3 2058 2078 2049
3 2048 2058 2049
3 2056 574 2057
3 2051 2054 574
3 2056 2051 574
3 2054 2055 1994
3 2053 2055 2054
3 1991 2011 1546
3 2055 2053 573
3 560 573 2060
3 572 560 2060
3 430 560 572
3 1993 2040 573
3 1993 573 2053
3 2051 2053 2054
3 1992 2053 2051
3 2051 2052 1992
3 560 2055 573
3 156 2042 2041
3 433 156 2041
3 433 2041 2040
3 2024 2023 2026
3 319 2024 2026
3 2024 319 2025
3 276 2024 2025
3 548 2023 148
3 548 148 1957
3 1042 1040 1957
3 2022 1042 1957
3 2023 548 2026
3 154 1042 2022
3 2022 148 1031
3 2021 2022 1031
3 154 2022 2021
3 147 2021 1031
3 1274 154 2021
3 2020 1274 2021
3 150 1274 2020
3 147 2020 2021
3 148 2022 1957
3 419 2027 1544
3 1541 2027 2028
3 2028 2027 419
3 1554 433 2040
3 304 2039 570
3 2038 304 570
3 569 2038 570
3 569 1552 2038
3 1355 1356 2037
3 320 1355 1939
3 2035 2036 2037
3 2061 2036 2035
3 568 544 543
3 2034 568 543
3 568 2034 2036
3 568 2032 2033
3 568 2033 2031
3 2583 2031 2033
3 2030 2583 2033
3 566 1946 567
3 546 1946 566
3 566 565 2576
3 2050 2059 1989
3 564 2012 2059
3 2040 2060 573
3 2040 2041 2060
3 2070 1472 1474
3 2070 1474 1430
3 1470 374 575
3 2073 1470 575
3 395 1470 2073
3 2072 1467 1432
3 366 2072 1432
3 2072 366 1619
3 1474 1472 400
3 1438 1432 397
3 374 1438 2071
3 374 2071 575
3 373 1615 1448
3 1607 1448 1615
3 386 373 1448
3 363 1447 399
3 2070 363 399
3 1614 384 385
3 2071 1438 397
3 1472 375 400
3 372 373 1469
3 373 1601 1469
3 106 130 1884
3 2081 106 1884
3 576 2654 2084
3 2079 576 2084
3 2077 2076 1988
3 1997 2013 2075
3 2057 1997 2075
3 432 431 574
3 2054 432 574
3 432 2054 1994
3 422 432 1994
3 1617 1618 401
3 2074 1617 401
3 2072 1617 2074
3 2072 2074 1467
3 363 434 1447
3 363 1613 434
3 398 1601 1618
3 1601 398 1469
3 1607 1614 385
3 2020 147 1272
3 2069 386 1599
3 370 1497 2073
3 2064 1583 432
3 429 1583 2064
3 422 2064 432
3 429 2064 1553
3 1935 1550 421
3 428 2063 1550
3 421 1937 2062
3 1935 421 2062
3 397 371 2071
3 156 565 2042
3 1323 2045 2061
3 2039 1323 2061
3 2043 2042 2044
3 571 2043 2044
3 2043 571 2046
3 2060 2041 2043
3 2046 2060 2043
3 2060 2046 572
3 2045 2032 2061
3 371 2065 2071
3 2065 575 2071
3 575 2065 370
3 575 370 2073
3 2067 2068 1439
3 400 2068 2067
3 1481 376 1480
3 371 1481 1480
3 369 371 1480
3 1479 401 377
3 1474 400 2067
3 1486 1474 2067
3 389 1474 1486
3 1451 388 384
3 363 1451 384
3 1451 363 1430
3 389 1451 1430
3 386 1453 1600
3 1453 386 1448
3 390 1453 1448
3 2066 384 388
3 385 384 2066
3 401 2069 1599
3 1883 2082 2664
3 2019 2020 1272
3 284 2019 1272
3 1067 174 551
3 1971 1067 551
3 1970 1067 1971
3 2208 1970 1971
3 2207 1065 176
3 127 1062 550
3 1969 127 550
3 174 127 1969
3 181 553 1972
3 174 1969 551
3 1966 599 1967
3 2593 1966 1967
3 549 1966 2593
3 1085 1964 1087
3 164 1964 1085
3 192 1085 1087
3 1066 164 1085
3 167 1965 1964
3 549 1968 1966
3 1087 1964 1965
3 553 2211 1972
3 2211 2209 1973
3 324 1360 1981
3 324 1981 557
3 1980 1264 552
3 1062 1264 1980
3 1062 1980 550
3 183 1240 1979
3 183 1979 1975
3 1978 1112 1970
3 1972 2211 1973
3 207 1112 1978
3 207 1978 555
3 1976 1084 1977
3 176 1084 1976
3 1968 1976 1977
3 2207 176 1976
3 1974 183 1975
3 184 183 1974
3 184 1974 554
3 2208 1978 1970
3 164 167 1964
3 1963 526 340
3 340 526 1962
3 1038 1954 152
3 1953 2571 1954
3 1562 1954 1038
3 1954 1562 1952
3 1953 1954 1952
3 1577 1953 1952
3 1950 1952 1562
3 1951 1577 1952
3 2571 1955 1954
3 1950 1951 1952
3 1027 547 1949
3 1949 1951 1026
3 1027 1949 1026
3 547 1027 1564
3 317 547 1564
3 547 317 1948
3 1948 317 1844
3 1602 1948 1844
3 1951 1950 1026
3 1954 1955 152
3 1956 155 2650
3 155 1956 1040
3 1962 526 531
3 1962 531 1961
3 1866 1962 1961
3 340 1962 1866
3 1961 531 163
3 1961 163 1960
3 194 1961 1960
3 1866 1961 194
3 1960 1032 1958
3 163 1032 1960
3 1088 1960 1958
3 194 1960 1088
3 1032 148 2023
3 1958 1032 2023
3 2024 1958 2023
3 1958 2024 1959
3 1088 1958 1959
3 1956 1957 1040
3 548 1957 1956
3 1981 1360 556
3 1360 1361 556
3 1982 1983 558
3 543 1984 1939
3 2014 403 1500
3 1234 2014 1500
3 1235 2014 1234
3 268 1234 1500
3 1989 2077 1988
3 2653 2013 1995
3 559 2013 2653
3 1996 2653 1995
3 1235 315 2014
3 2653 1996 2012
3 564 563 2010
3 1545 2010 2009
3 2010 1545 2011
3 2659 2009 562
3 2009 2659 1545
3 2007 1406 2008
3 2006 2658 2007
3 2006 2007 2005
3 2010 563 2009
3 403 2014 1489
3 315 2015 2014
3 2014 2015 1489
3 1033 150 2019
3 2018 1033 2019
3 992 1033 2018
3 284 2018 2019
3 2018 284 1348
3 2017 2018 1348
3 992 2018 2017
3 117 2017 1348
3 993 992 2017
3 2016 993 2017
3 995 993 2016
3 117 2016 2017
3 2016 117 997
3 2015 2016 997
3 995 2016 2015
3 116 2015 997
3 1340 995 2015
3 315 1340 2015
3 2015 116 1489
3 2004 2006 2005
3 150 2020 2019
3 1039 2004 2003
3 2002 1035 2003
3 1993 2053 1992
3 1547 1993 1992
3 1992 2052 1991
3 1547 1992 1991
3 559 2011 1990
3 2050 1989 1988
3 1987 2049 1986
3 2028 2049 1987
3 2040 1993 1554
3 1541 2028 1987
3 1258 277 546
3 1985 1258 546
3 1259 1258 1985
3 1259 1985 1947
3 1603 1947 1985
3 1941 525 345
3 1984 1941 345
3 543 1941 1984
3 1987 1986 1252
3 560 430 422
3 430 2038 422
3 430 1582 2038
3 1035 2002 561
3 1036 1035 561
3 1034 1036 561
3 1036 1034 2001
3 1335 1036 2001
3 1337 1335 2001
3 1337 2001 2000
3 1492 1337 2000
3 1999 1492 2000
3 405 1492 1999
3 405 1999 1998
3 537 405 1998
3 1995 1997 2626
3 2013 1997 1995
3 139 1995 2626
3 1995 139 1996
3 422 1994 2055
3 560 422 2055
3 1582 304 2038
3 1035 1039 2003
3 1947 1602 1844
3 1341 1344 2082
3 2655 106 2084
3 1197 247 1196
3 250 256 2181
3 2181 255 1189
3 1188 2181 1189
3 250 2181 1188
3 2180 1183 1197
3 257 2180 1197
3 1228 1229 243
3 247 2163 1196
3 2179 1228 243
3 266 2179 1376
3 1186 2171 2178
3 2176 1186 2178
3 2177 2176 2178
3 331 2176 2177
3 2175 1224 1178
3 1185 1224 2175
3 245 2175 1178
3 266 1228 2179
3 1185 2175 2173
3 2163 258 1196
3 2182 1382 2183
3 1419 2189 602
3 204 2541 2189
3 2188 326 1363
3 2187 2188 1363
3 294 2188 2187
3 2185 2187 1363
3 2547 2187 2185
3 323 2186 2546
3 258 2163 332
3 2547 323 2546
3 1061 326 2184
3 1110 2184 2541
3 1061 2184 1110
3 204 1110 2541
3 1189 255 1383
3 1383 258 332
3 1379 1383 332
3 1189 1383 1379
3 323 2547 2185
3 244 2173 2175
3 246 2174 1221
3 2174 246 251
3 254 1194 2165
3 247 2165 2164
3 2163 247 2164
3 2162 2163 2164
3 332 2163 2162
3 253 2162 2164
3 2162 253 1190
3 1380 2162 1190
3 2165 1194 2164
3 332 2162 1380
3 248 2161 2159
3 1186 2159 1187
3 2159 1186 2160
3 249 2159 2160
3 1367 213 219
3 1132 1367 219
3 215 1367 1132
3 218 215 1132
3 2159 2161 1187
3 1194 253 2164
3 329 265 2166
3 2166 265 1230
3 1193 2174 251
3 1184 1185 2173
3 2172 1184 2173
3 2171 1184 2172
3 244 2172 2173
3 1174 2171 2172
3 2170 252 1191
3 1178 252 2170
3 251 2170 1191
3 246 2170 251
3 1380 252 1223
3 2169 1380 1223
3 2161 2169 1223
3 248 2169 2161
3 250 249 2167
3 2167 330 2168
3 2570 2167 2168
3 250 2167 2570
3 1382 2570 2168
3 2541 2542 2189
3 2189 2542 602
3 1386 2509 2549
3 1386 334 2509
3 2216 281 526
3 1963 2216 526
3 1981 556 2214
3 2213 1981 2214
3 557 1981 2213
3 557 2213 608
3 1980 552 410
3 2212 1980 410
3 281 2216 1851
3 550 1980 2212
3 1975 1979 2615
3 607 1975 2615
3 2230 1978 2208
3 555 1978 2230
3 1513 2230 2208
3 555 2230 606
3 1968 549 2122
3 1976 1968 2122
3 550 2212 411
3 527 2217 1306
3 295 1305 2217
3 2217 1305 1306
3 339 1850 2221
3 2221 166 1266
3 1397 2221 1266
3 339 2221 1397
3 145 1397 1266
3 201 1848 2616
3 1398 1399 1859
3 2220 1398 1859
3 339 1398 2220
3 338 2220 1859
3 282 339 2220
3 1003 1004 2219
3 2218 1003 2219
3 335 1003 2218
3 335 2218 1856
3 1312 1313 2674
3 1854 1312 2674
3 298 1312 1854
3 203 298 1854
3 2207 1976 2122
3 1367 214 196
3 607 1974 1975
3 2672 1974 2237
3 2197 604 2198
3 40 2197 2198
3 2196 2199 301
3 1280 191 2613
3 285 1280 2613
3 603 285 2613
3 285 603 2195
3 2193 2545 2194
3 604 2197 2196
3 2193 2194 2127
3 2128 597 2127
3 2191 2116 2192
3 2107 2108 2116
3 2190 2107 2116
3 2190 2116 2191
3 2190 586 2186
3 2190 2186 2107
3 323 2107 2186
3 597 2193 2127
3 39 2199 2197
3 2197 2199 2196
3 605 2200 603
3 2233 2209 2211
3 2209 2233 2210
3 1971 551 413
3 1971 413 1512
3 2208 1971 1512
3 1513 2208 1512
3 2206 1065 2207
3 552 1065 2206
3 552 2206 410
3 1969 550 411
3 2205 1969 411
3 551 1969 2205
3 551 2205 413
3 2215 599 2204
3 1506 2203 1505
3 605 2202 2201
3 2200 2201 2198
3 605 2201 2200
3 604 2200 2198
3 1974 607 2237
3 1344 2654 2082
3 2158 1367 196
3 213 2158 2151
3 36 2103 771
3 303 1309 2103
3 2094 290 1294
3 2248 2094 1294
3 579 2094 2248
3 1888 2248 1294
3 2102 2248 1888
3 2103 36 768
3 2103 1309 771
3 303 2103 768
3 1889 303 35
3 2102 2101 769
3 787 2102 769
3 2101 2102 1887
3 540 1889 35
3 580 2096 2668
3 1255 2096 580
3 2101 1837 766
3 303 768 35
3 769 2101 766
3 1263 2104 2105
3 279 2105 582
3 408 407 2109
3 1059 173 2227
3 2109 1059 2227
3 408 2109 2227
3 2112 582 588
3 2111 2112 588
3 1063 2112 2111
3 1063 2111 584
3 581 2105 2104
3 2110 583 2108
3 583 2110 2109
3 1059 2109 2110
3 1358 169 2108
3 2107 1358 2108
3 323 1358 2107
3 582 2106 588
3 2105 2106 582
3 581 2106 2105
3 169 2110 2108
3 29 2099 103
3 2098 2095 578
3 104 2095 2098
3 2245 29 758
3 785 959 1504
3 2088 785 1504
3 67 2088 1504
3 947 959 2092
3 2091 947 784
3 954 947 2091
3 2090 2240 944
3 94 960 2245
3 945 2090 944
3 852 2087 2241
3 2087 852 85
3 2240 888 65
3 944 2240 65
3 1045 2086 2085
3 157 2086 1045
3 1044 1045 2085
3 424 1044 2085
3 1611 34 66
3 1311 297 868
3 868 297 960
3 972 85 898
3 103 2098 578
3 2094 316 290
3 577 2094 579
3 1837 133 1109
3 2097 2625 2656
3 1257 2096 1255
3 2096 1257 540
3 2095 104 316
3 2095 316 2094
3 577 2095 2094
3 578 2095 577
3 30 760 103
3 901 701 91
3 759 701 901
3 840 2093 945
3 2093 840 850
3 2241 2093 850
3 852 2241 850
3 85 972 2087
3 407 2113 2109
3 2113 583 2109
3 407 2114 2113
3 2114 2115 2113
3 2150 195 1090
3 2149 2150 1090
3 1091 2149 1090
3 216 2147 2148
3 2147 216 2517
3 601 2147 2517
3 1118 2147 601
3 1121 1123 2146
3 195 2150 2151
3 2145 1121 2146
3 211 2145 197
3 2143 1095 2144
3 2143 2144 1119
3 1506 2140 2579
3 2579 599 2139
3 2203 2579 2139
3 1506 2579 2203
3 2121 2138 598
3 211 1121 2145
3 2149 1126 2150
3 2150 1126 2151
3 1126 213 2151
3 195 2151 2158
3 2567 327 2157
3 2156 2567 2157
3 212 2567 2156
3 220 212 2156
3 2155 1365 328
3 1125 2155 328
3 218 2154 215
3 2154 218 1129
3 2153 2154 1129
3 217 2153 1129
3 1127 211 197
3 1127 197 1094
3 196 1127 1094
3 214 1127 196
3 2152 1126 212
3 213 1126 2152
3 220 2152 212
3 213 2152 219
3 2137 594 2138
3 213 1367 2158
3 590 594 2137
3 2128 590 2136
3 2124 2118 2125
3 2124 2125 2544
3 2123 2124 2544
3 589 2123 2544
3 585 587 2543
3 585 2543 2120
3 549 2132 2238
3 2122 549 2238
3 2118 2119 2125
3 409 2122 2238
3 2106 581 585
3 2120 2106 585
3 588 2106 2120
3 581 587 585
3 587 581 2117
3 2115 583 2113
3 2108 583 2115
3 2108 2115 2116
3 2207 2122 409
3 591 2126 2194
3 590 2127 2126
3 2126 2127 2194
3 2128 2135 597
3 593 596 2192
3 2134 593 2192
3 2116 2134 2192
3 2115 2134 2116
3 592 2132 2133
3 2587 2133 595
3 592 2133 2587
3 2131 2587 595
3 594 590 2126
3 2130 594 2126
3 591 2130 2126
3 2130 591 2131
3 2114 407 2129
3 2115 2114 2129
3 2134 2129 592
3 2115 2129 2134
3 593 2134 592
3 590 2128 2127
3 590 2137 2136
3 2221 1850 166
3 1947 1603 1602
3 277 1945 546
3 1779 1782 514
3 1799 513 1786
3 1786 511 1798
3 1799 1786 1798
3 1778 509 1810
3 1781 1788 1818
3 1785 1818 512
3 1781 1818 1785
3 1782 1783 514
3 513 1785 512
3 1755 468 497
3 1745 1755 497
3 495 1755 1745
3 495 1742 1714
3 495 1714 1809
3 467 1776 1744
3 503 1766 1775
3 1766 503 1761
3 509 1807 510
3 505 1766 1761
3 511 1786 510
3 1786 1808 510
3 517 1794 1793
3 516 519 1793
3 1791 516 1784
3 1791 1784 1790
3 1799 1791 1790
3 511 1777 520
3 515 1789 1782
3 1779 515 1782
3 513 1808 1786
3 515 1779 1780
3 1781 1794 1780
3 1794 1781 1784
3 511 520 1798
3 1784 1781 1785
3 1790 1784 1785
3 513 1790 1785
3 1790 513 1799
3 513 512 1808
3 1794 515 1780
3 507 505 1765
3 1765 1763 1764
3 505 507 504
3 1760 1763 502
3 1757 502 1762
3 1762 503 501
3 1756 1762 501
3 1757 1762 1756
3 1761 1762 502
3 503 1762 1761
3 1758 1760 502
3 1763 1761 502
3 499 1760 1758
3 500 1768 1754
3 1746 1752 498
3 1747 1752 1746
3 1755 495 1809
3 1756 501 1743
3 1756 1743 1748
3 498 1756 1748
3 1757 1756 498
3 1757 1758 502
3 1763 505 1761
3 1760 499 1764
3 1760 1764 1763
3 505 504 1766
3 507 1772 504
3 1769 1770 1771
3 506 1769 1771
3 506 1771 1772
3 1771 1774 1772
3 1772 507 1765
3 506 1772 1765
3 1764 506 1765
3 506 1759 1769
3 1764 1759 506
3 1771 1770 500
3 1773 1771 500
3 1767 1773 500
3 1768 500 1770
3 1769 1768 1770
3 1768 1769 1759
3 499 1759 1764
3 1763 1765 505
3 1793 1794 516
3 517 1792 515
3 515 1792 1789
3 1794 517 515
3 1817 1681 466
3 469 1681 1817
3 469 1817 1809
3 455 1815 1816
3 1707 1816 1813
3 455 1816 1707
3 465 1707 1813
3 1815 1812 1814
3 1808 512 508
3 1816 1815 1814
3 1813 1816 1814
3 1660 1813 1814
3 456 1813 1660
3 522 1814 1812
3 522 1812 1811
3 1810 522 1811
3 509 522 1810
3 522 510 508
3 456 465 1813
3 508 512 1674
3 512 1818 1674
3 1818 1788 1674
3 1823 1824 1826
3 1654 1823 1826
3 470 1825 1827
3 1680 1683 1825
3 464 1824 1823
3 1822 1700 1823
3 477 1700 1822
3 1654 1822 1823
3 1712 1707 477
3 455 1707 1712
3 455 1712 1820
3 1668 1821 447
3 478 1821 1668
3 1650 1668 447
3 1696 455 1820
3 1673 1696 1820
3 1819 1696 1673
3 1663 1666 1664
3 478 1666 1663
3 509 510 522
3 1753 1747 1749
3 1660 1814 522
3 1660 508 456
3 1805 521 1802
3 1795 1800 1802
3 1800 1801 1802
3 1805 1802 1801
3 1798 520 1801
3 1798 1801 1800
3 1799 1800 1795
3 1798 1800 1799
3 1803 1804 518
3 519 1804 1803
3 1797 1803 1806
3 1796 1804 519
3 1795 1796 1791
3 1802 1796 1795
3 1791 1799 1795
3 1791 519 516
3 519 1791 1796
3 1784 516 1794
3 1797 519 1803
3 1804 521 518
3 1804 1796 521
3 1796 1802 521
3 514 1783 1682
3 1681 1783 1713
3 483 1713 1783
3 471 1715 1704
3 469 1809 1715
3 474 1691 1695
3 474 1741 1692
3 1787 1781 1780
3 1788 1781 1787
3 1779 1787 1780
3 1787 1779 514
3 1778 1777 1807
3 1808 508 510
3 511 1807 1777
3 1807 511 510
3 517 1797 1806
3 1797 517 1793
3 519 1797 1793
3 517 1806 1792
3 508 1660 522
3 1826 1824 1827
3 496 1753 1749
3 1753 496 1754
3 448 1662 1822
3 477 1822 457
3 448 1822 1654
3 465 477 1707
3 1706 1783 1681
3 1682 1783 1706
3 508 1674 456
3 452 1674 1788
3 1822 1662 457
3 1701 471 1704
3 1701 481 1705
3 1739 1701 1705
3 479 1701 1739
3 1656 1653 462
3 1656 462 1644
3 451 1656 1644
3 1702 1703 1652
3 1710 1703 1702
3 481 1701 1704
3 457 1710 1702
3 445 1708 436
3 476 1670 1709
3 459 1669 1716
3 1669 459 458
3 1714 1715 1809
3 466 1681 1713
3 1679 1713 483
3 466 1713 1679
3 477 457 1712
3 1689 1828 438
3 1708 440 482
3 1711 1689 438
3 463 1711 1699
3 1677 451 435
3 1677 435 1628
3 1710 1677 1628
3 436 1710 1628
3 482 1671 461
3 1671 482 1709
3 1670 1671 1709
3 463 1689 1711
3 1701 479 1722
3 471 1701 1722
3 1694 1722 480
3 472 1687 474
3 1686 1687 473
3 1741 1687 1686
3 474 1687 1741
3 1686 1685 1741
3 1680 1685 1686
3 1648 1685 1680
3 1740 1685 1648
3 1687 472 473
3 1684 1715 471
3 813 2679 814
3 1688 1683 473
3 453 1683 1688
3 1657 1788 1787
3 452 1788 1657
3 514 1657 1787
3 1657 514 1682
3 1825 470 1706
3 469 1715 1684
3 1683 1680 1686
3 473 1829 1688
3 1688 1829 453
3 478 1663 459
3 477 465 1676
3 1700 477 1676
3 464 1700 1676
3 1700 464 1823
3 1828 1690 1919
3 1828 1919 438
3 1672 463 1699
3 1629 1672 1699
3 462 1672 1629
3 462 1629 1698
3 1644 462 1698
3 451 1644 435
3 460 476 1697
3 476 460 1670
3 455 1696 1659
3 1692 1693 1646
3 1691 474 1692
3 1829 454 453
3 1649 1716 1669
3 1649 460 1716
3 478 1716 1821
3 1821 1716 447
3 1684 1647 1740
3 1693 1740 1647
3 1647 1684 471
3 1722 1647 471
3 1694 1647 1722
3 1722 485 1720
3 484 1722 1720
3 1722 484 487
3 1740 1693 1685
3 1739 485 479
3 1737 493 1729
3 1733 1737 1729
3 1736 493 1737
3 1730 493 1736
3 1735 1734 1736
3 1732 1735 1733
3 1733 1735 1736
3 1737 1733 1736
3 493 1738 1728
3 1685 1693 1741
3 1693 1692 1741
3 495 1743 1742
3 1757 498 1752
3 1752 1747 499
3 1758 1752 499
3 1757 1752 1758
3 500 1750 1751
3 1749 1747 1776
3 1745 1748 1743
3 498 1748 1745
3 495 1745 1743
3 1746 498 497
3 1759 1753 1754
3 1747 1753 1759
3 1768 1759 1754
3 1747 1759 499
3 497 498 1745
3 1744 1746 497
3 1747 1746 1744
3 468 1744 497
3 1747 1744 1776
3 1731 1732 1733
3 500 1754 1750
3 1729 1731 1733
3 491 494 1729
3 485 488 1720
3 1720 489 484
3 491 486 1719
3 1723 485 1739
3 1755 1809 1817
3 468 1755 1817
3 466 468 1817
3 436 1703 1710
3 1724 486 491
3 482 461 1703
3 1820 1702 1652
3 1702 1820 1712
3 457 1702 1712
3 1718 1484 441
3 353 1484 1718
3 353 1718 445
3 478 459 1716
3 1716 1717 447
3 1652 1703 461
3 486 1724 1723
3 1724 488 1723
3 488 1721 1720
3 493 1730 1738
3 1729 493 1728
3 1727 1726 1724
3 1729 1727 1724
3 491 1729 1724
3 1729 1728 1727
3 488 1726 1721
3 490 1721 1726
3 1725 490 1726
3 1725 1726 1727
3 1725 1728 492
3 1727 1728 1725
3 1726 488 1724
3 1719 494 491
3 489 1721 490
3 485 1723 488
3 487 480 1722
3 485 1722 479
3 1721 489 1720
3 494 1731 1729
3 1945 1946 546
3 1824 470 1827
3 1683 1827 1825
3 1910 1645 1911
3 1915 1645 1910
3 382 1910 1911
3 1915 1910 1445
3 1427 354 356
3 1909 1427 356
3 355 1427 1909
3 355 1909 1463
3 1426 1912 1908
3 1640 1426 1908
3 353 1640 1907
3 353 1907 349
3 1483 349 350
3 1906 1483 350
3 396 1483 1906
3 396 1906 1905
3 1482 393 1904
3 1482 1904 1899
3 1907 1640 1908
3 1424 1482 1899
3 1426 1643 1912
3 1643 383 393
3 1426 1640 444
3 353 445 1640
3 355 1637 1635
3 1637 355 1913
3 443 1637 1913
3 1911 443 1913
3 1633 439 1627
3 441 1633 440
3 1912 1643 393
3 1483 353 349
3 1445 1457 1914
3 1915 1445 1914
3 1913 355 1462
3 1911 1913 1462
3 382 1911 1462
3 1634 1461 439
3 396 1461 1634
3 441 396 1634
3 1914 1457 383
3 360 1424 1899
3 1475 351 1621
3 1428 1475 1621
3 1899 1624 360
3 1898 1624 1899
3 1904 1898 1899
3 1622 361 394
3 1897 1622 394
3 1897 394 1460
3 1620 352 402
3 1620 402 1488
3 364 1900 1892
3 1896 1620 1488
3 1895 1896 1447
3 1894 1895 1447
3 1893 1895 1894
3 1893 1894 1616
3 365 1893 1616
3 1434 365 1616
3 1431 364 1892
3 1891 1431 1892
3 1895 1620 1896
3 1904 1900 1898
3 364 1626 1900
3 1900 1626 1898
3 1462 1463 357
3 1465 1462 357
3 381 1462 1465
3 358 381 1465
3 1461 396 1905
3 1892 1456 1458
3 1456 1892 1900
3 1904 1456 1900
3 393 1456 1904
3 1903 1910 381
3 1458 1910 1903
3 358 1903 381
3 1621 1466 1902
3 357 1902 1466
3 1428 1621 1902
3 1901 1907 1424
3 350 1907 1901
3 360 1901 1424
3 350 1901 359
3 1642 437 1915
3 444 1916 1643
3 1916 1641 1643
3 443 1918 1636
3 1539 1936 1575
3 1937 421 1936
3 1539 1937 1936
3 1251 1934 534
3 275 1251 534
3 1343 533 1933
3 120 1933 2604
3 1931 1932 541
3 1936 421 427
3 209 1932 1931
3 208 209 1931
3 1349 283 280
3 1930 1349 280
3 988 1349 1930
3 988 1930 1924
3 1865 1268 1051
3 1268 1865 1871
3 280 1268 1871
3 404 1931 541
3 1938 427 320
3 427 1938 1936
3 321 1575 1938
3 1946 1945 1943
3 1944 1328 545
3 1943 1328 1944
3 1946 1943 1944
3 307 544 1942
3 1421 1942 545
3 307 1942 1421
3 544 307 1839
3 1941 544 1839
3 525 1941 1839
3 544 1941 543
3 1984 345 1407
3 1940 1984 1407
3 1939 1984 1940
3 320 1939 1940
3 1940 1407 321
3 1938 1940 321
3 320 1940 1938
3 1938 1575 1936
3 283 1268 280
3 365 1431 1891
3 1929 2678 2679
3 1239 1928 1929
3 1632 1638 1919
3 438 1919 1639
3 482 1917 1709
3 476 1709 1917
3 1918 1630 1639
3 437 1630 1918
3 1636 1918 1639
3 1699 437 1629
3 1919 1638 1639
3 444 1628 435
3 1627 1697 476
3 1917 1627 476
3 1718 441 440
3 1718 440 1708
3 445 1718 1708
3 1918 1645 1915
3 443 1645 1918
3 437 1918 1915
3 445 436 1628
3 1641 1916 1698
3 1916 444 435
3 436 1708 1703
3 1863 1114 1922
3 1114 1863 1869
3 1927 1114 1869
3 209 1114 1927
3 1868 1927 1869
3 1866 194 1926
3 163 531 1925
3 1925 1865 1051
3 163 1925 1051
3 987 988 1924
3 1923 987 1924
3 1922 987 1923
3 1863 1922 1923
3 1346 135 1920
3 1921 1346 1920
3 316 1346 1921
3 290 1921 1295
3 316 1921 290
3 1708 482 1703
3 1928 2678 1929
3 453 1827 1683
3 365 1891 358
3 1890 1429 1625
3 161 159 1049
3 1843 161 1049
3 158 1843 1049
3 1592 278 1259
3 1844 1592 1259
3 1350 1592 1844
3 1844 1259 1947
3 162 1843 1281
3 159 161 1594
3 158 1281 1843
3 1604 1605 313
3 311 1605 1604
3 1598 310 1596
3 1597 1598 1596
3 378 1598 1597
3 1455 307 1422
3 525 306 1845
3 313 1328 1943
3 162 1281 1846
3 312 545 1328
3 161 1331 1594
3 1845 1409 345
3 202 203 1853
3 1852 2217 527
3 295 2217 1852
3 295 1852 1395
3 1267 281 1851
3 1850 1267 1851
3 282 1267 1850
3 282 1850 339
3 525 1845 345
3 281 1849 526
3 1103 2616 1848
3 298 1103 1848
3 203 1103 298
3 1593 1594 314
3 1847 1593 314
3 278 1593 1847
3 1595 278 1847
3 1411 162 1846
3 2616 1103 1105
3 1595 310 1327
3 1842 1595 1327
3 311 1842 1327
3 1836 956 1835
3 1833 879 1838
3 524 74 1830
3 524 1830 1835
3 1834 524 956
3 523 956 1836
3 879 978 1838
3 1832 99 1833
3 1835 956 524
3 1838 978 523
3 473 472 1828
3 1689 463 454
3 1829 1689 454
3 1828 1689 1829
3 473 1828 1829
3 1672 1653 1658
3 454 1672 1658
3 463 1672 454
3 1828 472 1690
3 134 133 1887
3 133 2101 1887
3 1830 99 1835
3 1842 311 277
3 1477 274 160
3 1841 1477 160
3 309 1477 1841
3 309 1841 1840
3 1326 309 1840
3 1412 1326 1840
3 308 1326 1412
3 308 1412 1325
3 525 1839 306
3 1332 1250 1597
3 274 1250 1332
3 314 1332 1597
3 274 1332 160
3 1835 1832 1836
3 1836 2618 1838
3 1836 1838 523
3 1832 1833 2618
3 99 1832 1835
3 296 1853 2674
3 203 1854 1853
3 1853 1854 2674
3 336 1856 2537
3 1342 1494 1235
3 1494 1342 539
3 405 537 1318
3 405 1318 1882
3 1880 1334 1881
3 538 1881 537
3 1880 1881 538
3 536 1022 1333
3 1883 2639 984
3 1333 1334 1880
3 536 1333 2638
3 536 137 1022
3 1879 535 991
3 137 1879 991
3 536 1879 137
3 2663 1877 999
3 1874 2637 1873
3 2637 1874 981
3 2638 1333 1880
3 539 984 2639
3 984 539 1342
3 1885 130 1017
3 361 1429 1890
3 1890 1625 1498
3 394 1890 1498
3 361 1890 394
3 352 1425 1487
3 352 1487 402
3 303 1889 131
3 1319 131 132
3 303 131 1319
3 1887 1888 1019
3 2102 1888 1887
3 134 1887 1019
3 1886 1889 540
3 131 1889 1886
3 1257 1886 540
3 1886 1257 1885
3 1017 1886 1885
3 131 1886 1017
3 130 1885 1884
3 1875 2637 981
3 1429 360 1625
3 1876 2637 1875
3 1872 580 2656
3 1395 1863 1864
3 1861 1862 529
3 530 1862 1861
3 1963 1861 529
3 1860 2220 338
3 282 2220 1860
3 280 282 1860
3 1396 338 1859
3 338 1864 1924
3 1858 1396 1859
3 1399 1858 1859
3 1857 1393 1394
3 1856 1393 1857
3 528 1857 1394
3 335 1856 1857
3 2218 2219 1855
3 2218 1855 2537
3 1856 2218 2537
3 295 1396 1858
3 1863 1923 1864
3 1864 1923 1924
3 526 1849 531
3 1930 280 1860
3 1924 1930 1860
3 338 1924 1860
3 281 1871 1865
3 2678 1928 202
3 1853 2678 202
3 2678 1853 296
3 1395 1869 1863
3 1869 1395 1852
3 1868 1869 1852
3 527 1868 1852
3 1343 532 533
3 1867 1926 2577
3 1866 1926 1867
3 341 1867 2577
3 340 1866 1867
3 1849 281 1865
3 1849 1865 1925
3 531 1849 1925
3 1874 1873 1872
3 1680 1825 1706
3 1850 1851 166
3 335 1857 2222
3 2063 2574 1580
3 2566 1356 1580
3 569 570 2566
3 1549 1584 1578
3 1549 1578 1548
3 420 1951 1949
3 547 420 1949
3 420 547 2573
3 569 2566 2574
3 426 420 2573
3 1602 2573 1948
3 426 2573 1602
3 2574 2063 2584
3 1553 2574 2584
3 569 2574 1553
3 1951 420 1548
3 1577 1951 1548
3 2572 1253 418
3 2573 547 1948
3 138 2563 1536
3 2574 2566 1580
3 428 1550 2575
3 562 2582 2581
3 2580 1086 1982
3 192 1086 2580
3 2204 2580 1982
3 1977 192 2580
3 2579 2239 1967
3 2140 2239 2579
3 599 2579 1967
3 542 2575 1935
3 2578 2577 1926
3 194 2578 1926
3 2578 194 2555
3 1870 2578 2555
3 1246 2578 1870
3 534 1870 2555
3 426 1603 2576
3 426 2576 1046
3 2575 1550 1935
3 1246 2577 2578
3 2029 138 1536
3 2571 1953 2553
3 344 2571 2553
3 548 2564 2026
3 319 2026 1353
3 276 1959 2024
3 1959 276 1254
3 1089 1959 1254
3 1088 1959 1089
3 2563 1540 418
3 417 1540 2563
3 2026 2564 1353
3 2631 2563 418
3 2562 1249 1074
3 178 2562 1074
3 2562 178 1262
3 2554 2562 1262
3 175 2562 2554
3 279 2554 1262
3 2177 2560 1225
3 2560 2177 2178
3 140 417 2563
3 2564 2565 1353
3 548 1956 2564
3 2564 1956 2565
3 2570 1382 2182
3 256 2570 2182
3 2570 256 250
3 2160 1186 2176
3 2569 2160 2176
3 249 2160 2569
3 331 2569 2176
3 2167 2569 331
3 249 2569 2167
3 330 2167 331
3 1134 1135 263
3 2568 1134 263
3 220 1134 2568
3 220 2568 1150
3 2590 328 327
3 2567 2590 327
3 2149 2590 2567
3 212 2149 2567
3 1956 2650 2565
3 2582 2565 2581
3 2565 2582 1354
3 2582 318 1354
3 1541 276 2027
3 329 2591 1377
3 1382 2591 1381
3 1366 2557 2157
3 327 1366 2157
3 1124 1125 328
3 2590 1124 328
3 1091 1124 2590
3 1091 2590 2149
3 1382 2168 2591
3 1862 530 2141
3 529 1862 2589
3 193 2589 2141
3 529 2589 1965
3 1087 1965 2589
3 2131 595 2588
3 2588 598 2138
3 2130 2588 2138
3 2131 2588 2130
3 2589 1862 2141
3 2591 2168 1377
3 2168 330 1377
3 1227 331 2177
3 2133 2593 1967
3 2132 2593 2133
3 595 2133 1967
3 1867 1861 1963
3 530 1861 1867
3 340 1867 1963
3 341 530 1867
3 599 2580 2204
3 2580 599 1966
3 1977 2580 1966
3 1968 1977 1966
3 2592 596 2586
3 2194 2592 2586
3 2545 2592 2194
3 2183 1382 1381
3 2561 2183 1381
3 1229 265 1378
3 1227 1229 1378
3 331 1227 1378
3 594 2130 2138
3 2171 2560 2178
3 2131 591 2586
3 593 2587 2586
3 2032 2036 2061
3 544 568 2031
3 1942 2031 2583
3 544 2031 1942
3 545 1942 2583
3 1944 545 2583
3 1946 1944 2583
3 1946 2583 2030
3 2032 568 2036
3 567 1946 2030
3 565 566 2042
3 566 2576 1603
3 566 1603 1985
3 546 566 1985
3 2025 319 1352
3 1544 2025 1352
3 2025 1544 2027
3 276 2025 2027
3 566 567 2042
3 543 1939 2034
3 1939 1355 2034
3 1355 2036 2034
3 2587 593 592
3 591 2194 2586
3 2586 596 593
3 2585 2599 2125
3 2543 2599 2585
3 2119 2585 2125
3 2543 2585 2120
3 588 2120 2585
3 584 2585 2119
3 2585 584 2111
3 588 2585 2111
3 1581 429 1553
3 2584 1581 1553
3 428 1581 2584
3 428 2584 2063
3 1356 2035 2037
3 2035 1356 2566
3 570 2035 2566
3 2036 1355 2037
3 2587 2131 2586
3 2132 549 2593
3 1174 2560 2171
3 1374 1159 263
3 606 2231 2529
3 555 606 2529
3 1418 1419 602
3 1418 602 2522
3 347 1418 2522
3 2521 347 2522
3 1128 216 2148
3 1122 1128 2148
3 2231 556 2529
3 217 1128 1122
3 2530 1120 2146
3 1095 1120 2530
3 1123 2530 2146
3 1095 2530 2144
3 1361 2529 556
3 2529 1361 2520
3 555 2529 2520
3 207 555 2520
3 217 1122 2153
3 2528 528 1394
3 556 2231 2214
3 528 2528 2223
3 532 2535 2603
3 2534 110 109
3 2533 2534 109
3 690 2534 2533
3 690 2533 541
3 2532 242 1168
3 687 242 2532
3 241 2532 1168
3 119 2528 1306
3 2532 241 1180
3 687 2532 2496
3 1179 2496 1180
3 2213 2214 1516
3 2531 2213 1516
3 608 2213 2531
3 608 2531 2232
3 2528 1002 2223
3 119 1002 2528
3 2496 2532 1180
3 2527 2528 1394
3 1306 2528 2527
3 527 1306 2527
3 206 207 2512
3 2519 1152 1211
3 231 1152 2519
3 237 2519 1211
3 236 231 2519
3 1161 238 1169
3 2518 1161 1169
3 242 2518 1169
3 207 2520 2512
3 1167 238 1160
3 1167 237 1208
3 1144 1167 1208
3 227 1167 1144
3 1210 1144 1208
3 1372 229 1391
3 262 1372 1391
3 1372 262 1212
3 232 1372 1212
3 237 1167 1160
3 2520 1024 2512
3 1024 2520 1361
3 232 1153 1373
3 2526 2531 1516
3 2232 2531 2526
3 2232 2526 1517
3 2525 2189 1419
3 204 2189 2525
3 186 2525 1419
3 1081 333 1082
3 1082 272 1069
3 2524 2527 1394
3 527 2527 2524
3 337 2524 1394
3 2522 602 2523
3 2522 2523 2552
3 2521 2522 2552
3 689 2521 2552
3 1153 1151 1368
3 2501 1153 1368
3 1153 2501 2517
3 1373 1153 2517
3 532 2536 2535
3 1855 2535 2537
3 2536 2537 2535
3 2536 110 2537
3 534 2555 275
3 1983 1982 193
3 1983 193 2141
3 600 1983 2141
3 175 2112 1063
3 2112 175 2554
3 582 2112 2554
3 279 582 2554
3 2555 1254 275
3 1577 2553 1953
3 344 2553 1578
3 2552 2523 333
3 2552 333 1403
3 689 2552 1403
3 1402 689 1403
3 2551 2508 2509
3 689 2508 2551
3 334 2551 2509
3 2553 1577 1578
3 1254 2555 1089
3 2555 194 1089
3 2556 2155 1125
3 2249 2250 2183
3 2561 2249 2183
3 2559 239 1225
3 2559 1225 2560
3 1174 2559 2560
3 1218 2559 1174
3 1138 1139 239
3 2559 1138 239
3 223 1138 2559
3 223 2559 1218
3 1157 234 1216
3 222 1157 1216
3 235 222 1216
3 2558 1163 1139
3 221 1163 2558
3 222 2558 1139
3 1158 221 2558
3 2557 1374 1135
3 2157 2557 1135
3 689 2551 2521
3 1159 235 263
3 2550 2117 581
3 586 2550 2186
3 2541 1303 1384
3 2542 2541 1384
3 2523 2542 1384
3 602 2542 2523
3 2188 294 2540
3 326 2188 2540
3 2540 1303 2541
3 2184 2540 2541
3 587 2117 2191
3 326 2540 2184
3 2524 690 2539
3 1868 2524 2539
3 527 2524 1868
3 2534 690 337
3 2538 2534 337
3 110 2534 2538
3 110 2538 336
3 2537 110 336
3 690 2524 337
3 2117 586 2191
3 2191 586 2190
3 596 587 2192
3 343 2549 2509
3 2549 343 1401
3 2548 294 2187
3 273 294 2548
3 2547 2548 2187
3 1404 2548 2547
3 273 2548 1404
3 1263 1404 2547
3 2550 581 2104
3 2546 2550 2104
3 2186 2550 2546
3 1263 2546 2104
3 2546 1263 2547
3 2544 2125 2545
3 2544 2545 2193
3 589 2544 2193
3 597 589 2193
3 596 2543 587
3 2192 587 2191
3 586 2117 2550
3 1211 232 1212
3 260 1202 611
3 1202 2594 611
3 564 2059 563
3 2651 2652 1542
3 563 2652 2651
3 318 2651 1542
3 2651 318 2582
3 2009 2651 2582
3 563 2651 2009
3 562 2009 2582
3 2050 2652 2059
3 2007 2008 2581
3 2007 2581 2650
3 2005 2007 2650
3 2649 2005 2650
3 155 2649 2650
3 2004 2005 2649
3 2648 2004 2649
3 2003 2004 2648
3 155 2648 2649
3 2650 2581 2565
3 2003 2648 2647
3 2059 2652 563
3 1989 2059 2077
3 2654 1338 2083
3 1338 2654 1344
3 2654 2664 2082
3 2080 2664 2654
3 2654 576 2080
3 1997 2057 431
3 574 431 2057
3 2653 564 2010
3 2050 1542 2652
3 2012 564 2653
3 2653 2011 559
3 2056 2057 2075
3 1990 2075 2013
3 559 1990 2013
3 1546 2011 1545
3 2012 1996 2642
3 2059 2642 2077
3 2012 2642 2059
3 2011 2653 2010
3 2002 2003 2647
3 2646 2002 2647
3 561 2002 2646
3 2533 1490 541
3 2634 1490 2533
3 109 2634 2533
3 1236 1882 1318
3 1882 1236 1496
3 2640 1880 538
3 2640 538 2641
3 539 2640 2641
3 1490 404 541
3 1494 539 2641
3 1880 2639 2638
3 2639 1880 2640
3 539 2639 2640
3 1883 536 2638
3 2664 535 1879
3 536 2664 1879
3 1883 2664 536
3 2080 576 1878
3 1883 2638 2639
3 2004 152 2006
3 152 1955 2006
3 1955 2658 2006
3 149 561 2646
3 149 1034 561
3 2001 1034 2645
3 994 2001 2645
3 2000 2001 994
3 2000 994 115
3 1999 2000 115
3 2644 1999 115
3 1998 1999 2644
3 1998 2644 2643
3 537 1998 2643
3 538 537 2643
3 538 2643 2641
3 1996 139 1025
3 2642 1996 1025
3 2077 2642 1025
3 2075 1990 2052
3 2075 2052 2056
3 1955 2571 2658
3 2654 2083 2084
3 2083 2655 2084
3 2625 2097 1109
3 2097 2656 2668
3 1502 740 47
3 300 1502 47
3 766 1837 2657
3 45 766 2657
3 2668 46 45
3 2657 2668 45
3 2097 2668 2657
3 184 2671 2667
3 2668 2669 46
3 2667 23 182
3 66 804 2088
3 43 2088 804
3 1343 985 2536
3 532 1343 2536
3 1932 209 1927
3 1868 1932 1927
3 1932 1868 2539
3 541 1932 2539
3 184 2667 182
3 540 2669 2096
3 2096 2669 2668
3 540 35 2669
3 2677 2678 296
3 814 2678 2677
3 1064 2137 2226
3 2676 185 1076
3 25 185 2676
3 49 25 2676
3 49 2676 2675
3 812 2675 2199
3 49 2675 812
3 39 812 2199
3 48 18 2674
3 1313 48 2674
3 2674 18 1308
3 2202 605 2614
3 2673 2202 2614
3 2237 781 811
3 184 554 2671
3 2670 1506 810
3 2121 1506 2670
3 690 541 2539
3 2080 1878 1877
3 576 2666 1878
3 2079 2660 576
3 2660 2611 1876
3 1875 2660 1876
3 2660 1875 111
3 981 112 989
3 980 112 981
3 1875 981 989
3 2659 2581 2008
3 562 2581 2659
3 288 2661 983
3 1406 2659 2008
3 2572 428 2575
3 542 2572 2575
3 2571 344 1406
3 2658 2571 1406
3 2658 1406 2007
3 1536 2563 2631
3 138 140 2563
3 580 2668 2656
3 2572 418 428
3 108 983 2661
3 288 983 2624
3 107 2662 983
3 2666 999 1877
3 111 999 2666
3 1878 2666 1877
3 111 2666 2660
3 112 1000 998
3 989 998 999
3 112 998 989
3 111 989 999
3 2665 288 2624
3 112 2624 1000
3 1877 535 2664
3 2080 1877 2664
3 2663 535 1877
3 2663 2623 535
3 2622 2623 2663
3 2622 2663 998
3 2662 2622 998
3 107 2622 2662
3 983 2662 2624
3 2660 2666 576
3 2250 2594 1202
3 2079 1876 2611
3 1321 1876 2081
3 1106 1239 532
3 1239 1106 1928
3 2616 1105 688
3 2504 2616 688
3 2606 1077 1521
3 2610 2606 1521
3 1241 2606 2610
3 2617 2610 1521
3 1239 533 532
3 416 2610 2617
3 2609 1400 1242
3 342 1400 2609
3 198 2609 1242
3 2609 198 1389
3 2195 2609 1389
3 342 2609 2195
3 285 2195 1389
3 2602 1322 1108
3 1400 270 1242
3 132 2602 1108
3 2079 2611 2660
3 533 1239 1933
3 2613 271 2614
3 191 271 2613
3 605 2613 2614
3 2613 605 603
3 2195 603 2200
3 342 2195 2200
3 604 342 2200
3 342 604 2196
3 2604 1933 1107
3 1400 342 2196
3 130 106 2600
3 2084 106 2081
3 2084 2081 2079
3 2081 1884 1321
3 1240 1973 2612
3 2209 2612 1973
3 1240 2612 1979
3 1933 1239 1107
3 301 1400 2196
3 298 2608 1416
3 2608 298 1848
3 201 2608 1848
3 2599 2592 2545
3 596 2592 2599
3 2125 2599 2545
3 596 2599 2543
3 679 659 2598
3 659 679 2477
3 2387 659 2477
3 2598 674 2443
3 106 105 2600
3 681 674 2598
3 2444 675 2434
3 2446 675 2444
3 674 2444 2434
3 2444 674 2597
3 2258 2390 2595
3 659 2390 2475
3 2595 2259 2596
3 2258 2595 2596
3 679 2598 2443
3 980 2620 112
3 112 2620 2621
3 123 2601 2620
3 2601 2607 1292
3 123 2607 2601
3 270 2606 1241
3 2606 270 1078
3 1077 2606 1078
3 2605 1973 1240
3 200 2605 1240
3 1107 1108 2604
3 120 2604 1001
3 532 2603 1106
3 2603 688 1105
3 1106 2603 1105
3 2608 201 1102
3 200 2608 1102
3 1416 2608 200
3 2602 1001 1322
3 105 1001 2602
3 105 2602 2600
3 2620 2601 2621
3 607 2615 2210
3 2210 2615 2209
3 1979 2612 2615
3 2615 2612 2209
3 404 1232 1501
3 1931 404 1501
3 208 1931 1501
3 1406 1405 2659
3 1338 1344 267
3 1338 267 1491
3 109 985 2634
3 2634 120 1016
3 1232 404 1490
3 1286 1336 2633
3 1284 2628 1286
3 1006 302 1333
3 137 1006 1333
3 1006 137 125
3 537 1317 1318
3 1317 537 1881
3 1334 1317 1881
3 302 1317 1334
3 2628 1336 1286
3 1286 2633 1496
3 2633 2635 1496
3 1496 2635 1882
3 1321 1320 2636
3 2637 1321 2636
3 1873 2637 2636
3 1321 2637 1876
3 1872 2636 1256
3 2636 1872 1873
3 1256 1255 580
3 1256 580 1872
3 141 1546 1405
3 1546 141 1547
3 1991 1546 1547
3 1540 417 429
3 1540 429 1581
3 428 1540 1581
3 418 1540 428
3 1583 1537 1997
3 417 1537 1583
3 431 1583 1997
3 417 1583 429
3 287 2632 2627
3 1876 2079 2081
3 2632 287 151
3 153 2632 2629
3 1290 2622 982
3 107 982 2622
3 2621 2665 2624
3 2601 2665 2621
3 112 2621 2624
3 2620 980 1018
3 123 2620 1018
3 2619 79 867
3 1290 2623 2622
3 866 2619 867
3 879 99 963
3 879 963 2619
3 1838 2618 1833
3 1832 2618 1836
3 2235 2617 607
3 416 2617 2235
3 1316 201 2616
3 1316 2616 2504
3 79 2619 963
3 2662 1000 2624
3 2634 1016 2630
3 1015 1016 1001
3 1536 2631 1253
3 1491 2630 1338
3 124 1338 2630
3 1872 2656 2625
3 152 153 2629
3 1038 152 2629
3 1284 2627 2628
3 2627 1284 287
3 140 139 2626
3 2626 1997 1537
3 417 2626 1537
3 140 2626 417
3 125 991 2623
3 1291 125 2623
3 1290 1291 2623
3 1005 124 1015
3 1015 1001 1005
3 1874 1872 2625
3 1018 1874 2625
3 2629 2632 151
3 122 335 2222
3 601 2517 2501
3 2516 2530 1123
3 648 2341 2340
3 2294 2340 2337
3 648 2340 638
3 2291 2338 2339
3 649 2338 2337
3 2294 2337 2338
3 2335 2345 2336
3 2292 618 650
3 2340 2341 2337
3 636 618 2292
3 2333 2363 2290
3 646 2363 2333
3 646 2333 634
3 2288 2331 649
3 2331 2288 2289
3 2290 2331 2289
3 645 2331 2290
3 2329 2347 2330
3 2363 645 2290
3 2329 2330 2289
3 2341 649 2337
3 616 2344 2307
3 624 623 2351
3 622 2302 2350
3 622 2350 2277
3 2275 2349 2299
3 621 2349 2275
3 2329 647 2326
3 2348 2329 2326
3 2347 2329 2348
3 2342 2266 2343
3 2348 2326 2273
3 2332 2347 2273
3 2335 650 618
3 2346 2335 618
3 2345 2335 2346
3 617 2345 2346
3 616 2270 2344
3 643 2344 2360
3 2344 643 2307
3 2347 2348 2273
3 647 2329 2289
3 2327 2328 631
3 2325 632 2326
3 2312 2313 2310
3 627 2312 2310
3 2310 640 2308
3 627 2310 2308
3 2308 644 2309
3 2282 2308 2309
3 627 2308 2282
3 2280 2282 2309
3 2313 640 2310
3 625 2307 2306
3 626 2306 643
3 2304 623 2305
3 642 2304 2305
3 2304 642 2303
3 2307 2281 624
3 625 2281 2307
3 616 2307 624
3 2278 2277 2301
3 643 2306 2307
3 628 2314 2284
3 2284 2314 2315
3 2314 2264 2315
3 647 2325 2326
3 2323 2353 630
3 646 2323 630
3 2323 646 2324
3 2322 2362 2266
3 2287 2362 2322
3 2314 2322 2266
3 628 2322 2314
3 2321 644 2316
3 2319 2321 2316
3 642 2321 2319
3 2285 2319 2316
3 2319 2285 2320
3 642 2319 629
3 628 2317 645
3 2317 628 2284
3 2316 2317 2284
3 644 2317 2316
3 2285 2316 2284
3 623 2304 2351
3 2352 627 626
3 627 2352 2312
3 2320 2315 2361
3 260 611 2375
3 1203 2375 610
3 260 2375 1203
3 1204 1203 610
3 2252 611 2594
3 2373 2252 2594
3 653 2371 2372
3 2371 653 2370
3 261 2254 2255
3 654 2371 2370
3 2345 2356 2336
3 637 2356 2345
3 617 637 2345
3 2293 2291 2339
3 2293 2339 2367
3 635 2293 2367
3 618 2366 2272
3 2366 618 636
3 2368 2371 654
3 261 1206 2254
3 2254 1206 610
3 1206 1204 610
3 2376 2383 652
3 654 2383 2376
3 2381 656 2382
3 2379 2381 2382
3 653 2381 2379
3 657 2379 2382
3 2379 657 2380
3 2370 2379 2380
3 653 2379 2370
3 654 2370 2380
3 2377 2371 2368
3 2372 2371 2377
3 259 2377 2368
3 2377 259 1201
3 1200 2377 1201
3 2372 2377 1200
3 2368 654 2376
3 2376 652 651
3 2368 2376 2369
3 2347 2355 2330
3 2300 2278 2301
3 2332 2355 2347
3 2365 649 2341
3 2298 640 2313
3 2358 2298 2313
3 619 2298 2358
3 641 2358 2313
3 2358 641 622
3 2276 2358 622
3 619 2358 2276
3 621 2357 2349
3 623 2279 2305
3 2269 2357 621
3 2340 2336 2356
3 2355 2333 2290
3 634 2333 2355
3 2330 2355 2290
3 2328 2354 632
3 631 2328 632
3 630 2353 2287
3 2315 2320 2285
3 2336 2340 2294
3 2280 2359 2279
3 2279 2359 2305
3 2359 642 2305
3 2288 649 2365
3 648 2365 2341
3 2365 648 631
3 2364 2326 632
3 628 645 2363
3 2363 646 630
3 2286 2363 630
3 628 2363 2286
3 2266 2362 2343
3 2264 2361 2315
3 2318 2361 2264
3 2311 2283 2352
3 2360 2311 2352
3 626 2360 2352
3 2360 626 643
3 2309 644 2321
3 2359 2309 2321
3 2280 2309 2359
3 642 2359 2321
3 633 2355 2332
3 2383 655 652
3 620 2278 2300
3 2300 615 2268
3 1506 2121 2140
3 2140 598 2588
3 2239 2140 2588
3 595 2239 2588
3 2239 595 1967
3 2132 592 2129
3 2238 2132 2129
3 407 2238 2129
3 598 2140 2121
3 2238 407 1508
3 2138 2226 2137
3 2121 2226 2138
3 1521 742 780
3 2236 1521 780
3 781 2236 780
3 2236 781 2237
3 2237 607 2617
3 2236 2237 2617
3 409 2238 1508
3 2236 2617 1521
3 888 2240 2100
3 829 908 2244
3 2248 44 579
3 579 44 2247
3 2242 915 696
3 943 2 42
3 2246 943 42
3 96 943 2246
3 96 2246 932
3 874 932 2246
3 829 2244 828
3 2245 2099 29
3 960 297 2245
3 2246 42 783
3 874 2246 783
3 783 697 81
3 873 783 81
3 874 783 873
3 908 694 692
3 2244 908 692
3 297 2099 2245
3 607 2210 2235
3 1518 1519 2511
3 2233 1518 2511
3 1511 410 2206
3 1509 1511 2206
3 2207 1509 2206
3 1509 2207 409
3 2226 2121 2670
3 778 2226 2670
3 2225 1963 529
3 2216 1963 2225
3 411 1510 173
3 2225 529 1965
3 2216 2225 1231
3 167 1231 1965
3 2224 1858 1399
3 295 1858 2224
3 113 2224 1399
3 295 2224 1304
3 1857 528 2223
3 2222 1857 2223
3 1231 2225 1965
3 1511 2227 1510
3 1510 2227 173
3 1511 408 2227
3 2232 1518 2233
3 2232 2233 2234
3 608 2232 2234
3 2231 1515 1516
3 415 1515 2231
3 2214 2231 1516
3 415 2231 606
3 1514 415 606
3 2230 1514 606
3 414 1514 2230
3 414 2230 1513
3 1512 412 172
3 2229 1512 172
3 414 1512 2229
3 205 414 2229
3 2205 411 173
3 2228 2205 173
3 412 2205 2228
3 412 2228 172
3 44 2248 787
3 2248 2102 787
3 2251 611 2252
3 611 2251 2375
3 631 632 2325
3 2325 647 2288
3 2365 2325 2288
3 631 2325 2365
3 2286 2287 2322
3 630 2287 2286
3 628 2286 2322
3 2284 2315 2285
3 647 2289 2288
3 2280 625 2306
3 626 2282 2306
3 627 2282 626
3 623 624 2281
3 2279 623 2281
3 625 2279 2281
3 2279 625 2280
3 2276 2277 2278
3 622 2277 2276
3 2282 2280 2306
3 2289 2330 2290
3 650 2291 2292
3 636 2292 635
3 639 2299 2486
3 2299 639 2275
3 2297 640 2298
3 2296 2297 2298
3 639 2297 2296
3 619 2296 2298
3 639 2296 2275
3 2295 2300 2268
3 620 2300 2295
3 2269 2295 2268
3 2295 2269 621
3 2274 2295 621
3 620 2295 2274
3 2335 2336 2294
3 2338 2335 2294
3 650 2335 2338
3 650 2338 2291
3 2292 2293 635
3 2291 2293 2292
3 620 2276 2278
3 615 2300 2301
3 2276 620 619
3 2274 621 2275
3 2260 2252 613
3 2385 2260 613
3 2386 2260 2385
3 613 2252 2373
3 2259 613 2373
3 2374 2259 2373
3 613 2259 2389
3 2595 2389 2259
3 2252 2260 2251
3 2256 2372 1200
3 2255 2256 1207
3 261 2255 1207
3 2254 610 609
3 2253 2254 609
3 2255 2254 2253
3 2255 2253 612
3 609 610 2375
3 2251 609 2375
3 2256 1200 1207
3 2386 2261 2260
3 2260 2261 2251
3 2261 609 2251
3 2296 2274 2275
3 619 2274 2296
3 2273 2326 2364
3 2346 618 2272
3 2271 2346 2272
3 617 2346 2271
3 2267 2269 2268
3 615 2267 2268
3 2265 2314 2266
3 2264 2314 2265
3 2265 2266 2342
3 2318 2264 2342
3 2253 609 2261
3 2262 2253 2261
3 612 2253 2262
3 2386 2262 2261
3 2262 2386 2263
3 614 2262 2263
3 612 2262 614
3 619 620 2274
3 216 1373 2517
3 655 2383 2384
3 2383 2380 2384
3 2406 2486 2417
3 2486 2406 2485
3 639 2486 2485
3 2485 2406 2404
3 2484 2485 2404
3 639 2485 2484
3 2405 2484 2404
3 2484 2405 2483
3 677 2440 2488
3 2297 2484 2483
3 640 2297 2483
3 2482 644 2308
3 2483 2482 2308
3 2410 2482 2483
3 640 2483 2308
3 2410 2483 2408
3 2405 2408 2483
3 2317 644 2482
3 639 2484 2297
3 645 2317 2482
3 672 2487 2440
3 2487 686 2488
3 2263 658 2492
3 2493 2263 2492
3 614 2263 2493
3 686 2493 2492
3 2488 686 2492
3 2491 2488 2492
3 677 2488 2491
3 658 2491 2492
3 2440 2487 2488
3 2491 658 2442
3 2490 686 2487
3 2489 2490 2487
3 663 2490 2489
3 672 2489 2487
3 2489 672 2455
3 2469 2489 2455
3 663 2489 2469
3 2456 2469 2455
3 677 2491 2442
3 2482 2410 2481
3 645 2482 2481
3 2331 645 2481
3 2449 2474 2473
3 2473 660 682
3 2451 2473 682
3 2449 2473 2451
3 661 2472 2393
3 2472 661 2471
3 685 2472 2471
3 2471 661 2396
3 2474 2475 2473
3 2470 2471 2396
3 662 2470 2396
3 2470 662 684
3 2460 2470 684
3 685 2470 2460
3 2399 663 2469
3 2468 2399 2469
3 662 2399 2468
3 2456 2468 2469
3 685 2471 2470
3 659 2475 2598
3 2475 681 2598
3 2475 2474 681
3 649 2331 2481
3 2480 2481 2412
3 649 2481 2480
3 2338 649 2480
3 2414 2338 2480
3 2339 2338 2414
3 2339 2414 2479
3 2367 2339 2479
3 2367 2479 2416
3 2478 2367 2416
3 635 2367 2478
3 2334 2478 2418
3 2442 658 2388
3 2476 2442 2388
3 678 2442 2476
3 2387 2476 2388
3 2476 2387 2477
3 679 2476 2477
3 2474 2449 681
3 658 2263 2386
3 663 2397 2490
3 656 2494 2397
3 2397 2494 2490
3 2235 2511 1519
3 2210 2511 2235
3 416 2235 1519
3 688 2219 2504
3 1004 2504 2219
3 2234 2233 2211
3 2510 2234 2211
3 608 2234 2510
3 2210 2233 2511
3 553 2510 2211
3 608 2510 2506
3 557 608 2506
3 2505 343 2509
3 2508 2505 2509
3 1402 2505 2508
3 1402 2508 689
3 1118 601 2507
3 181 2506 553
3 2510 553 2506
3 121 122 1023
3 122 2222 1023
3 2222 118 1023
3 2144 2530 2516
3 2148 2516 1123
3 2516 2148 2147
3 1118 2516 2147
3 2144 2516 1118
3 2145 2146 188
3 2515 2145 188
3 197 2145 2515
3 197 2515 1092
3 2514 1403 1081
3 190 1403 2514
3 188 2514 1081
3 2526 1516 186
3 2513 2526 186
3 1517 2526 2513
3 1417 1517 2513
3 118 2512 1024
3 119 206 2512
3 2222 2223 118
3 2506 181 2499
3 2468 2456 2457
3 557 2506 2499
3 2219 2535 1855
3 1362 2500 1097
3 347 2500 1417
3 2499 181 129
3 2499 129 1011
3 324 2499 1011
3 121 324 1011
3 129 2498 1012
3 2498 1316 1012
3 347 2503 2500
3 687 2497 242
3 2495 687 2496
3 1222 2495 2496
3 1179 1222 2496
3 2401 614 2493
3 2494 2401 2493
3 656 2401 2494
3 686 2494 2493
3 2494 686 2490
3 687 2495 2497
3 2500 2503 1097
3 2503 199 1097
3 231 1370 1151
3 2603 2535 2219
3 2603 2219 688
3 416 1519 1520
3 325 1520 1519
3 1083 189 343
3 2505 1083 343
3 190 1083 2505
3 190 2505 1402
3 2504 1004 1012
3 1316 2504 1012
3 2551 334 1387
3 2503 2551 1387
3 2521 2551 2503
3 199 2503 1387
3 2521 2503 347
3 2500 1362 325
3 2502 2500 325
3 1417 2500 2502
3 1417 2502 1517
3 324 557 2499
3 654 2380 2383
3 684 2468 2457
3 2435 2467 2466
3 2423 2415 2413
3 2480 2413 2414
3 2422 2413 2412
3 2480 2412 2413
3 2422 2412 2411
3 2481 2411 2412
3 2421 2422 2411
3 2410 2411 2481
3 2413 2415 2414
3 2421 2411 2410
3 2408 2409 2410
3 665 2409 2408
3 665 2408 2405
3 2406 664 2407
3 2404 2406 2407
3 665 2404 2407
3 2404 665 2405
3 2402 653 2372
3 2409 2421 2410
3 2403 2402 2372
3 2415 2479 2414
3 2479 666 2416
3 2424 2426 2425
3 666 2425 2427
3 2425 666 2415
3 2423 2425 2415
3 2423 2424 2425
3 670 2424 2423
3 670 2423 2413
3 2422 670 2413
3 2479 2415 666
3 669 2422 2421
3 2420 2421 2409
3 2419 2420 2409
3 668 2420 2419
3 665 2419 2409
3 2464 2418 2478
3 667 2464 2478
3 2417 664 2406
3 2416 667 2478
3 2420 669 2421
3 612 2402 2403
3 2403 2372 2256
3 612 2403 2256
3 655 661 2393
3 655 2393 2378
3 2392 660 2473
3 2391 2392 2473
3 2257 2392 2391
3 2475 2391 2473
3 2391 2475 2390
3 2258 2391 2390
3 657 2394 2384
3 2257 2391 2258
3 2389 2595 2390
3 659 2389 2390
3 2387 2389 659
3 2385 2387 2388
3 613 2387 2385
3 658 2385 2388
3 2385 658 2386
3 2380 657 2384
3 2387 613 2389
3 2384 2394 655
3 2394 661 655
3 661 2394 2396
3 2255 612 2256
3 2402 612 614
3 2400 2402 614
3 653 2402 2400
3 2400 614 2401
3 2381 2400 2401
3 653 2400 2381
3 656 2381 2401
3 2399 662 2395
3 2398 2399 2395
3 663 2399 2398
3 657 2398 2395
3 2398 657 2382
3 2397 2398 2382
3 663 2398 2397
3 656 2397 2382
3 2395 662 2396
3 2394 2395 2396
3 657 2395 2394
3 2425 2426 2427
3 666 2427 2416
3 2426 2428 2427
3 2427 2428 2416
3 684 2457 669
3 670 2457 2456
3 2424 670 2456
3 2455 2424 2456
3 2424 2455 2429
3 672 2429 2455
3 664 683 2454
3 2453 664 2454
3 670 2422 2457
3 668 2453 2454
3 2407 2453 2419
3 664 2453 2407
3 665 2407 2419
3 2450 2449 2451
3 680 2450 2451
3 2451 682 2452
3 680 2451 2448
3 2597 2449 2450
3 2453 668 2419
3 2457 2422 669
3 668 2458 2420
3 2420 2458 669
3 675 2467 2435
3 676 2435 2466
3 2437 2466 2465
3 676 2466 2437
3 2437 2465 2463
3 671 2437 2463
3 2464 667 671
3 2463 2464 671
3 2472 685 2461
3 2459 668 2454
3 2462 2459 2454
3 685 2459 2462
3 683 2462 2454
3 685 2462 2461
3 2459 685 2460
3 2458 2459 2460
3 668 2459 2458
3 684 2458 2460
3 2458 684 669
3 2449 2597 674
3 662 2468 684
3 681 2449 674
3 2445 2450 2447
3 2434 675 2435
3 2433 2434 2435
3 674 2434 2433
3 676 2433 2435
3 2436 2433 676
3 673 2438 2432
3 2432 2437 671
3 673 2432 671
3 676 2438 2436
3 673 671 2428
3 2426 2431 2428
3 672 2431 2430
3 2426 2430 2431
3 2429 2430 2426
3 672 2430 2429
3 2424 2429 2426
3 667 2428 671
3 2428 667 2416
3 2431 673 2428
3 2438 676 2432
3 676 2437 2432
3 2438 677 2439
3 2597 2450 2445
3 2445 2447 2446
3 2444 2445 2446
3 2597 2445 2444
3 2441 678 2476
3 2443 2441 2476
3 2436 2441 2443
3 679 2443 2476
3 2436 2443 2433
3 674 2433 2443
3 2439 677 2442
3 2441 2439 2442
3 2438 2439 2441
3 678 2441 2442
3 2438 2441 2436
3 2431 672 2440
3 2438 2431 2440
3 673 2431 2438
3 677 2438 2440
3 2450 680 2447
3 1682 1706 470
3 1683 1686 473
3 1706 1648 1680
3 138 1025 140
3 140 1025 139
3 138 2077 1025
3 141 1578 1584
3 141 1405 1578
3 1405 344 1578
3 1026 143 1027
3 143 1026 1028
3 144 1053 145
3 145 1053 1029
3 1053 113 1029
3 147 1031 146
3 146 1031 1030
3 1031 1032 1030
3 1031 148 1032
3 138 2076 2077
3 2645 1033 992
3 150 1033 149
3 2645 1034 1033
3 1033 1034 149
3 1035 1036 2627
3 1036 2628 2627
3 151 1288 2629
3 1288 1037 2629
3 1037 1038 2629
3 1023 118 1024
3 125 137 991
3 136 1021 135
3 1021 136 1297
3 2607 123 134
3 2655 2083 1005
3 2083 124 1005
3 302 1006 1008
3 125 1007 1006
3 1006 1007 1008
3 125 1291 1007
3 1007 1291 1009
3 1291 126 1009
3 127 1010 113
3 113 1010 990
3 1010 114 990
3 1037 1562 1038
3 114 1010 128
3 1557 1013 1014
3 2600 2602 130
3 130 2602 1017
3 124 2630 1015
3 1015 2630 1016
3 131 1017 132
3 132 1017 2602
3 123 1018 1293
3 123 1293 134
3 134 1019 1345
3 1345 1019 1020
3 1888 1020 1019
3 1011 129 1012
3 289 2607 134
3 2004 1039 152
3 155 1040 2648
3 1059 2110 1056
3 1056 2110 1057
3 2110 169 1057
3 1058 173 1059
3 173 1058 2228
3 1058 171 2228
3 171 172 2228
3 171 170 1060
3 127 1053 1062
3 1053 144 1062
3 2136 2137 1064
3 168 1055 552
3 552 1055 1065
3 1055 176 1065
3 176 1055 1066
3 128 1067 1970
3 128 1010 1067
3 1067 1010 174
3 1010 127 174
3 1248 1068 1247
3 1247 1068 1069
3 1068 1092 1069
3 1092 1068 1071
3 1248 1070 1068
3 1068 1070 1071
3 170 1056 1057
3 1058 1056 170
3 1059 1056 1058
3 171 1058 170
3 1040 1041 2648
3 1041 2647 2648
3 2647 1041 1043
3 1040 1042 1041
3 1041 1042 1043
3 1042 154 1043
3 1047 2086 157
3 1281 158 1048
3 158 1049 1048
3 1840 1050 162
3 162 1050 1843
3 1050 161 1843
3 1039 153 152
3 1840 1841 1050
3 163 1030 1032
3 146 1030 1051
3 163 1051 1030
3 164 1052 167
3 166 1052 165
3 164 1054 1052
3 1052 1054 165
3 1053 127 113
3 1066 1054 164
3 165 1054 168
3 1066 1055 1054
3 1054 1055 168
3 1841 160 1050
3 1011 1012 1004
3 1003 1011 1004
3 121 1011 1003
3 970 862 864
3 940 55 870
3 55 824 870
3 912 971 911
3 911 971 891
3 912 89 971
3 912 972 898
3 870 825 869
3 825 974 869
3 974 823 869
3 823 974 61
3 830 59 826
3 826 59 58
3 830 973 59
3 61 974 830
3 830 974 973
3 101 872 871
3 58 60 902
3 60 904 975
3 90 901 976
3 901 91 976
3 700 957 701
3 957 91 701
3 55 940 977
3 934 977 940
3 938 862 970
3 76 970 864
3 970 76 939
3 75 970 939
3 897 76 865
3 897 87 76
3 861 821 886
3 1528 958 1527
3 1706 469 1648
3 94 911 960
3 891 960 911
3 891 868 960
3 884 922 819
3 83 818 922
3 922 818 819
3 83 53 818
3 72 978 961
3 83 883 53
3 79 963 71
3 97 965 964
3 964 965 95
3 965 96 95
3 97 98 965
3 938 966 839
3 967 969 968
3 968 848 967
3 848 63 967
3 848 839 63
3 75 966 970
3 970 966 938
3 962 53 883
3 934 869 100
3 934 940 869
3 905 90 976
3 1342 1341 2082
3 110 985 109
3 985 110 2536
3 1922 986 987
3 987 996 988
3 111 1875 989
3 1304 990 114
3 1304 2224 990
3 990 2224 113
3 535 2623 991
3 2645 992 994
3 992 993 994
3 984 1342 2082
3 993 115 994
3 117 996 997
3 996 987 997
3 997 987 116
3 987 986 116
3 998 2663 999
3 1000 2662 998
3 1001 105 1005
3 2223 1002 118
3 119 2512 1002
3 1002 2512 118
3 1016 120 1001
3 121 1003 122
3 115 993 995
3 180 1072 1073
3 1883 984 2082
3 1585 107 1586
3 837 881 860
3 79 71 853
3 879 854 978
3 854 961 978
3 928 73 878
3 979 964 856
3 856 964 95
3 979 97 964
3 977 950 872
3 928 72 935
3 72 928 878
3 854 879 2619
3 107 983 1586
3 855 871 872
3 977 872 73
3 872 101 73
3 72 961 962
3 931 949 933
3 933 949 95
3 949 856 95
3 1831 101 871
3 981 1018 980
3 1018 981 1874
3 2655 1005 106
3 1005 105 106
3 107 1585 982
3 977 73 928
3 179 1072 1074
3 1072 177 1074
3 177 178 1074
3 1154 1155 1142
3 1154 1213 1155
3 1213 1156 1155
3 1213 1392 1156
3 1156 1392 1157
3 1392 234 1157
3 1217 1158 1159
3 235 1159 222
3 1158 2558 1159
3 1159 2558 222
3 237 1160 2519
3 238 1161 1160
3 1160 1161 2519
3 1161 236 2519
3 221 1137 1170
3 1170 1137 1162
3 1137 1171 1162
3 1139 1163 239
3 239 1163 1172
3 1163 1170 1172
3 1163 221 1170
3 225 1143 240
3 240 1143 1176
3 1143 1164 1176
3 1143 224 1164
3 226 1154 1142
3 233 1154 226
3 1152 1153 232
3 1151 1153 1152
3 1157 1138 223
3 1138 1157 1139
3 1157 222 1139
3 1157 223 1156
3 223 1140 1156
3 1140 1155 1156
3 1155 1140 1141
3 1140 224 1141
3 1155 1141 1142
3 224 1142 1141
3 226 1142 225
3 224 1143 1142
3 227 1165 1167
3 1142 1143 225
3 1144 1145 225
3 1145 226 225
3 229 1146 1147
3 1146 1130 1147
3 1130 228 1147
3 228 1130 1148
3 1133 1149 230
3 1133 2152 1149
3 1149 2152 1150
3 2152 220 1150
3 231 1151 1152
3 1211 1152 232
3 1210 1145 1144
3 241 1166 1165
3 1165 1166 1167
3 1166 238 1167
3 1182 240 1175
3 1197 1183 247
3 1183 2165 247
3 1184 2161 1185
3 2161 1184 1187
3 2171 1186 1184
3 1184 1186 1187
3 250 1188 249
3 249 1188 2159
3 1188 1189 2159
3 1189 248 2159
3 253 1191 1190
3 1181 1182 1175
3 1190 1191 1380
3 253 1192 1191
3 1192 251 1191
3 251 1192 1193
3 1193 1192 1194
3 1192 253 1194
3 256 1195 2181
3 1195 255 2181
3 1196 257 1197
3 257 1196 1199
3 258 1198 1196
3 1196 1198 1199
3 257 1200 2180
3 1191 252 1380
3 1136 1137 221
3 241 1182 1181
3 1181 245 1177
3 238 1166 1169
3 241 1168 1166
3 1166 1168 1169
3 1168 242 1169
3 243 1170 2179
3 1170 1162 2179
3 1162 1376 2179
3 1376 1162 1171
3 239 1172 1225
3 243 1172 1170
3 1164 1173 244
3 244 1173 2172
3 245 1181 1175
3 1173 1174 2172
3 245 1175 2175
3 240 1176 1175
3 1175 1176 2175
3 1176 244 2175
3 1176 1164 244
3 246 1177 2170
3 2170 1177 1178
3 1177 245 1178
3 246 1179 1177
3 1179 1180 1177
3 241 1181 1180
3 1180 1181 1177
3 1173 1218 1174
3 72 927 935
3 2156 2157 1135
3 220 2156 1134
3 177 1090 1260
3 1090 195 1260
3 1071 197 1092
3 197 1071 1094
3 1070 1093 1071
3 1071 1093 1094
3 1093 196 1094
3 190 1095 1096
3 189 1096 2142
3 1095 2143 1096
3 1096 2143 2142
3 199 1098 1097
3 1098 198 1097
3 198 1098 1100
3 199 1099 1098
3 1098 1099 1100
3 1416 200 1415
3 200 1075 1415
3 1075 1101 1415
3 1075 182 1101
3 2605 1102 2498
3 2498 1102 201
3 2605 200 1102
3 202 1104 203
3 203 1104 1103
3 1090 177 1091
3 1088 1089 194
3 1086 192 1087
3 1086 1087 2589
3 181 1972 129
3 129 1972 2498
3 1972 2605 2498
3 1972 1973 2605
3 182 183 184
3 182 1075 183
3 185 1077 1076
3 1076 1077 1078
3 204 1079 187
3 1516 1079 186
3 204 2525 1079
3 1079 2525 186
3 1104 1105 1103
3 1092 2515 1069
3 2515 1080 1069
3 1069 1080 1082
3 188 1081 1080
3 1080 1081 1082
3 190 1096 1083
3 1083 1096 189
3 176 1066 1084
3 1977 1084 192
3 1066 1085 1084
3 1084 1085 192
3 1982 1086 193
3 193 1086 2589
3 188 1080 2515
3 1104 1106 1105
3 1104 1928 1106
3 1928 1104 202
3 2153 1121 211
3 2153 1122 1121
3 1121 1122 1123
3 1122 2148 1123
3 1124 180 1125
3 180 1124 1072
3 1124 1091 1072
3 1091 177 1072
3 212 1126 2149
3 215 1127 214
3 215 2154 1127
3 1127 2154 211
3 1120 2514 188
3 2154 2153 211
3 216 1128 1373
3 1146 1371 1128
3 1128 1371 1373
3 1148 1129 218
3 1148 1130 1129
3 1129 1130 217
3 1130 1146 217
3 1148 218 1131
3 218 1132 1131
3 1131 1132 1133
3 1132 219 1133
3 219 2152 1133
3 1146 1128 217
3 1134 2156 1135
3 190 2514 1120
3 190 1120 1095
3 1107 132 1108
3 2625 1109 1018
3 1061 1111 205
3 1061 1110 1111
3 1111 1110 187
3 1110 204 187
3 206 1112 207
3 1112 128 1970
3 114 128 1113
3 119 1113 206
3 128 1112 1113
3 1113 1112 206
3 2146 1120 188
3 208 1115 209
3 1115 1922 1114
3 1922 1115 986
3 1248 1116 1070
3 1070 1116 1117
3 1116 210 1117
3 210 195 1117
3 1070 1117 1093
3 1117 196 1093
3 196 1117 2158
3 1117 195 2158
3 2144 1118 1119
3 1118 2507 1119
3 209 1115 1114
3 1200 1201 2180
3 907 91 957
3 92 957 700
3 795 33 748
3 748 33 747
3 14 747 15
3 14 28 747
3 22 28 14
3 793 28 22
3 734 794 793
3 794 734 791
3 797 795 26
3 797 33 795
3 796 747 33
3 33 797 799
3 797 45 799
3 46 798 799
3 798 796 799
3 796 33 799
3 709 3 708
3 708 3 749
3 801 711 706
3 711 710 706
3 16 790 802
3 802 790 803
3 790 17 803
3 17 792 803
3 17 788 792
3 795 748 723
3 28 4 723
3 28 723 748
3 792 801 800
3 691 2242 696
3 699 701 759
3 32 786 2247
3 32 31 786
3 32 44 762
3 44 32 2247
3 31 764 786
3 786 764 30
3 30 764 760
3 44 787 762
3 762 787 770
3 787 753 770
3 792 788 711
3 753 787 754
3 709 788 3
3 5 789 788
3 788 789 3
3 744 712 790
3 790 712 17
3 712 5 17
3 720 741 24
3 743 744 16
3 4 705 789
3 3 789 705
3 803 792 800
3 711 801 792
3 5 788 17
3 773 782 772
3 788 709 711
3 711 707 710
3 20 814 2677
3 814 20 27
3 27 813 814
3 27 726 813
3 859 815 52
3 51 815 50
3 817 816 51
3 51 816 815
3 816 52 815
3 817 930 816
3 51 50 921
3 54 861 820
3 861 54 821
3 824 55 822
3 55 955 822
3 56 822 57
3 56 824 822
3 824 825 870
3 824 56 825
3 58 827 826
3 58 59 60
3 828 830 829
3 828 61 830
3 974 831 973
3 831 59 973
3 1064 9 718
3 2226 9 1064
3 10 1064 718
3 25 49 11
3 805 728 738
3 23 2667 739
3 738 806 805
3 805 806 807
3 806 48 807
3 738 777 806
3 46 799 45
3 808 797 26
3 808 766 797
3 766 45 797
3 740 730 47
3 47 730 805
3 709 707 711
3 730 728 805
3 46 809 798
3 809 796 798
3 809 2669 767
3 2669 35 767
3 772 2670 773
3 2670 810 773
3 19 18 777
3 48 777 18
3 48 806 777
3 49 812 11
3 719 25 721
3 25 11 721
3 2669 809 46
3 775 9 778
3 772 775 778
3 782 775 772
3 771 813 726
3 737 728 722
3 728 729 722
3 729 739 722
3 728 730 729
3 14 733 22
3 22 733 21
3 734 22 21
3 22 734 793
3 702 735 703
3 703 735 715
3 702 717 735
3 777 736 727
3 777 737 736
3 777 738 737
3 737 738 728
3 730 740 729
3 729 740 739
3 740 23 739
3 720 24 719
3 719 742 25
3 719 24 742
3 704 744 743
3 8 765 26
3 8 7 765
3 771 726 732
3 19 2677 18
3 2677 19 20
3 717 725 716
3 744 704 703
3 703 704 702
3 705 4 28
3 707 709 708
3 712 744 703
3 4 789 714
3 5 714 789
3 5 712 714
3 714 712 715
3 712 703 715
3 7 714 715
3 716 735 717
3 765 7 754
3 735 716 715
3 719 721 720
3 737 722 736
3 795 723 4
3 732 757 731
3 732 726 757
3 15 724 14
3 14 724 733
3 733 724 13
3 744 790 16
3 7 8 714
3 8 4 714
3 8 795 4
3 716 7 715
3 745 20 19
3 20 745 746
3 745 12 746
3 767 35 768
3 765 787 769
3 787 765 754
3 36 755 768
3 768 755 767
3 755 752 767
3 716 770 753
3 762 770 761
3 716 725 770
3 770 725 761
3 725 756 761
3 732 36 771
3 796 809 15
3 732 755 36
3 9 775 774
3 775 782 37
3 782 38 37
3 727 19 777
3 19 727 745
3 2226 778 9
3 772 778 2670
3 41 779 776
3 24 780 742
3 24 779 780
3 780 779 781
3 779 41 781
3 9 774 718
3 974 825 831
3 747 796 15
3 808 765 766
3 27 20 746
3 28 748 747
3 28 793 705
3 793 794 705
3 794 3 705
3 3 794 749
3 21 733 750
3 733 751 750
3 733 13 751
3 13 752 751
3 751 752 713
3 752 6 713
3 765 769 766
3 767 752 13
3 7 753 754
3 6 755 731
3 6 752 755
3 27 746 726
3 32 761 31
3 761 763 31
3 809 724 15
3 724 809 13
3 809 767 13
3 26 795 8
3 761 32 762
3 26 765 808
3 753 7 716
3 825 56 831
3 832 834 833
3 59 835 60
3 100 950 934
3 82 876 926
3 936 935 876
3 876 935 926
3 936 928 935
3 927 72 962
3 937 100 823
3 837 938 839
3 837 860 938
3 87 939 76
3 939 87 75
3 87 1531 75
3 877 832 876
3 833 955 832
3 832 955 876
3 85 86 898
3 86 88 898
3 946 941 98
3 946 2243 941
3 941 2243 698
3 2243 1 698
3 832 942 920
3 942 881 920
3 832 877 942
3 96 965 943
3 977 934 950
3 71 963 99
3 97 937 98
3 96 933 95
3 820 880 916
3 916 880 942
3 880 881 942
3 78 921 919
3 921 78 51
3 78 817 51
3 83 922 917
3 922 884 917
3 884 54 917
3 923 71 924
3 71 923 853
3 79 925 867
3 98 941 965
3 867 925 78
3 79 853 925
3 83 926 883
3 883 926 927
3 926 935 927
3 83 82 926
3 55 977 928
3 923 929 853
3 853 929 930
3 929 923 952
3 874 931 932
3 931 933 932
3 933 96 932
3 925 817 78
3 965 941 943
3 941 2 943
3 2 941 698
3 875 915 882
3 915 875 914
3 875 81 914
3 929 952 874
3 874 952 931
3 931 952 949
3 100 97 950
3 100 937 97
3 823 98 937
3 60 953 904
3 60 835 953
3 835 62 953
3 913 875 882
3 2091 759 954
3 822 955 833
3 57 833 834
3 57 822 833
3 101 956 73
3 101 1834 956
3 71 1830 924
3 74 924 1830
3 928 936 55
3 936 955 55
3 907 976 91
3 906 976 907
3 0 92 700
3 759 901 954
3 877 916 942
3 827 902 903
3 90 93 954
3 57 62 56
3 846 57 834
3 846 62 57
3 944 840 945
3 946 98 61
3 98 823 61
3 830 826 829
3 827 910 826
3 826 910 829
3 827 92 910
3 946 61 828
3 952 948 949
3 58 902 827
3 950 855 872
3 950 97 979
3 52 816 913
3 930 951 816
3 816 951 913
3 951 875 913
3 875 951 873
3 951 930 873
3 930 929 873
3 1612 947 1534
3 947 954 1534
3 836 900 1533
3 90 954 901
3 855 950 979
3 92 907 957
3 82 916 877
3 832 847 918
3 978 878 523
3 523 73 956
3 523 878 73
3 855 979 856
3 913 857 858
3 860 861 862
3 864 862 861
3 860 862 938
3 1531 863 75
3 75 863 966
3 966 863 838
3 76 864 865
3 864 886 865
3 864 861 886
3 78 866 867
3 1311 868 1301
3 868 892 1301
3 892 80 1301
3 869 940 870
3 823 100 869
3 873 929 874
3 81 875 873
3 876 955 936
3 82 877 876
3 847 920 837
3 72 878 978
3 71 99 1830
3 853 817 925
3 930 817 853
3 62 835 56
3 59 831 835
3 835 831 56
3 966 838 839
3 838 851 839
3 851 63 839
3 64 840 841
3 840 944 841
3 841 944 65
3 842 899 68
3 842 68 893
3 66 67 843
3 920 881 837
3 66 2088 67
3 1610 899 1609
3 834 832 846
3 918 847 69
3 847 837 69
3 848 837 839
3 837 848 69
3 848 968 69
3 63 849 967
3 64 850 840
3 64 851 850
3 850 851 852
3 851 70 852
3 846 918 844
3 880 860 881
3 880 820 860
3 820 861 860
3 827 903 92
3 903 907 92
3 828 2243 946
3 1 2243 692
3 828 2244 2243
3 2243 2244 692
3 694 908 693
3 829 909 908
3 908 909 693
3 909 0 693
3 0 909 92
3 829 910 909
3 904 953 1535
3 909 910 92
3 2089 911 94
3 913 858 52
3 858 859 52
3 914 696 915
3 696 914 697
3 914 81 697
3 83 917 82
3 82 917 916
3 917 820 916
3 917 54 820
3 832 918 846
3 78 919 866
3 911 2089 912
3 832 920 847
3 899 842 895
3 912 898 89
3 899 895 1609
3 913 882 857
3 883 927 962
3 54 884 821
3 884 885 821
3 886 821 885
3 62 84 953
3 894 888 1611
3 894 887 888
3 85 889 86
3 86 889 890
3 889 70 890
3 898 88 89
3 70 889 852
3 892 868 891
3 842 900 895
3 68 899 969
3 899 1610 969
3 845 893 68
3 894 1611 843
3 1611 66 843
3 846 1608 62
3 1528 1529 958
3 87 896 1529
3 1529 896 958
3 87 897 896
3 889 85 852
3 2250 1202 2183
3 814 2679 2678
3 1202 260 2182
3 1523 292 1522
3 80 1524 1523
3 1523 1524 292
3 1524 102 292
3 1524 77 102
3 77 1524 1525
3 80 892 1524
3 1524 892 1525
3 1525 1526 77
3 1525 892 1526
3 892 891 1526
3 1527 89 1528
3 89 1527 971
3 1527 1526 971
3 1526 891 971
3 87 1529 1530
3 1529 88 1530
3 1529 1528 88
3 1528 89 88
3 1530 1531 87
3 88 86 1530
3 1530 86 1531
3 86 890 1531
3 1531 890 863
3 890 838 863
3 80 1523 1522
3 293 80 1522
3 1298 291 293
3 1298 293 1522
3 411 2212 1510
3 2212 1511 1510
3 2212 410 1511
3 413 2205 412
3 413 412 1512
3 1512 414 1513
3 205 1514 414
3 205 1111 1514
3 1514 1111 415
3 1111 187 415
3 187 1515 415
3 187 1079 1515
3 838 890 70
3 1515 1079 1516
3 1517 2502 1518
3 1518 2502 1519
3 2502 325 1519
3 1241 2610 1243
3 2610 416 1243
3 416 1520 1243
3 185 1521 1077
3 1521 185 742
3 185 25 742
3 292 1503 1522
3 1296 1298 1503
3 1503 1298 1522
3 2232 1517 1518
3 408 1511 1509
3 838 70 851
3 63 64 849
3 1554 1549 1576
3 1282 1555 2085
3 2085 1555 424
3 1557 423 1558
3 1557 1014 1556
3 1288 1560 1037
3 1560 1561 1037
3 1561 1562 1037
3 1561 1950 1562
3 1560 142 1561
3 142 1950 1561
3 142 1028 1950
3 1028 1026 1950
3 143 1563 1027
3 1027 1563 1564
3 1565 348 269
3 348 1565 1493
3 1013 1566 1559
3 1559 1566 286
3 1566 1567 286
3 1567 1013 1275
3 1567 1566 1013
3 1048 1568 1282
3 1282 1568 1555
3 1568 1558 1555
3 1552 569 1553
3 1552 1553 2064
3 422 1552 2064
3 2038 1552 422
3 64 841 849
3 849 841 1532
3 841 65 1532
3 1532 65 887
3 894 843 845
3 845 843 893
3 843 67 893
3 1504 959 1533
3 1533 959 836
3 959 1612 836
3 953 84 1534
3 1612 1534 84
3 63 851 64
3 93 1535 954
3 1535 953 1534
3 1541 1987 275
3 318 1542 1352
3 1542 1544 1352
3 1542 1543 1544
3 1545 1405 1546
3 1405 1545 2659
3 141 1584 1547
3 1548 1576 1549
3 1576 1548 420
3 2063 1551 1550
3 1550 1551 421
3 954 1535 1534
3 1507 408 1509
3 409 1507 1509
3 1507 409 1508
3 1430 1474 389
3 1475 1428 356
3 1458 1457 1445
3 383 1457 393
3 380 308 1476
3 309 379 1477
3 274 1477 1442
3 379 1480 1477
3 1477 1480 1442
3 305 1324 1444
3 1455 1478 1324
3 1324 1478 1444
3 1455 1450 1478
3 1467 1479 376
3 1467 2074 1479
3 1479 2074 401
3 376 1442 1480
3 1480 379 369
3 397 1481 371
3 397 1468 1481
3 1481 1468 376
3 1468 1467 376
3 1908 1912 1424
3 1424 1912 1482
3 1912 393 1482
3 1473 362 375
3 1472 1473 375
3 399 1473 1472
3 399 1472 2070
3 1600 1453 392
3 391 1454 1453
3 1453 1454 392
3 1449 312 387
3 312 1449 1422
3 1450 1455 1449
3 1449 1455 1422
3 311 1454 391
3 392 1454 310
3 311 1327 1454
3 1454 1327 310
3 393 1457 1456
3 441 1484 396
3 1457 1458 1456
3 381 382 1462
3 1462 355 1463
3 1465 357 1466
3 1468 1432 1467
3 1432 1468 397
3 372 1469 1435
3 1469 398 1435
3 398 1436 1435
3 1459 1470 395
3 1459 1471 1470
3 1470 1471 374
3 1471 367 374
3 394 1459 1460
3 396 1484 1483
3 1484 353 1483
3 364 1436 1485
3 1495 1286 1496
3 394 1498 1459
3 1459 1498 1471
3 1498 367 1471
3 1498 1625 367
3 1905 1499 1464
3 1905 1906 1499
3 1499 1906 359
3 1906 350 359
3 1497 380 1476
3 403 208 1500
3 208 1501 1500
3 1420 1495 1496
3 1501 268 1500
3 406 1101 299
3 1502 23 740
3 23 1502 182
3 300 1314 1502
3 1502 1314 182
3 900 1504 1533
3 67 1504 893
3 900 842 1504
3 1504 842 893
3 810 1506 1505
3 408 1507 407
3 407 1507 1508
3 268 1501 1232
3 1558 423 1555
3 348 1495 1420
3 1494 2641 1339
3 1436 1619 1485
3 1485 1619 368
3 1619 366 368
3 389 1486 1450
3 1450 1486 1478
3 2067 1440 1486
3 1486 1440 1478
3 1440 1444 1478
3 362 1473 1487
3 1473 402 1487
3 402 1473 1488
3 1473 399 1488
3 2641 2643 1339
3 1896 399 1447
3 986 1489 116
3 403 1489 208
3 986 1115 1489
3 1489 1115 208
3 2634 1491 1490
3 2634 2630 1491
3 2633 1337 2635
3 1337 1492 2635
3 1492 1882 2635
3 1882 1492 405
3 1235 1494 315
3 315 1494 1339
3 1896 1488 399
3 1049 1569 1048
3 1048 1569 1568
3 1569 425 1568
3 1629 437 1642
3 1699 1630 437
3 1699 1711 1630
3 1630 1711 1639
3 1711 438 1639
3 440 1917 482
3 440 1633 1917
3 1917 1633 1627
3 1631 1635 1632
3 441 1634 1633
3 1633 1634 439
3 354 1427 442
3 1427 1635 1631
3 1427 355 1635
3 443 1636 1637
3 1635 1638 1632
3 1635 1637 1638
3 1638 1637 1639
3 1637 1636 1639
3 445 1628 1640
3 1640 1628 444
3 383 1641 1914
3 1641 1642 1914
3 1642 1915 1914
3 383 1643 1641
3 1698 1629 1642
3 1641 1698 1642
3 364 1485 1626
3 1898 1626 1485
3 434 1446 1447
3 434 1613 1446
3 1613 1437 1446
3 1446 1437 1616
3 1437 372 1616
3 1617 398 1618
3 2072 1619 1617
3 1617 1619 398
3 1619 1436 398
3 365 358 1893
3 358 1465 1893
3 1893 1465 1895
3 1643 1426 444
3 1465 1466 1895
3 1466 1621 1620
3 351 352 1621
3 352 1620 1621
3 359 361 1499
3 361 1622 1499
3 1622 1464 1499
3 1464 1622 1623
3 1898 1485 1624
3 368 1624 1485
3 360 1624 1625
3 368 366 1624
3 1624 366 1625
3 1466 1620 1895
3 435 1644 1916
3 1916 1644 1698
3 1911 1645 443
3 1666 478 1667
3 478 1668 1667
3 460 1649 1670
3 1649 1651 1670
3 1651 1652 1670
3 1670 1652 1671
3 1671 1652 461
3 1653 1672 462
3 1820 1651 1673
3 1651 1819 1673
3 1651 446 1819
3 452 1675 1674
3 1664 1666 1665
3 1674 1675 456
3 452 1676 1675
3 1675 1676 465
3 452 464 1676
3 466 1678 468
3 468 1678 1744
3 1678 467 1744
3 466 1679 1678
3 469 1706 1681
3 452 1824 464
3 452 1657 1824
3 1824 1657 470
3 1657 1682 470
3 456 1675 465
3 363 384 1613
3 475 1664 1665
3 1661 450 451
3 1646 1693 1647
3 469 1684 1648
3 1648 1684 1740
3 446 1649 1669
3 1649 446 1651
3 1651 1820 1652
3 448 1655 1653
3 1655 449 1653
3 448 1654 1655
3 1654 1826 1655
3 1655 1826 449
3 1826 1827 449
3 459 1663 458
3 450 1656 451
3 1656 448 1653
3 454 1658 453
3 453 1658 1827
3 1658 449 1827
3 449 1658 1653
3 1815 455 1659
3 457 1662 1661
3 1662 450 1661
3 1662 448 450
3 457 1661 1710
3 1710 1661 1677
3 1661 451 1677
3 450 448 1656
3 391 1453 390
3 1616 372 1434
3 1614 1607 1615
3 156 433 1046
3 433 1576 1046
3 1554 1576 433
3 1549 1554 1584
3 1554 1993 1584
3 1584 1993 1547
3 1585 1587 1289
3 1587 126 1289
3 1588 126 1587
3 126 1588 1573
3 1588 1572 1573
3 1572 1588 1589
3 1590 1558 425
3 1558 1590 1557
3 1275 1013 1590
3 2183 1202 2182
3 142 1277 1028
3 1028 1277 143
3 1277 425 143
3 425 1277 1590
3 1277 1275 1590
3 425 1569 143
3 1049 1591 1569
3 1569 1591 143
3 143 1591 1563
3 432 1583 431
3 427 421 1551
3 1579 427 1551
3 2063 1579 1551
3 425 1558 1568
3 1288 1570 1560
3 1560 1570 1276
3 1570 1567 1276
3 1330 1571 1572
3 1007 1572 1571
3 1007 1009 1572
3 1572 1009 1573
3 1009 126 1573
3 269 1238 1565
3 1565 1238 1423
3 1238 1330 1423
3 1049 159 1591
3 1330 1238 1571
3 348 1493 1559
3 321 1357 1575
3 1357 1574 1575
3 1574 1538 1575
3 1538 1539 1575
3 1046 1576 426
3 426 1576 420
3 1548 1578 1577
3 427 1579 320
3 320 1579 1356
3 1579 1580 1356
3 1579 2063 1580
3 1238 1007 1571
3 159 1563 1591
3 1563 159 1351
3 278 1592 1593
3 390 1607 1606
3 1606 1607 385
3 1608 84 62
3 1608 836 84
3 900 1608 844
3 844 1608 846
3 1609 895 900
3 900 844 1609
3 1610 918 69
3 1610 968 969
3 1610 69 968
3 849 969 967
3 1606 385 1452
3 969 849 845
3 1609 844 1610
3 1610 844 918
3 887 65 888
3 836 1608 900
3 947 1612 959
3 784 947 2092
3 845 68 969
3 845 887 894
3 845 1532 887
3 836 1612 84
3 384 1614 1613
3 1614 1615 1613
3 849 1532 845
3 1446 1616 1894
3 1605 1606 1452
3 391 390 1605
3 1350 1593 1592
3 1350 1351 1593
3 1593 1351 1594
3 1351 159 1594
3 310 1595 1596
3 1595 1847 1596
3 1596 1847 1597
3 1847 314 1597
3 378 1599 1598
3 1598 1599 310
3 1599 392 310
3 378 377 1599
3 390 1606 1605
3 1599 1600 392
3 1599 386 1600
3 386 1601 373
3 1618 1601 401
3 386 2069 1601
3 1601 2069 401
3 426 1602 1603
3 311 1945 277
3 311 1604 1945
3 1945 1604 1943
3 1604 313 1943
3 311 391 1605
3 313 1605 1452
3 401 1599 377
3 312 2066 387
3 1590 1013 1557
3 1452 2066 1328
3 1285 348 1559
3 1284 1285 1559
3 286 1284 1559
3 1281 1282 1283
3 1048 1282 1281
3 1846 1281 1283
3 1279 191 1280
3 285 1278 1280
3 1276 1277 142
3 1275 1277 1276
3 1560 1276 142
3 1567 1275 1276
3 1035 2627 2632
3 170 1359 1363
3 1359 2185 1363
3 1304 114 1364
3 114 1113 1364
3 1364 1113 119
3 328 1365 327
3 1365 1366 327
3 1367 215 214
3 1151 1369 1368
3 1151 1370 1369
3 229 1371 1146
3 229 1372 1371
3 348 1285 1495
3 1284 1286 1285
3 1285 1286 1495
3 286 1287 1284
3 1299 1310 136
3 104 1310 1299
3 1297 1298 1296
3 291 1298 1297
3 291 1297 136
3 290 1295 1294
3 1888 1294 1020
3 133 134 1293
3 1109 1293 1018
3 133 1293 1109
3 2601 1292 2665
3 126 1291 1290
3 1371 1372 1373
3 1289 1290 982
3 1585 1289 982
3 1243 1362 1097
3 1362 1520 325
3 1061 1060 326
3 170 1363 1060
3 1060 1363 326
3 151 287 1287
3 1288 151 1287
3 1567 1288 1287
3 1288 1567 1570
3 286 1567 1287
3 1284 1287 287
3 126 1290 1289
3 1310 291 136
3 1372 232 1373
3 1148 1131 1214
3 1388 285 1389
3 285 1388 1278
3 228 1215 1147
3 233 1390 1215
3 1215 1390 1147
3 1390 229 1147
3 229 1390 1391
3 233 1307 1390
3 1390 1307 1391
3 1307 262 1391
3 230 1392 1213
3 230 1149 1392
3 1392 1149 234
3 1149 1150 234
3 122 1003 335
3 336 1393 1856
3 336 2538 1393
3 1393 2538 1394
3 2538 337 1394
3 295 1395 1396
3 1395 1864 1396
3 1396 1864 338
3 339 1397 1398
3 145 1029 1397
3 1397 1029 1398
3 1100 1388 1389
3 198 1100 1389
3 1099 199 1387
3 1385 1099 1387
3 1131 230 1214
3 1131 1133 230
3 1135 1374 263
3 1375 266 1376
3 1039 1035 2632
3 153 1039 2632
3 2646 2647 1043
3 1273 2646 1043
3 329 1377 265
3 330 1378 1377
3 1377 1378 265
3 330 331 1378
3 228 1148 1214
3 149 2646 1273
3 2169 1379 1380
3 1379 332 1380
3 248 1189 1379
3 258 1383 1198
3 1198 1383 1205
3 1383 255 1205
3 2523 1384 333
3 333 1384 1082
3 1384 1303 1082
3 1303 272 1082
3 1385 334 1386
3 334 1385 1387
3 248 1379 2169
3 1029 1399 1398
3 293 1300 80
3 198 1243 1097
3 2628 1036 1336
3 1036 1335 1336
3 1335 2633 1336
3 2633 1335 1337
3 1338 124 2083
3 115 995 2644
3 995 1339 2644
3 1339 2643 2644
3 995 1340 1339
3 1340 315 1339
3 1233 1341 1234
3 1341 1342 1234
3 120 2634 1933
3 1933 2634 1343
3 2634 985 1343
3 267 1344 1233
3 1233 1344 1341
3 104 1346 316
3 104 1299 1346
3 1346 1299 135
3 1299 136 135
3 117 1347 996
3 283 1347 1270
3 117 1348 1347
3 1347 1348 1270
3 302 1334 1333
3 137 1333 1022
3 1331 1332 314
3 160 1332 1331
3 2675 1315 301
3 2676 1076 1315
3 2498 201 1316
3 302 1237 1317
3 1317 1237 1318
3 1314 299 1101
3 1237 1236 1318
3 1107 1319 132
3 303 1319 1309
3 1107 1929 1319
3 1319 1929 1309
3 1320 1884 1885
3 1348 284 1270
3 1256 2636 1320
3 1108 1322 2604
3 1322 1001 2604
3 1323 2039 1582
3 2039 304 1582
3 1324 307 1455
3 307 1324 1839
3 1324 305 1839
3 305 306 1839
3 1329 1330 1572
3 161 1050 1331
3 160 1331 1050
3 1594 1331 314
3 1321 1884 1320
3 1520 1362 1243
3 996 1349 988
3 1349 1347 283
3 1364 119 1306
3 1305 1364 1306
3 1304 1364 1305
3 295 1304 1305
3 294 273 1302
3 322 1408 1410
3 1302 272 1303
3 2540 1302 1303
3 1061 205 1060
3 205 2229 1060
3 2229 171 1060
3 294 1302 2540
3 104 1311 1301
3 1300 1301 80
3 104 1301 1300
3 2229 172 171
3 2185 1358 323
3 169 1358 1057
3 2185 1359 1358
3 1358 1359 1057
3 1359 170 1057
3 121 1360 324
3 121 1023 1360
3 1360 1023 1361
3 1023 1024 1361
3 233 226 1307
3 226 1145 1307
3 1145 262 1307
3 262 1145 1210
3 317 1350 1844
3 317 1564 1350
3 1350 1564 1351
3 1564 1563 1351
3 319 318 1352
3 318 319 1354
3 319 1353 1354
3 1353 2565 1354
3 320 1356 1355
3 1407 1408 321
3 321 1408 1357
3 1408 322 1357
3 996 1347 1349
3 182 1314 1101
3 104 297 1311
3 297 104 2098
3 2099 297 2098
3 103 2099 2098
3 1310 1300 293
3 104 1300 1310
3 291 1310 293
3 1309 2679 813
3 771 1309 813
3 296 2674 1308
3 1308 18 2677
3 296 1308 2677
3 1312 1414 1313
3 154 1273 1043
3 2066 312 1328
3 1029 113 1399
3 2177 1225 1227
3 252 1178 1224
3 1223 252 1224
3 1185 1223 1224
3 2161 1223 1185
3 1220 1222 1179
3 264 1222 1220
3 246 1220 1179
3 1220 246 1221
3 1219 1173 1164
3 1218 1173 1219
3 224 1219 1164
3 1219 224 1140
3 1218 1219 1140
3 223 1218 1140
3 1144 225 240
3 1435 364 1431
3 364 1435 1436
3 372 1615 373
3 372 1437 1615
3 1615 1437 1613
3 367 1438 374
3 227 1144 240
3 227 240 1182
3 1165 227 1182
3 1225 1226 1227
3 367 1432 1438
3 1226 1229 1227
3 1225 1172 1226
3 2676 1315 2675
3 351 1425 352
3 1463 1428 357
3 357 1428 1902
3 1463 1909 1428
3 1428 1909 356
3 1892 1458 1891
3 1458 1903 1891
3 1903 358 1891
3 359 1429 361
3 359 1901 1429
3 1429 1901 360
3 1430 363 2070
3 1434 1431 365
3 1625 366 367
3 366 1432 367
3 369 1433 371
3 371 1433 2065
3 1433 370 2065
3 370 1433 380
3 372 1435 1434
3 1434 1435 1431
3 265 1228 1230
3 1228 265 1229
3 1226 1172 243
3 1229 1226 243
3 1228 266 1230
3 376 1441 1442
3 376 1479 1441
3 1154 233 1215
3 1214 1154 1215
3 1213 1154 1214
3 228 1214 1215
3 230 1213 1214
3 1209 1211 1212
3 237 1211 1209
3 262 1209 1212
3 1209 262 1210
3 1208 1209 1210
3 237 1209 1208
3 257 1207 1200
3 1207 257 1199
3 313 1452 1328
3 261 1207 1199
3 1198 261 1199
3 1205 1204 1206
3 255 1204 1205
3 261 1205 1206
3 1198 1205 261
3 1204 255 1195
3 1203 1204 1195
3 256 1203 1195
3 1203 256 260
3 260 256 2182
3 2066 388 387
3 378 1441 377
3 385 2066 1452
3 389 1449 1451
3 1441 1479 377
3 379 1433 369
3 379 1326 1433
3 1433 1326 380
3 1444 1439 1443
3 1444 1440 1439
3 1440 2067 1439
3 378 1250 1441
3 1441 1250 1442
3 1250 274 1442
3 305 1443 1413
3 305 1444 1443
3 309 1326 379
3 380 1326 308
3 241 1165 1182
3 1216 2568 263
3 1458 1445 1910
3 381 1910 382
3 1894 1447 1446
3 390 1448 1607
3 1150 2568 1216
3 235 1216 263
3 1150 1216 234
3 388 1449 387
3 1449 389 1450
3 1451 1449 388
3 1231 1851 2216
3 1907 1908 1424
3 167 1052 1231
3 280 1871 1267
3 280 1267 282
3 1266 166 165
3 1266 165 1265
3 145 1266 1265
3 144 145 1265
3 1265 1264 144
3 168 1264 1265
3 165 168 1265
3 1264 168 552
3 144 1264 1062
3 1267 1871 281
3 1261 1263 2105
3 279 1261 2105
3 1261 279 1262
3 1260 1261 1262
3 210 1261 1260
3 178 1260 1262
3 178 177 1260
3 1260 195 210
3 278 1258 1259
3 1842 1258 278
3 277 1258 1842
3 1851 1231 166
3 210 1263 1261
3 283 1269 1268
3 1269 1051 1268
3 1269 146 1051
3 301 270 1400
3 270 301 1078
3 301 1315 1078
3 1315 1076 1078
3 190 1402 1403
3 1403 333 1081
3 210 1116 1263
3 1248 1404 1116
3 1116 1404 1263
3 1248 273 1404
3 1047 1283 2086
3 2086 1283 2085
3 1283 1282 2085
3 1047 1846 1283
3 1273 154 1274
3 149 1273 1274
3 150 149 1274
3 1272 147 146
3 1271 1272 146
3 1405 1406 344
3 284 1272 1271
3 1271 146 1269
3 1270 1271 1269
3 284 1271 1270
3 283 1270 1269
3 1885 1257 1255
3 1320 1255 1256
3 1595 1842 278
3 1541 275 1254
3 1411 1412 162
3 1412 1840 162
3 1413 306 305
3 1234 268 1233
3 1101 1414 1415
3 1414 1312 1415
3 1415 1312 1416
3 1312 298 1416
3 347 1417 1418
3 1417 2513 1418
3 1418 2513 1419
3 1885 1255 1320
3 2513 186 1419
3 269 1420 1236
3 1420 1496 1236
3 307 1421 1422
3 1421 545 1422
3 545 312 1422
3 349 1907 350
3 1232 267 1233
3 268 1232 1233
3 267 1232 1490
3 1491 267 1490
3 1231 1052 166
3 348 1420 269
3 1408 1409 1410
3 1409 346 1410
3 1241 1243 1242
3 1541 1254 276
3 2631 418 1253
3 275 1252 1251
3 1987 1252 275
3 1250 378 1597
3 1069 272 1302
3 1247 1069 1302
3 273 1247 1302
3 1247 273 1248
3 1244 1245 271
3 191 1244 271
3 1243 198 1242
3 270 1241 1242
3 1075 200 1240
3 2199 2675 301
3 1929 2679 1309
3 1107 1239 1929
3 1237 302 1008
3 1007 1237 1008
3 1237 1007 1238
3 1236 1237 1238
3 269 1236 1238
3 1342 1235 1234
3 1075 1240 183
3 345 1408 1407
3 345 1409 1408
3 370 380 1497
3 1778 1807 509
3 2264 2265 2342
3 731 755 732
3 99 879 1833
3 1109 2097 2657
3 2657 1837 1109
3 1837 2101 133
